kotlin version: 2.0.21
error message: org.jetbrains.kotlin.backend.common.BackendException: Backend Internal error: Exception during IR lowering
File being compiled: /Users/shivangi/Documents/Practice/Nuzio/app/src/main/java/com/nuzio/newsapp/ui/MainActivity.kt
The root cause java.lang.RuntimeException was thrown at: org.jetbrains.kotlin.backend.jvm.codegen.FunctionCodegen.generate(FunctionCodegen.kt:47)
	at org.jetbrains.kotlin.backend.common.CodegenUtil.reportBackendException(CodegenUtil.kt:253)
	at org.jetbrains.kotlin.backend.common.CodegenUtil.reportBackendException$default(CodegenUtil.kt:236)
	at org.jetbrains.kotlin.backend.common.phaser.PerformByIrFilePhase.invokeSequential(performByIrFile.kt:65)
	at org.jetbrains.kotlin.backend.common.phaser.PerformByIrFilePhase.invoke(performByIrFile.kt:52)
	at org.jetbrains.kotlin.backend.common.phaser.PerformByIrFilePhase.invoke(performByIrFile.kt:38)
	at org.jetbrains.kotlin.backend.common.phaser.NamedCompilerPhase.phaseBody(CompilerPhase.kt:166)
	at org.jetbrains.kotlin.backend.common.phaser.AbstractNamedCompilerPhase.invoke(CompilerPhase.kt:113)
	at org.jetbrains.kotlin.backend.common.phaser.CompositePhase.invoke(PhaseBuilders.kt:27)
	at org.jetbrains.kotlin.backend.common.phaser.CompositePhase.invoke(PhaseBuilders.kt:14)
	at org.jetbrains.kotlin.backend.common.phaser.NamedCompilerPhase.phaseBody(CompilerPhase.kt:166)
	at org.jetbrains.kotlin.backend.common.phaser.AbstractNamedCompilerPhase.invoke(CompilerPhase.kt:113)
	at org.jetbrains.kotlin.backend.common.phaser.CompilerPhaseKt.invokeToplevel(CompilerPhase.kt:62)
	at org.jetbrains.kotlin.backend.jvm.JvmIrCodegenFactory.invokeCodegen(JvmIrCodegenFactory.kt:371)
	at org.jetbrains.kotlin.codegen.CodegenFactory.generateModule(CodegenFactory.kt:47)
	at org.jetbrains.kotlin.backend.jvm.JvmIrCodegenFactory.generateModuleInFrontendIRMode(JvmIrCodegenFactory.kt:433)
	at org.jetbrains.kotlin.cli.jvm.compiler.pipeline.JvmCompilerPipelineKt.generateCodeFromIr(jvmCompilerPipeline.kt:246)
	at org.jetbrains.kotlin.cli.jvm.compiler.pipeline.JvmCompilerPipelineKt.compileModulesUsingFrontendIrAndLightTree(jvmCompilerPipeline.kt:142)
	at org.jetbrains.kotlin.cli.jvm.K2JVMCompiler.doExecute(K2JVMCompiler.kt:148)
	at org.jetbrains.kotlin.cli.jvm.K2JVMCompiler.doExecute(K2JVMCompiler.kt:43)
	at org.jetbrains.kotlin.cli.common.CLICompiler.execImpl(CLICompiler.kt:103)
	at org.jetbrains.kotlin.cli.common.CLICompiler.execImpl(CLICompiler.kt:49)
	at org.jetbrains.kotlin.cli.common.CLITool.exec(CLITool.kt:101)
	at org.jetbrains.kotlin.incremental.IncrementalJvmCompilerRunner.runCompiler(IncrementalJvmCompilerRunner.kt:464)
	at org.jetbrains.kotlin.incremental.IncrementalJvmCompilerRunner.runCompiler(IncrementalJvmCompilerRunner.kt:73)
	at org.jetbrains.kotlin.incremental.IncrementalCompilerRunner.doCompile(IncrementalCompilerRunner.kt:506)
	at org.jetbrains.kotlin.incremental.IncrementalCompilerRunner.compileImpl(IncrementalCompilerRunner.kt:423)
	at org.jetbrains.kotlin.incremental.IncrementalCompilerRunner.tryCompileIncrementally$lambda$9$compile(IncrementalCompilerRunner.kt:249)
	at org.jetbrains.kotlin.incremental.IncrementalCompilerRunner.tryCompileIncrementally(IncrementalCompilerRunner.kt:267)
	at org.jetbrains.kotlin.incremental.IncrementalCompilerRunner.compile(IncrementalCompilerRunner.kt:120)
	at org.jetbrains.kotlin.daemon.CompileServiceImplBase.execIncrementalCompiler(CompileServiceImpl.kt:675)
	at org.jetbrains.kotlin.daemon.CompileServiceImplBase.access$execIncrementalCompiler(CompileServiceImpl.kt:92)
	at org.jetbrains.kotlin.daemon.CompileServiceImpl.compile(CompileServiceImpl.kt:1660)
	at java.base/jdk.internal.reflect.DirectMethodHandleAccessor.invoke(Unknown Source)
	at java.base/java.lang.reflect.Method.invoke(Unknown Source)
	at java.rmi/sun.rmi.server.UnicastServerRef.dispatch(Unknown Source)
	at java.rmi/sun.rmi.transport.Transport$1.run(Unknown Source)
	at java.rmi/sun.rmi.transport.Transport$1.run(Unknown Source)
	at java.base/java.security.AccessController.doPrivileged(Unknown Source)
	at java.rmi/sun.rmi.transport.Transport.serviceCall(Unknown Source)
	at java.rmi/sun.rmi.transport.tcp.TCPTransport.handleMessages(Unknown Source)
	at java.rmi/sun.rmi.transport.tcp.TCPTransport$ConnectionHandler.run0(Unknown Source)
	at java.rmi/sun.rmi.transport.tcp.TCPTransport$ConnectionHandler.lambda$run$0(Unknown Source)
	at java.base/java.security.AccessController.doPrivileged(Unknown Source)
	at java.rmi/sun.rmi.transport.tcp.TCPTransport$ConnectionHandler.run(Unknown Source)
	at java.base/java.util.concurrent.ThreadPoolExecutor.runWorker(Unknown Source)
	at java.base/java.util.concurrent.ThreadPoolExecutor$Worker.run(Unknown Source)
	at java.base/java.lang.Thread.run(Unknown Source)
Caused by: java.lang.RuntimeException: Exception while generating code for:
FUN name:onCreate visibility:protected modality:OPEN <> ($this:com.nuzio.newsapp.ui.MainActivity, savedInstanceState:android.os.Bundle?) returnType:kotlin.Unit
  annotations:
    OptIn(markerClass = [CLASS_REFERENCE 'CLASS IR_EXTERNAL_DECLARATION_STUB ANNOTATION_CLASS name:ExperimentalAnimationApi modality:OPEN visibility:public superTypes:[kotlin.Annotation]' type=kotlin.reflect.KClass<androidx.compose.animation.ExperimentalAnimationApi>])
  overridden:
    protected/*protected and package*/ open fun onCreate (p0: @[EnhancedNullability] android.os.Bundle?): kotlin.Unit declared in androidx.activity.ComponentActivity
  $this: VALUE_PARAMETER name:<this> type:com.nuzio.newsapp.ui.MainActivity
  VALUE_PARAMETER name:savedInstanceState index:0 type:android.os.Bundle?
  BLOCK_BODY
    CALL 'protected/*protected and package*/ open fun onCreate (p0: @[EnhancedNullability] android.os.Bundle?): kotlin.Unit declared in androidx.activity.ComponentActivity' superQualifier='CLASS IR_EXTERNAL_JAVA_DECLARATION_STUB CLASS name:ComponentActivity modality:OPEN visibility:public superTypes:[androidx.core.app.ComponentActivity; androidx.activity.contextaware.ContextAware; androidx.lifecycle.LifecycleOwner; androidx.lifecycle.ViewModelStoreOwner; androidx.lifecycle.HasDefaultViewModelProviderFactory; androidx.savedstate.SavedStateRegistryOwner; androidx.activity.OnBackPressedDispatcherOwner; androidx.activity.result.ActivityResultRegistryOwner; androidx.activity.result.ActivityResultCaller; androidx.core.content.OnConfigurationChangedProvider; androidx.core.content.OnTrimMemoryProvider; androidx.core.app.OnNewIntentProvider; androidx.core.app.OnMultiWindowModeChangedProvider; androidx.core.app.OnPictureInPictureModeChangedProvider; androidx.core.view.MenuHost; androidx.activity.FullyDrawnReporterOwner]' type=kotlin.Unit origin=null
      $this: GET_VAR '<this>: com.nuzio.newsapp.ui.MainActivity declared in com.nuzio.newsapp.ui.MainActivity.onCreate' type=com.nuzio.newsapp.ui.MainActivity origin=null
      p0: GET_VAR 'savedInstanceState: android.os.Bundle? declared in com.nuzio.newsapp.ui.MainActivity.onCreate' type=android.os.Bundle? origin=null
    COMPOSITE type=kotlin.Unit origin=null
      CALL 'public open fun initializeApp (p0: @[EnhancedNullability] android.content.Context): @[EnhancedNullability] com.google.firebase.FirebaseApp? declared in com.google.firebase.FirebaseApp' type=@[EnhancedNullability] com.google.firebase.FirebaseApp? origin=null
        p0: CALL 'public open fun getApplicationContext (): @[FlexibleNullability] android.content.Context? [fake_override] declared in com.nuzio.newsapp.ui.MainActivity' type=@[FlexibleNullability] android.content.Context? origin=GET_PROPERTY
          $this: GET_VAR '<this>: com.nuzio.newsapp.ui.MainActivity declared in com.nuzio.newsapp.ui.MainActivity.onCreate' type=com.nuzio.newsapp.ui.MainActivity origin=null
      COMPOSITE type=kotlin.Unit origin=null
    CALL 'public final fun setContent$default (parent: androidx.compose.runtime.CompositionContext?, content: kotlin.Function2<androidx.compose.runtime.Composer, kotlin.Int, kotlin.Unit>, $mask0: kotlin.Int, $handler: kotlin.Any?): kotlin.Unit declared in androidx.activity.compose.ComponentActivityKt' type=kotlin.Unit origin=DEFAULT_DISPATCH_CALL
      $receiver: GET_VAR '<this>: com.nuzio.newsapp.ui.MainActivity declared in com.nuzio.newsapp.ui.MainActivity.onCreate' type=com.nuzio.newsapp.ui.MainActivity origin=null
      parent: COMPOSITE type=androidx.compose.runtime.CompositionContext? origin=DEFAULT_VALUE
        CONST Null type=androidx.compose.runtime.CompositionContext? value=null
      content: CALL 'public final fun composableLambdaInstance (key: kotlin.Int, tracked: kotlin.Boolean, block: kotlin.Any): androidx.compose.runtime.internal.ComposableLambda declared in androidx.compose.runtime.internal.ComposableLambdaKt' type=androidx.compose.runtime.internal.ComposableLambda origin=null
        key: CONST Int type=kotlin.Int value=1180930604
        tracked: CONST Boolean type=kotlin.Boolean value=true
        block: BLOCK type=com.nuzio.newsapp.ui.MainActivity.onCreate.<no name provided> origin=null
          CLASS LAMBDA_IMPL CLASS name:<no name provided> modality:FINAL visibility:public/*package*/ superTypes:[kotlin.Any; kotlin.Function2<androidx.compose.runtime.Composer, kotlin.Int, kotlin.Unit>]
            $this: VALUE_PARAMETER INSTANCE_RECEIVER name:<this> type:com.nuzio.newsapp.ui.MainActivity.onCreate.<no name provided>
            CONSTRUCTOR GENERATED_MEMBER_IN_CALLABLE_REFERENCE visibility:public/*package*/ <> (this$0:com.nuzio.newsapp.ui.MainActivity) returnType:com.nuzio.newsapp.ui.MainActivity.onCreate.<no name provided> [primary]
              VALUE_PARAMETER BOUND_RECEIVER_PARAMETER name:this$0 index:0 type:com.nuzio.newsapp.ui.MainActivity
              BLOCK_BODY
                SET_FIELD 'FIELD FIELD_FOR_CAPTURED_VALUE name:this$0 type:com.nuzio.newsapp.ui.MainActivity visibility:public/*package*/ [final] declared in com.nuzio.newsapp.ui.MainActivity.onCreate.<no name provided>' type=kotlin.Unit origin=INITIALIZER_OF_FIELD_FOR_CAPTURED_VALUE
                  receiver: GET_VAR '<this>: com.nuzio.newsapp.ui.MainActivity.onCreate.<no name provided> declared in com.nuzio.newsapp.ui.MainActivity.onCreate.<no name provided>' type=com.nuzio.newsapp.ui.MainActivity.onCreate.<no name provided> origin=null
                  value: GET_VAR 'this$0: com.nuzio.newsapp.ui.MainActivity declared in com.nuzio.newsapp.ui.MainActivity.onCreate.<no name provided>.<init>' type=com.nuzio.newsapp.ui.MainActivity origin=null
                DELEGATING_CONSTRUCTOR_CALL 'public constructor <init> () [primary] declared in kotlin.Any'
                BLOCK type=kotlin.Unit origin=null
            FUN name:invoke visibility:public modality:FINAL <> ($this:com.nuzio.newsapp.ui.MainActivity.onCreate.<no name provided>, $composer:androidx.compose.runtime.Composer?, $changed:kotlin.Int) returnType:kotlin.Unit
              annotations:
                Composable
                ComposableTarget(applier = "androidx.compose.ui.UiComposable")
              overridden:
                public abstract fun invoke (p1: P1 of kotlin.Function2, p2: P2 of kotlin.Function2): R of kotlin.Function2 [operator] declared in kotlin.Function2
              $this: VALUE_PARAMETER INSTANCE_RECEIVER name:<this> type:com.nuzio.newsapp.ui.MainActivity.onCreate.<no name provided>
              VALUE_PARAMETER name:$composer index:0 type:androidx.compose.runtime.Composer? [assignable]
              VALUE_PARAMETER name:$changed index:1 type:kotlin.Int
              BLOCK_BODY
                CALL 'public final fun sourceInformation (composer: androidx.compose.runtime.Composer, sourceInformation: kotlin.String): kotlin.Unit declared in androidx.compose.runtime.ComposerKt' type=kotlin.Unit origin=null
                  composer: GET_VAR '$composer: androidx.compose.runtime.Composer? [assignable] declared in com.nuzio.newsapp.ui.MainActivity.onCreate.<no name provided>.invoke' type=androidx.compose.runtime.Composer? origin=null
                  sourceInformation: CONST String type=kotlin.String value="C48@1708L3512,48@1697L3523:MainActivity.kt#mzidje"
                WHEN type=kotlin.Unit origin=IF
                  BRANCH
                    if: CALL 'public final fun OROR (arg0: kotlin.Boolean, arg1: kotlin.Boolean): kotlin.Boolean declared in kotlin.internal.ir' type=kotlin.Boolean origin=null
                      arg0: CALL 'public final fun not (): kotlin.Boolean [operator] declared in kotlin.Boolean' type=kotlin.Boolean origin=null
                        $this: CALL 'public final fun EQEQ (arg0: kotlin.Any?, arg1: kotlin.Any?): kotlin.Boolean declared in kotlin.internal.ir' type=kotlin.Boolean origin=null
                          arg0: CALL 'public final fun and (other: kotlin.Int): kotlin.Int [infix] declared in kotlin.Int' type=kotlin.Int origin=null
                            $this: GET_VAR '$changed: kotlin.Int declared in com.nuzio.newsapp.ui.MainActivity.onCreate.<no name provided>.invoke' type=kotlin.Int origin=null
                            other: CONST Int type=kotlin.Int value=3
                          arg1: CONST Int type=kotlin.Int value=2
                      arg1: CALL 'public final fun not (): kotlin.Boolean [operator] declared in kotlin.Boolean' type=kotlin.Boolean origin=null
                        $this: CALL 'public abstract fun <get-skipping> (): kotlin.Boolean declared in androidx.compose.runtime.Composer' type=kotlin.Boolean origin=null
                          $this: GET_VAR '$composer: androidx.compose.runtime.Composer? [assignable] declared in com.nuzio.newsapp.ui.MainActivity.onCreate.<no name provided>.invoke' type=androidx.compose.runtime.Composer? origin=null
                    then: BLOCK type=kotlin.Unit origin=null
                      WHEN type=kotlin.Unit origin=IF
                        BRANCH
                          if: CALL 'public final fun isTraceInProgress (): kotlin.Boolean declared in androidx.compose.runtime.ComposerKt' type=kotlin.Boolean origin=null
                          then: CALL 'public final fun traceEventStart (key: kotlin.Int, dirty1: kotlin.Int, dirty2: kotlin.Int, info: kotlin.String): kotlin.Unit declared in androidx.compose.runtime.ComposerKt' type=kotlin.Unit origin=null
                            key: CONST Int type=kotlin.Int value=1180930604
                            dirty1: GET_VAR '$changed: kotlin.Int declared in com.nuzio.newsapp.ui.MainActivity.onCreate.<no name provided>.invoke' type=kotlin.Int origin=null
                            dirty2: CONST Int type=kotlin.Int value=-1
                            info: CONST String type=kotlin.String value="com.nuzio.newsapp.ui.MainActivity.onCreate.<anonymous> (MainActivity.kt:48)"
                      CALL 'public final fun NuzioTheme (darkTheme: kotlin.Boolean, dynamicColor: kotlin.Boolean, content: kotlin.Function2<androidx.compose.runtime.Composer, kotlin.Int, kotlin.Unit>, $composer: androidx.compose.runtime.Composer?, $changed: kotlin.Int, $default: kotlin.Int): kotlin.Unit declared in com.nuzio.newsapp.ui.theme.ThemeKt' type=kotlin.Unit origin=null
                        darkTheme: COMPOSITE type=kotlin.Boolean origin=DEFAULT_VALUE
                          CONST Boolean type=kotlin.Boolean value=false
                        dynamicColor: COMPOSITE type=kotlin.Boolean origin=DEFAULT_VALUE
                          CONST Boolean type=kotlin.Boolean value=false
                        content: CALL 'public final fun rememberComposableLambda (key: kotlin.Int, tracked: kotlin.Boolean, block: kotlin.Any, $composer: androidx.compose.runtime.Composer?, $changed: kotlin.Int): androidx.compose.runtime.internal.ComposableLambda declared in androidx.compose.runtime.internal.ComposableLambdaKt' type=androidx.compose.runtime.internal.ComposableLambda origin=null
                          key: CONST Int type=kotlin.Int value=-1314670389
                          tracked: CONST Boolean type=kotlin.Boolean value=true
                          block: BLOCK type=com.nuzio.newsapp.ui.MainActivity.onCreate.<no name provided>.invoke.<no name provided> origin=null
                            CLASS LAMBDA_IMPL CLASS name:<no name provided> modality:FINAL visibility:public/*package*/ superTypes:[kotlin.Any; kotlin.Function2<androidx.compose.runtime.Composer, kotlin.Int, kotlin.Unit>]
                              $this: VALUE_PARAMETER INSTANCE_RECEIVER name:<this> type:com.nuzio.newsapp.ui.MainActivity.onCreate.<no name provided>.invoke.<no name provided>
                              CONSTRUCTOR GENERATED_MEMBER_IN_CALLABLE_REFERENCE visibility:public/*package*/ <> (this$0:com.nuzio.newsapp.ui.MainActivity) returnType:com.nuzio.newsapp.ui.MainActivity.onCreate.<no name provided>.invoke.<no name provided> [primary]
                                VALUE_PARAMETER BOUND_RECEIVER_PARAMETER name:this$0 index:0 type:com.nuzio.newsapp.ui.MainActivity
                                BLOCK_BODY
                                  SET_FIELD 'FIELD FIELD_FOR_CAPTURED_VALUE name:this$0 type:com.nuzio.newsapp.ui.MainActivity visibility:public/*package*/ [final] declared in com.nuzio.newsapp.ui.MainActivity.onCreate.<no name provided>.invoke.<no name provided>' type=kotlin.Unit origin=INITIALIZER_OF_FIELD_FOR_CAPTURED_VALUE
                                    receiver: GET_VAR '<this>: com.nuzio.newsapp.ui.MainActivity.onCreate.<no name provided>.invoke.<no name provided> declared in com.nuzio.newsapp.ui.MainActivity.onCreate.<no name provided>.invoke.<no name provided>' type=com.nuzio.newsapp.ui.MainActivity.onCreate.<no name provided>.invoke.<no name provided> origin=null
                                    value: GET_VAR 'this$0: com.nuzio.newsapp.ui.MainActivity declared in com.nuzio.newsapp.ui.MainActivity.onCreate.<no name provided>.invoke.<no name provided>.<init>' type=com.nuzio.newsapp.ui.MainActivity origin=null
                                  DELEGATING_CONSTRUCTOR_CALL 'public constructor <init> () [primary] declared in kotlin.Any'
                                  BLOCK type=kotlin.Unit origin=null
                              FUN name:invoke visibility:public modality:FINAL <> ($this:com.nuzio.newsapp.ui.MainActivity.onCreate.<no name provided>.invoke.<no name provided>, $composer:androidx.compose.runtime.Composer?, $changed:kotlin.Int) returnType:kotlin.Unit
                                annotations:
                                  Composable
                                  ComposableTarget(applier = "androidx.compose.ui.UiComposable")
                                overridden:
                                  public abstract fun invoke (p1: P1 of kotlin.Function2, p2: P2 of kotlin.Function2): R of kotlin.Function2 [operator] declared in kotlin.Function2
                                $this: VALUE_PARAMETER INSTANCE_RECEIVER name:<this> type:com.nuzio.newsapp.ui.MainActivity.onCreate.<no name provided>.invoke.<no name provided>
                                VALUE_PARAMETER name:$composer index:0 type:androidx.compose.runtime.Composer? [assignable]
                                VALUE_PARAMETER name:$changed index:1 type:kotlin.Int
                                BLOCK_BODY
                                  CALL 'public final fun sourceInformation (composer: androidx.compose.runtime.Composer, sourceInformation: kotlin.String): kotlin.Unit declared in androidx.compose.runtime.ComposerKt' type=kotlin.Unit origin=null
                                    composer: GET_VAR '$composer: androidx.compose.runtime.Composer? [assignable] declared in com.nuzio.newsapp.ui.MainActivity.onCreate.<no name provided>.invoke.<no name provided>.invoke' type=androidx.compose.runtime.Composer? origin=null
                                    sourceInformation: CONST String type=kotlin.String value="C49@1746L31,52@1919L15,53@1994L16,60@2308L241,66@2588L243,72@2874L242,78@3158L242,84@3419L1787,55@2028L3178:MainActivity.kt#mzidje"
                                  WHEN type=kotlin.Unit origin=IF
                                    BRANCH
                                      if: CALL 'public final fun OROR (arg0: kotlin.Boolean, arg1: kotlin.Boolean): kotlin.Boolean declared in kotlin.internal.ir' type=kotlin.Boolean origin=null
                                        arg0: CALL 'public final fun not (): kotlin.Boolean [operator] declared in kotlin.Boolean' type=kotlin.Boolean origin=null
                                          $this: CALL 'public final fun EQEQ (arg0: kotlin.Any?, arg1: kotlin.Any?): kotlin.Boolean declared in kotlin.internal.ir' type=kotlin.Boolean origin=null
                                            arg0: CALL 'public final fun and (other: kotlin.Int): kotlin.Int [infix] declared in kotlin.Int' type=kotlin.Int origin=null
                                              $this: GET_VAR '$changed: kotlin.Int declared in com.nuzio.newsapp.ui.MainActivity.onCreate.<no name provided>.invoke.<no name provided>.invoke' type=kotlin.Int origin=null
                                              other: CONST Int type=kotlin.Int value=3
                                            arg1: CONST Int type=kotlin.Int value=2
                                        arg1: CALL 'public final fun not (): kotlin.Boolean [operator] declared in kotlin.Boolean' type=kotlin.Boolean origin=null
                                          $this: CALL 'public abstract fun <get-skipping> (): kotlin.Boolean declared in androidx.compose.runtime.Composer' type=kotlin.Boolean origin=null
                                            $this: GET_VAR '$composer: androidx.compose.runtime.Composer? [assignable] declared in com.nuzio.newsapp.ui.MainActivity.onCreate.<no name provided>.invoke.<no name provided>.invoke' type=androidx.compose.runtime.Composer? origin=null
                                      then: BLOCK type=kotlin.Unit origin=null
                                        WHEN type=kotlin.Unit origin=IF
                                          BRANCH
                                            if: CALL 'public final fun isTraceInProgress (): kotlin.Boolean declared in androidx.compose.runtime.ComposerKt' type=kotlin.Boolean origin=null
                                            then: CALL 'public final fun traceEventStart (key: kotlin.Int, dirty1: kotlin.Int, dirty2: kotlin.Int, info: kotlin.String): kotlin.Unit declared in androidx.compose.runtime.ComposerKt' type=kotlin.Unit origin=null
                                              key: CONST Int type=kotlin.Int value=-1314670389
                                              dirty1: GET_VAR '$changed: kotlin.Int declared in com.nuzio.newsapp.ui.MainActivity.onCreate.<no name provided>.invoke.<no name provided>.invoke' type=kotlin.Int origin=null
                                              dirty2: CONST Int type=kotlin.Int value=-1
                                              info: CONST String type=kotlin.String value="com.nuzio.newsapp.ui.MainActivity.onCreate.<anonymous>.<anonymous> (MainActivity.kt:49)"
                                        VAR name:navController type:androidx.navigation.NavHostController [val]
                                          CALL 'public final fun rememberAnimatedNavController (vararg navigators: androidx.navigation.Navigator<out androidx.navigation.NavDestination>, $composer: androidx.compose.runtime.Composer?, $changed: kotlin.Int): androidx.navigation.NavHostController declared in com.google.accompanist.navigation.animation.NavHostControllerKt' type=androidx.navigation.NavHostController origin=null
                                            navigators: CALL 'public final fun arrayOfNulls <T> (size: kotlin.Int): kotlin.Array<T of kotlin.arrayOfNulls?> declared in kotlin' type=kotlin.Array<out androidx.navigation.Navigator<out androidx.navigation.NavDestination>> origin=null
                                              <T>: androidx.navigation.Navigator<out androidx.navigation.NavDestination>
                                              size: CONST Int type=kotlin.Int value=0
                                            $composer: GET_VAR '$composer: androidx.compose.runtime.Composer? [assignable] declared in com.nuzio.newsapp.ui.MainActivity.onCreate.<no name provided>.invoke.<no name provided>.invoke' type=androidx.compose.runtime.Composer? origin=null
                                            $changed: CONST Int type=kotlin.Int value=0
                                        VAR name:authViewModel type:com.nuzio.newsapp.ui.viewmodel.AuthViewModel [val]
                                          CALL 'public final fun hiltViewModel <VM> (viewModelStoreOwner: androidx.lifecycle.ViewModelStoreOwner?, key: kotlin.String?, $composer: androidx.compose.runtime.Composer?, $changed: kotlin.Int, $default: kotlin.Int): VM of androidx.hilt.navigation.compose.HiltViewModelKt.hiltViewModel [inline] declared in androidx.hilt.navigation.compose.HiltViewModelKt' type=com.nuzio.newsapp.ui.viewmodel.AuthViewModel origin=null
                                            <VM>: com.nuzio.newsapp.ui.viewmodel.AuthViewModel
                                            viewModelStoreOwner: COMPOSITE type=kotlin.Nothing? origin=DEFAULT_VALUE
                                              CONST Null type=kotlin.Nothing? value=null
                                            key: COMPOSITE type=kotlin.Nothing? origin=DEFAULT_VALUE
                                              CONST Null type=kotlin.Nothing? value=null
                                            $composer: GET_VAR '$composer: androidx.compose.runtime.Composer? [assignable] declared in com.nuzio.newsapp.ui.MainActivity.onCreate.<no name provided>.invoke.<no name provided>.invoke' type=androidx.compose.runtime.Composer? origin=null
                                            $changed: CONST Int type=kotlin.Int value=0
                                            $default: CONST Int type=kotlin.Int value=3
                                        VAR PROPERTY_DELEGATE name:isSignedIn$delegate type:androidx.compose.runtime.State<kotlin.Boolean> [val]
                                          CALL 'public final fun collectAsState <T> (context: kotlin.coroutines.CoroutineContext?, $composer: androidx.compose.runtime.Composer?, $changed: kotlin.Int, $default: kotlin.Int): androidx.compose.runtime.State<T of androidx.compose.runtime.SnapshotStateKt.collectAsState> declared in androidx.compose.runtime.SnapshotStateKt' type=androidx.compose.runtime.State<kotlin.Boolean> origin=null
                                            <T>: kotlin.Boolean
                                            $receiver: CALL 'public final fun <get-isSignedIn> (): kotlinx.coroutines.flow.StateFlow<kotlin.Boolean> declared in com.nuzio.newsapp.ui.viewmodel.AuthViewModel' type=kotlinx.coroutines.flow.StateFlow<kotlin.Boolean> origin=GET_PROPERTY
                                              $this: GET_VAR 'val authViewModel: com.nuzio.newsapp.ui.viewmodel.AuthViewModel [val] declared in com.nuzio.newsapp.ui.MainActivity.onCreate.<no name provided>.invoke.<no name provided>.invoke' type=com.nuzio.newsapp.ui.viewmodel.AuthViewModel origin=null
                                            context: COMPOSITE type=kotlin.Nothing? origin=DEFAULT_VALUE
                                              CONST Null type=kotlin.Nothing? value=null
                                            $composer: GET_VAR '$composer: androidx.compose.runtime.Composer? [assignable] declared in com.nuzio.newsapp.ui.MainActivity.onCreate.<no name provided>.invoke.<no name provided>.invoke' type=androidx.compose.runtime.Composer? origin=null
                                            $changed: CONST Int type=kotlin.Int value=0
                                            $default: CONST Int type=kotlin.Int value=1
                                        CALL 'public final fun AnimatedNavHost (navController: androidx.navigation.NavHostController, startDestination: kotlin.String, modifier: androidx.compose.ui.Modifier?, contentAlignment: androidx.compose.ui.Alignment?, route: kotlin.String?, enterTransition: @[ExtensionFunctionType] kotlin.Function1<IrErrorType(null), androidx.compose.animation.EnterTransition>?, exitTransition: @[ExtensionFunctionType] kotlin.Function1<IrErrorType(null), androidx.compose.animation.ExitTransition>?, popEnterTransition: @[ExtensionFunctionType] kotlin.Function1<IrErrorType(null), androidx.compose.animation.EnterTransition>?, popExitTransition: @[ExtensionFunctionType] kotlin.Function1<IrErrorType(null), androidx.compose.animation.ExitTransition>?, builder: @[ExtensionFunctionType] kotlin.Function1<androidx.navigation.NavGraphBuilder, kotlin.Unit>, $composer: androidx.compose.runtime.Composer?, $changed: kotlin.Int, $default: kotlin.Int): kotlin.Unit declared in com.google.accompanist.navigation.animation.AnimatedNavHostKt' type=kotlin.Unit origin=null
                                          navController: GET_VAR 'val navController: androidx.navigation.NavHostController [val] declared in com.nuzio.newsapp.ui.MainActivity.onCreate.<no name provided>.invoke.<no name provided>.invoke' type=androidx.navigation.NavHostController origin=null
                                          startDestination: WHEN type=kotlin.String origin=IF
                                            BRANCH
                                              if: CALL 'private final fun invoke$lambda$0 ($isSignedIn$delegate: androidx.compose.runtime.State<kotlin.Boolean>): kotlin.Boolean declared in com.nuzio.newsapp.ui.MainActivity.onCreate.<no name provided>.invoke.<no name provided>' type=kotlin.Boolean origin=GET_LOCAL_PROPERTY
                                                $isSignedIn$delegate: GET_VAR 'val isSignedIn$delegate: androidx.compose.runtime.State<kotlin.Boolean> [val] declared in com.nuzio.newsapp.ui.MainActivity.onCreate.<no name provided>.invoke.<no name provided>.invoke' type=androidx.compose.runtime.State<kotlin.Boolean> origin=null
                                              then: CALL 'public final fun <get-route> (): kotlin.String [fake_override] declared in com.nuzio.newsapp.ui.Screen.NewsList' type=kotlin.String origin=GET_PROPERTY
                                                $this: GET_FIELD 'FIELD FIELD_FOR_OBJECT_INSTANCE name:INSTANCE type:com.nuzio.newsapp.ui.Screen.NewsList visibility:public [final,static] declared in com.nuzio.newsapp.ui.Screen.NewsList' type=com.nuzio.newsapp.ui.Screen.NewsList origin=null
                                            BRANCH
                                              if: CONST Boolean type=kotlin.Boolean value=true
                                              then: CALL 'public final fun <get-route> (): kotlin.String [fake_override] declared in com.nuzio.newsapp.ui.Screen.Login' type=kotlin.String origin=GET_PROPERTY
                                                $this: GET_FIELD 'FIELD FIELD_FOR_OBJECT_INSTANCE name:INSTANCE type:com.nuzio.newsapp.ui.Screen.Login visibility:public [final,static] declared in com.nuzio.newsapp.ui.Screen.Login' type=com.nuzio.newsapp.ui.Screen.Login origin=null
                                          modifier: COMPOSITE type=kotlin.Nothing? origin=DEFAULT_VALUE
                                            CONST Null type=kotlin.Nothing? value=null
                                          contentAlignment: COMPOSITE type=kotlin.Nothing? origin=DEFAULT_VALUE
                                            CONST Null type=kotlin.Nothing? value=null
                                          route: COMPOSITE type=kotlin.Nothing? origin=DEFAULT_VALUE
                                            CONST Null type=kotlin.Nothing? value=null
                                          enterTransition: BLOCK type=@[ExtensionFunctionType] kotlin.Function1<IrErrorType(null), androidx.compose.animation.EnterTransition> origin=null
                                            BLOCK type=kotlin.Unit origin=null
                                              CALL 'public abstract fun startReplaceGroup (key: kotlin.Int): kotlin.Unit declared in androidx.compose.runtime.Composer' type=kotlin.Unit origin=null
                                                $this: GET_VAR '$composer: androidx.compose.runtime.Composer? [assignable] declared in com.nuzio.newsapp.ui.MainActivity.onCreate.<no name provided>.invoke.<no name provided>.invoke' type=androidx.compose.runtime.Composer? origin=null
                                                key: CONST Int type=kotlin.Int value=-888617832
                                              CALL 'public final fun sourceInformation (composer: androidx.compose.runtime.Composer, sourceInformation: kotlin.String): kotlin.Unit declared in androidx.compose.runtime.ComposerKt' type=kotlin.Unit origin=null
                                                composer: GET_VAR '$composer: androidx.compose.runtime.Composer? [assignable] declared in com.nuzio.newsapp.ui.MainActivity.onCreate.<no name provided>.invoke.<no name provided>.invoke' type=androidx.compose.runtime.Composer? origin=null
                                                sourceInformation: CONST String type=kotlin.String value="CC(remember):MainActivity.kt#9igjgp"
                                            VAR IR_TEMPORARY_VARIABLE name:tmp0_group type:@[ExtensionFunctionType] kotlin.Function1<IrErrorType(null), androidx.compose.animation.EnterTransition> [val]
                                              CALL 'public final fun cache <T> (invalid: kotlin.Boolean, block: @[DisallowComposableCalls] kotlin.Function0<T of androidx.compose.runtime.ComposerKt.cache>): T of androidx.compose.runtime.ComposerKt.cache [inline] declared in androidx.compose.runtime.ComposerKt' type=@[ExtensionFunctionType] kotlin.Function1<IrErrorType(null), androidx.compose.animation.EnterTransition> origin=null
                                                <T>: @[ExtensionFunctionType] kotlin.Function1<IrErrorType(null), androidx.compose.animation.EnterTransition>
                                                $receiver: GET_VAR '$composer: androidx.compose.runtime.Composer? [assignable] declared in com.nuzio.newsapp.ui.MainActivity.onCreate.<no name provided>.invoke.<no name provided>.invoke' type=androidx.compose.runtime.Composer? origin=null
                                                invalid: CONST Boolean type=kotlin.Boolean value=false
                                                block: BLOCK type=kotlin.Function0<@[ExtensionFunctionType] kotlin.Function1<IrErrorType(null), androidx.compose.animation.EnterTransition>> origin=LAMBDA
                                                  COMPOSITE type=kotlin.Unit origin=null
                                                  FUNCTION_REFERENCE 'private final fun invoke$lambda$3 (): @[ExtensionFunctionType] kotlin.Function1<IrErrorType(null), androidx.compose.animation.EnterTransition> declared in com.nuzio.newsapp.ui.MainActivity.onCreate.<no name provided>.invoke.<no name provided>' type=kotlin.Function0<@[ExtensionFunctionType] kotlin.Function1<IrErrorType(null), androidx.compose.animation.EnterTransition>> origin=INLINE_LAMBDA reflectionTarget=null
                                            CALL 'public abstract fun endReplaceGroup (): kotlin.Unit declared in androidx.compose.runtime.Composer' type=kotlin.Unit origin=null
                                              $this: GET_VAR '$composer: androidx.compose.runtime.Composer? [assignable] declared in com.nuzio.newsapp.ui.MainActivity.onCreate.<no name provided>.invoke.<no name provided>.invoke' type=androidx.compose.runtime.Composer? origin=null
                                            GET_VAR 'val tmp0_group: @[ExtensionFunctionType] kotlin.Function1<IrErrorType(null), androidx.compose.animation.EnterTransition> [val] declared in com.nuzio.newsapp.ui.MainActivity.onCreate.<no name provided>.invoke.<no name provided>.invoke' type=@[ExtensionFunctionType] kotlin.Function1<IrErrorType(null), androidx.compose.animation.EnterTransition> origin=null
                                          exitTransition: BLOCK type=@[ExtensionFunctionType] kotlin.Function1<IrErrorType(null), androidx.compose.animation.ExitTransition> origin=null
                                            BLOCK type=kotlin.Unit origin=null
                                              CALL 'public abstract fun startReplaceGroup (key: kotlin.Int): kotlin.Unit declared in androidx.compose.runtime.Composer' type=kotlin.Unit origin=null
                                                $this: GET_VAR '$composer: androidx.compose.runtime.Composer? [assignable] declared in com.nuzio.newsapp.ui.MainActivity.onCreate.<no name provided>.invoke.<no name provided>.invoke' type=androidx.compose.runtime.Composer? origin=null
                                                key: CONST Int type=kotlin.Int value=-888608870
                                              CALL 'public final fun sourceInformation (composer: androidx.compose.runtime.Composer, sourceInformation: kotlin.String): kotlin.Unit declared in androidx.compose.runtime.ComposerKt' type=kotlin.Unit origin=null
                                                composer: GET_VAR '$composer: androidx.compose.runtime.Composer? [assignable] declared in com.nuzio.newsapp.ui.MainActivity.onCreate.<no name provided>.invoke.<no name provided>.invoke' type=androidx.compose.runtime.Composer? origin=null
                                                sourceInformation: CONST String type=kotlin.String value="CC(remember):MainActivity.kt#9igjgp"
                                            VAR IR_TEMPORARY_VARIABLE name:tmp1_group type:@[ExtensionFunctionType] kotlin.Function1<IrErrorType(null), androidx.compose.animation.ExitTransition> [val]
                                              CALL 'public final fun cache <T> (invalid: kotlin.Boolean, block: @[DisallowComposableCalls] kotlin.Function0<T of androidx.compose.runtime.ComposerKt.cache>): T of androidx.compose.runtime.ComposerKt.cache [inline] declared in androidx.compose.runtime.ComposerKt' type=@[ExtensionFunctionType] kotlin.Function1<IrErrorType(null), androidx.compose.animation.ExitTransition> origin=null
                                                <T>: @[ExtensionFunctionType] kotlin.Function1<IrErrorType(null), androidx.compose.animation.ExitTransition>
                                                $receiver: GET_VAR '$composer: androidx.compose.runtime.Composer? [assignable] declared in com.nuzio.newsapp.ui.MainActivity.onCreate.<no name provided>.invoke.<no name provided>.invoke' type=androidx.compose.runtime.Composer? origin=null
                                                invalid: CONST Boolean type=kotlin.Boolean value=false
                                                block: BLOCK type=kotlin.Function0<@[ExtensionFunctionType] kotlin.Function1<IrErrorType(null), androidx.compose.animation.ExitTransition>> origin=LAMBDA
                                                  COMPOSITE type=kotlin.Unit origin=null
                                                  FUNCTION_REFERENCE 'private final fun invoke$lambda$6 (): @[ExtensionFunctionType] kotlin.Function1<IrErrorType(null), androidx.compose.animation.ExitTransition> declared in com.nuzio.newsapp.ui.MainActivity.onCreate.<no name provided>.invoke.<no name provided>' type=kotlin.Function0<@[ExtensionFunctionType] kotlin.Function1<IrErrorType(null), androidx.compose.animation.ExitTransition>> origin=INLINE_LAMBDA reflectionTarget=null
                                            CALL 'public abstract fun endReplaceGroup (): kotlin.Unit declared in androidx.compose.runtime.Composer' type=kotlin.Unit origin=null
                                              $this: GET_VAR '$composer: androidx.compose.runtime.Composer? [assignable] declared in com.nuzio.newsapp.ui.MainActivity.onCreate.<no name provided>.invoke.<no name provided>.invoke' type=androidx.compose.runtime.Composer? origin=null
                                            GET_VAR 'val tmp1_group: @[ExtensionFunctionType] kotlin.Function1<IrErrorType(null), androidx.compose.animation.ExitTransition> [val] declared in com.nuzio.newsapp.ui.MainActivity.onCreate.<no name provided>.invoke.<no name provided>.invoke' type=@[ExtensionFunctionType] kotlin.Function1<IrErrorType(null), androidx.compose.animation.ExitTransition> origin=null
                                          popEnterTransition: BLOCK type=@[ExtensionFunctionType] kotlin.Function1<IrErrorType(null), androidx.compose.animation.EnterTransition> origin=null
                                            BLOCK type=kotlin.Unit origin=null
                                              CALL 'public abstract fun startReplaceGroup (key: kotlin.Int): kotlin.Unit declared in androidx.compose.runtime.Composer' type=kotlin.Unit origin=null
                                                $this: GET_VAR '$composer: androidx.compose.runtime.Composer? [assignable] declared in com.nuzio.newsapp.ui.MainActivity.onCreate.<no name provided>.invoke.<no name provided>.invoke' type=androidx.compose.runtime.Composer? origin=null
                                                key: CONST Int type=kotlin.Int value=-888599719
                                              CALL 'public final fun sourceInformation (composer: androidx.compose.runtime.Composer, sourceInformation: kotlin.String): kotlin.Unit declared in androidx.compose.runtime.ComposerKt' type=kotlin.Unit origin=null
                                                composer: GET_VAR '$composer: androidx.compose.runtime.Composer? [assignable] declared in com.nuzio.newsapp.ui.MainActivity.onCreate.<no name provided>.invoke.<no name provided>.invoke' type=androidx.compose.runtime.Composer? origin=null
                                                sourceInformation: CONST String type=kotlin.String value="CC(remember):MainActivity.kt#9igjgp"
                                            VAR IR_TEMPORARY_VARIABLE name:tmp2_group type:@[ExtensionFunctionType] kotlin.Function1<IrErrorType(null), androidx.compose.animation.EnterTransition> [val]
                                              CALL 'public final fun cache <T> (invalid: kotlin.Boolean, block: @[DisallowComposableCalls] kotlin.Function0<T of androidx.compose.runtime.ComposerKt.cache>): T of androidx.compose.runtime.ComposerKt.cache [inline] declared in androidx.compose.runtime.ComposerKt' type=@[ExtensionFunctionType] kotlin.Function1<IrErrorType(null), androidx.compose.animation.EnterTransition> origin=null
                                                <T>: @[ExtensionFunctionType] kotlin.Function1<IrErrorType(null), androidx.compose.animation.EnterTransition>
                                                $receiver: GET_VAR '$composer: androidx.compose.runtime.Composer? [assignable] declared in com.nuzio.newsapp.ui.MainActivity.onCreate.<no name provided>.invoke.<no name provided>.invoke' type=androidx.compose.runtime.Composer? origin=null
                                                invalid: CONST Boolean type=kotlin.Boolean value=false
                                                block: BLOCK type=kotlin.Function0<@[ExtensionFunctionType] kotlin.Function1<IrErrorType(null), androidx.compose.animation.EnterTransition>> origin=LAMBDA
                                                  COMPOSITE type=kotlin.Unit origin=null
                                                  FUNCTION_REFERENCE 'private final fun invoke$lambda$9 (): @[ExtensionFunctionType] kotlin.Function1<IrErrorType(null), androidx.compose.animation.EnterTransition> declared in com.nuzio.newsapp.ui.MainActivity.onCreate.<no name provided>.invoke.<no name provided>' type=kotlin.Function0<@[ExtensionFunctionType] kotlin.Function1<IrErrorType(null), androidx.compose.animation.EnterTransition>> origin=INLINE_LAMBDA reflectionTarget=null
                                            CALL 'public abstract fun endReplaceGroup (): kotlin.Unit declared in androidx.compose.runtime.Composer' type=kotlin.Unit origin=null
                                              $this: GET_VAR '$composer: androidx.compose.runtime.Composer? [assignable] declared in com.nuzio.newsapp.ui.MainActivity.onCreate.<no name provided>.invoke.<no name provided>.invoke' type=androidx.compose.runtime.Composer? origin=null
                                            GET_VAR 'val tmp2_group: @[ExtensionFunctionType] kotlin.Function1<IrErrorType(null), androidx.compose.animation.EnterTransition> [val] declared in com.nuzio.newsapp.ui.MainActivity.onCreate.<no name provided>.invoke.<no name provided>.invoke' type=@[ExtensionFunctionType] kotlin.Function1<IrErrorType(null), androidx.compose.animation.EnterTransition> origin=null
                                          popExitTransition: BLOCK type=@[ExtensionFunctionType] kotlin.Function1<IrErrorType(null), androidx.compose.animation.ExitTransition> origin=null
                                            BLOCK type=kotlin.Unit origin=null
                                              CALL 'public abstract fun startReplaceGroup (key: kotlin.Int): kotlin.Unit declared in androidx.compose.runtime.Composer' type=kotlin.Unit origin=null
                                                $this: GET_VAR '$composer: androidx.compose.runtime.Composer? [assignable] declared in com.nuzio.newsapp.ui.MainActivity.onCreate.<no name provided>.invoke.<no name provided>.invoke' type=androidx.compose.runtime.Composer? origin=null
                                                key: CONST Int type=kotlin.Int value=-888590631
                                              CALL 'public final fun sourceInformation (composer: androidx.compose.runtime.Composer, sourceInformation: kotlin.String): kotlin.Unit declared in androidx.compose.runtime.ComposerKt' type=kotlin.Unit origin=null
                                                composer: GET_VAR '$composer: androidx.compose.runtime.Composer? [assignable] declared in com.nuzio.newsapp.ui.MainActivity.onCreate.<no name provided>.invoke.<no name provided>.invoke' type=androidx.compose.runtime.Composer? origin=null
                                                sourceInformation: CONST String type=kotlin.String value="CC(remember):MainActivity.kt#9igjgp"
                                            VAR IR_TEMPORARY_VARIABLE name:tmp3_group type:@[ExtensionFunctionType] kotlin.Function1<IrErrorType(null), androidx.compose.animation.ExitTransition> [val]
                                              CALL 'public final fun cache <T> (invalid: kotlin.Boolean, block: @[DisallowComposableCalls] kotlin.Function0<T of androidx.compose.runtime.ComposerKt.cache>): T of androidx.compose.runtime.ComposerKt.cache [inline] declared in androidx.compose.runtime.ComposerKt' type=@[ExtensionFunctionType] kotlin.Function1<IrErrorType(null), androidx.compose.animation.ExitTransition> origin=null
                                                <T>: @[ExtensionFunctionType] kotlin.Function1<IrErrorType(null), androidx.compose.animation.ExitTransition>
                                                $receiver: GET_VAR '$composer: androidx.compose.runtime.Composer? [assignable] declared in com.nuzio.newsapp.ui.MainActivity.onCreate.<no name provided>.invoke.<no name provided>.invoke' type=androidx.compose.runtime.Composer? origin=null
                                                invalid: CONST Boolean type=kotlin.Boolean value=false
                                                block: BLOCK type=kotlin.Function0<@[ExtensionFunctionType] kotlin.Function1<IrErrorType(null), androidx.compose.animation.ExitTransition>> origin=LAMBDA
                                                  COMPOSITE type=kotlin.Unit origin=null
                                                  FUNCTION_REFERENCE 'private final fun invoke$lambda$12 (): @[ExtensionFunctionType] kotlin.Function1<IrErrorType(null), androidx.compose.animation.ExitTransition> declared in com.nuzio.newsapp.ui.MainActivity.onCreate.<no name provided>.invoke.<no name provided>' type=kotlin.Function0<@[ExtensionFunctionType] kotlin.Function1<IrErrorType(null), androidx.compose.animation.ExitTransition>> origin=INLINE_LAMBDA reflectionTarget=null
                                            CALL 'public abstract fun endReplaceGroup (): kotlin.Unit declared in androidx.compose.runtime.Composer' type=kotlin.Unit origin=null
                                              $this: GET_VAR '$composer: androidx.compose.runtime.Composer? [assignable] declared in com.nuzio.newsapp.ui.MainActivity.onCreate.<no name provided>.invoke.<no name provided>.invoke' type=androidx.compose.runtime.Composer? origin=null
                                            GET_VAR 'val tmp3_group: @[ExtensionFunctionType] kotlin.Function1<IrErrorType(null), androidx.compose.animation.ExitTransition> [val] declared in com.nuzio.newsapp.ui.MainActivity.onCreate.<no name provided>.invoke.<no name provided>.invoke' type=@[ExtensionFunctionType] kotlin.Function1<IrErrorType(null), androidx.compose.animation.ExitTransition> origin=null
                                          builder: BLOCK type=@[ExtensionFunctionType] kotlin.Function1<androidx.navigation.NavGraphBuilder, kotlin.Unit> origin=null
                                            BLOCK type=kotlin.Unit origin=null
                                              CALL 'public abstract fun startReplaceGroup (key: kotlin.Int): kotlin.Unit declared in androidx.compose.runtime.Composer' type=kotlin.Unit origin=null
                                                $this: GET_VAR '$composer: androidx.compose.runtime.Composer? [assignable] declared in com.nuzio.newsapp.ui.MainActivity.onCreate.<no name provided>.invoke.<no name provided>.invoke' type=androidx.compose.runtime.Composer? origin=null
                                                key: CONST Int type=kotlin.Int value=-888580734
                                              CALL 'public final fun sourceInformation (composer: androidx.compose.runtime.Composer, sourceInformation: kotlin.String): kotlin.Unit declared in androidx.compose.runtime.ComposerKt' type=kotlin.Unit origin=null
                                                composer: GET_VAR '$composer: androidx.compose.runtime.Composer? [assignable] declared in com.nuzio.newsapp.ui.MainActivity.onCreate.<no name provided>.invoke.<no name provided>.invoke' type=androidx.compose.runtime.Composer? origin=null
                                                sourceInformation: CONST String type=kotlin.String value="CC(remember):MainActivity.kt#9igjgp"
                                            VAR IR_TEMPORARY_VARIABLE name:tmp4_group type:@[ExtensionFunctionType] kotlin.Function1<androidx.navigation.NavGraphBuilder, kotlin.Unit> [val]
                                              CALL 'public final fun cache <T> (invalid: kotlin.Boolean, block: @[DisallowComposableCalls] kotlin.Function0<T of androidx.compose.runtime.ComposerKt.cache>): T of androidx.compose.runtime.ComposerKt.cache [inline] declared in androidx.compose.runtime.ComposerKt' type=@[ExtensionFunctionType] kotlin.Function1<androidx.navigation.NavGraphBuilder, kotlin.Unit> origin=null
                                                <T>: @[ExtensionFunctionType] kotlin.Function1<androidx.navigation.NavGraphBuilder, kotlin.Unit>
                                                $receiver: GET_VAR '$composer: androidx.compose.runtime.Composer? [assignable] declared in com.nuzio.newsapp.ui.MainActivity.onCreate.<no name provided>.invoke.<no name provided>.invoke' type=androidx.compose.runtime.Composer? origin=null
                                                invalid: CALL 'public final fun or (other: kotlin.Boolean): kotlin.Boolean [infix] declared in kotlin.Boolean' type=kotlin.Boolean origin=null
                                                  $this: CALL 'public open fun changedInstance (value: kotlin.Any?): kotlin.Boolean declared in androidx.compose.runtime.Composer' type=kotlin.Boolean origin=null
                                                    $this: GET_VAR '$composer: androidx.compose.runtime.Composer? [assignable] declared in com.nuzio.newsapp.ui.MainActivity.onCreate.<no name provided>.invoke.<no name provided>.invoke' type=androidx.compose.runtime.Composer? origin=null
                                                    value: GET_FIELD 'FIELD FIELD_FOR_CAPTURED_VALUE name:this$0 type:com.nuzio.newsapp.ui.MainActivity visibility:public/*package*/ [final] declared in com.nuzio.newsapp.ui.MainActivity.onCreate.<no name provided>.invoke.<no name provided>' type=com.nuzio.newsapp.ui.MainActivity origin=null
                                                      receiver: GET_VAR '<this>: com.nuzio.newsapp.ui.MainActivity.onCreate.<no name provided>.invoke.<no name provided> declared in com.nuzio.newsapp.ui.MainActivity.onCreate.<no name provided>.invoke.<no name provided>.invoke' type=com.nuzio.newsapp.ui.MainActivity.onCreate.<no name provided>.invoke.<no name provided> origin=null
                                                  other: CALL 'public open fun changedInstance (value: kotlin.Any?): kotlin.Boolean declared in androidx.compose.runtime.Composer' type=kotlin.Boolean origin=null
                                                    $this: GET_VAR '$composer: androidx.compose.runtime.Composer? [assignable] declared in com.nuzio.newsapp.ui.MainActivity.onCreate.<no name provided>.invoke.<no name provided>.invoke' type=androidx.compose.runtime.Composer? origin=null
                                                    value: GET_VAR 'val navController: androidx.navigation.NavHostController [val] declared in com.nuzio.newsapp.ui.MainActivity.onCreate.<no name provided>.invoke.<no name provided>.invoke' type=androidx.navigation.NavHostController origin=null
                                                block: BLOCK type=kotlin.Function0<@[ExtensionFunctionType] kotlin.Function1<androidx.navigation.NavGraphBuilder, kotlin.Unit>> origin=LAMBDA
                                                  COMPOSITE type=kotlin.Unit origin=null
                                                  FUNCTION_REFERENCE 'private final fun invoke$lambda$14 (this$0: com.nuzio.newsapp.ui.MainActivity, $navController: androidx.navigation.NavHostController): @[ExtensionFunctionType] kotlin.Function1<androidx.navigation.NavGraphBuilder, kotlin.Unit> declared in com.nuzio.newsapp.ui.MainActivity.onCreate.<no name provided>.invoke.<no name provided>' type=kotlin.Function0<@[ExtensionFunctionType] kotlin.Function1<androidx.navigation.NavGraphBuilder, kotlin.Unit>> origin=INLINE_LAMBDA reflectionTarget=null
                                                    this$0: GET_FIELD 'FIELD FIELD_FOR_CAPTURED_VALUE name:this$0 type:com.nuzio.newsapp.ui.MainActivity visibility:public/*package*/ [final] declared in com.nuzio.newsapp.ui.MainActivity.onCreate.<no name provided>.invoke.<no name provided>' type=com.nuzio.newsapp.ui.MainActivity origin=null
                                                      receiver: GET_VAR '<this>: com.nuzio.newsapp.ui.MainActivity.onCreate.<no name provided>.invoke.<no name provided> declared in com.nuzio.newsapp.ui.MainActivity.onCreate.<no name provided>.invoke.<no name provided>.invoke' type=com.nuzio.newsapp.ui.MainActivity.onCreate.<no name provided>.invoke.<no name provided> origin=null
                                                    $navController: GET_VAR 'val navController: androidx.navigation.NavHostController [val] declared in com.nuzio.newsapp.ui.MainActivity.onCreate.<no name provided>.invoke.<no name provided>.invoke' type=androidx.navigation.NavHostController origin=null
                                            CALL 'public abstract fun endReplaceGroup (): kotlin.Unit declared in androidx.compose.runtime.Composer' type=kotlin.Unit origin=null
                                              $this: GET_VAR '$composer: androidx.compose.runtime.Composer? [assignable] declared in com.nuzio.newsapp.ui.MainActivity.onCreate.<no name provided>.invoke.<no name provided>.invoke' type=androidx.compose.runtime.Composer? origin=null
                                            GET_VAR 'val tmp4_group: @[ExtensionFunctionType] kotlin.Function1<androidx.navigation.NavGraphBuilder, kotlin.Unit> [val] declared in com.nuzio.newsapp.ui.MainActivity.onCreate.<no name provided>.invoke.<no name provided>.invoke' type=@[ExtensionFunctionType] kotlin.Function1<androidx.navigation.NavGraphBuilder, kotlin.Unit> origin=null
                                          $composer: GET_VAR '$composer: androidx.compose.runtime.Composer? [assignable] declared in com.nuzio.newsapp.ui.MainActivity.onCreate.<no name provided>.invoke.<no name provided>.invoke' type=androidx.compose.runtime.Composer? origin=null
                                          $changed: CONST Int type=kotlin.Int value=115015680
                                          $default: CONST Int type=kotlin.Int value=28
                                        WHEN type=kotlin.Unit origin=IF
                                          BRANCH
                                            if: CALL 'public final fun isTraceInProgress (): kotlin.Boolean declared in androidx.compose.runtime.ComposerKt' type=kotlin.Boolean origin=null
                                            then: CALL 'public final fun traceEventEnd (): kotlin.Unit declared in androidx.compose.runtime.ComposerKt' type=kotlin.Unit origin=null
                                    BRANCH
                                      if: CONST Boolean type=kotlin.Boolean value=true
                                      then: CALL 'public abstract fun skipToGroupEnd (): kotlin.Unit declared in androidx.compose.runtime.Composer' type=kotlin.Unit origin=null
                                        $this: GET_VAR '$composer: androidx.compose.runtime.Composer? [assignable] declared in com.nuzio.newsapp.ui.MainActivity.onCreate.<no name provided>.invoke.<no name provided>.invoke' type=androidx.compose.runtime.Composer? origin=null
                              FIELD FIELD_FOR_CAPTURED_VALUE name:this$0 type:com.nuzio.newsapp.ui.MainActivity visibility:public/*package*/ [final]
                              FUN DELEGATED_PROPERTY_ACCESSOR name:invoke$lambda$0 visibility:private modality:FINAL <> ($isSignedIn$delegate:androidx.compose.runtime.State<kotlin.Boolean>) returnType:kotlin.Boolean
                                VALUE_PARAMETER BOUND_VALUE_PARAMETER name:$isSignedIn$delegate index:0 type:androidx.compose.runtime.State<kotlin.Boolean>
                                BLOCK_BODY
                                  RETURN type=kotlin.Nothing from='private final fun invoke$lambda$0 ($isSignedIn$delegate: androidx.compose.runtime.State<kotlin.Boolean>): kotlin.Boolean declared in com.nuzio.newsapp.ui.MainActivity.onCreate.<no name provided>.invoke.<no name provided>'
                                    CALL 'public final fun getValue <T> (thisObj: kotlin.Any?, property: kotlin.reflect.KProperty<*>): T of androidx.compose.runtime.SnapshotStateKt.getValue [inline,operator] declared in androidx.compose.runtime.SnapshotStateKt' type=kotlin.Boolean origin=null
                                      <T>: kotlin.Boolean
                                      $receiver: GET_VAR '$isSignedIn$delegate: androidx.compose.runtime.State<kotlin.Boolean> declared in com.nuzio.newsapp.ui.MainActivity.onCreate.<no name provided>.invoke.<no name provided>.invoke$lambda$0' type=androidx.compose.runtime.State<kotlin.Boolean> origin=null
                                      thisObj: CONST Null type=kotlin.Nothing? value=null
                                      property: CONST Null type=kotlin.reflect.KProperty0<kotlin.Boolean> value=null
                              FUN LOCAL_FUNCTION_FOR_LAMBDA name:invoke$lambda$3$lambda$2$lambda$1 visibility:private modality:FINAL <> (it:kotlin.Int) returnType:kotlin.Int
                                VALUE_PARAMETER name:it index:0 type:kotlin.Int
                                BLOCK_BODY
                                  RETURN type=kotlin.Nothing from='private final fun invoke$lambda$3$lambda$2$lambda$1 (it: kotlin.Int): kotlin.Int declared in com.nuzio.newsapp.ui.MainActivity.onCreate.<no name provided>.invoke.<no name provided>'
                                    CONST Int type=kotlin.Int value=1000
                              FUN LOCAL_FUNCTION_FOR_LAMBDA name:invoke$lambda$3$lambda$2 visibility:private modality:FINAL <> ($this$AnimatedNavHost:IrErrorType(null)) returnType:androidx.compose.animation.EnterTransition
                                VALUE_PARAMETER name:$this$AnimatedNavHost index:0 type:IrErrorType(null)
                                BLOCK_BODY
                                  RETURN type=kotlin.Nothing from='private final fun invoke$lambda$3$lambda$2 ($this$AnimatedNavHost: IrErrorType(null)): androidx.compose.animation.EnterTransition declared in com.nuzio.newsapp.ui.MainActivity.onCreate.<no name provided>.invoke.<no name provided>'
                                    CALL 'public final fun plus (enter: androidx.compose.animation.EnterTransition): androidx.compose.animation.EnterTransition [operator] declared in androidx.compose.animation.EnterTransition' type=androidx.compose.animation.EnterTransition origin=PLUS
                                      $this: BLOCK type=androidx.compose.animation.EnterTransition origin=ARGUMENTS_REORDERING_FOR_CALL
                                        VAR IR_TEMPORARY_VARIABLE name:tmp0_animationSpec type:androidx.compose.animation.core.TweenSpec<androidx.compose.ui.unit.IntOffset> [val]
                                          TYPE_OP type=androidx.compose.animation.core.TweenSpec<androidx.compose.ui.unit.IntOffset> origin=IMPLICIT_CAST typeOperand=androidx.compose.animation.core.TweenSpec<androidx.compose.ui.unit.IntOffset>
                                            CALL 'public final fun tween$default <T> (durationMillis: kotlin.Int, delayMillis: kotlin.Int, easing: androidx.compose.animation.core.Easing?, $mask0: kotlin.Int, $handler: kotlin.Any?): androidx.compose.animation.core.TweenSpec<T of androidx.compose.animation.core.AnimationSpecKt.tween$default> declared in androidx.compose.animation.core.AnimationSpecKt' type=androidx.compose.animation.core.TweenSpec<T of androidx.compose.animation.core.AnimationSpecKt.tween$default> origin=DEFAULT_DISPATCH_CALL
                                              <T>: androidx.compose.ui.unit.IntOffset
                                              durationMillis: CONST Int type=kotlin.Int value=300
                                              delayMillis: COMPOSITE type=kotlin.Int origin=DEFAULT_VALUE
                                                CONST Int type=kotlin.Int value=0
                                              easing: COMPOSITE type=androidx.compose.animation.core.Easing? origin=DEFAULT_VALUE
                                                CONST Null type=androidx.compose.animation.core.Easing? value=null
                                              $mask0: CONST Int type=kotlin.Int value=6
                                              $handler: CONST Null type=kotlin.Any? value=null
                                        CALL 'public final fun slideInHorizontally (animationSpec: androidx.compose.animation.core.FiniteAnimationSpec<androidx.compose.ui.unit.IntOffset>, initialOffsetX: kotlin.Function1<@[ParameterName(name = "fullWidth")] kotlin.Int, kotlin.Int>): androidx.compose.animation.EnterTransition declared in androidx.compose.animation.EnterExitTransitionKt' type=androidx.compose.animation.EnterTransition origin=null
                                          animationSpec: GET_VAR 'val tmp0_animationSpec: androidx.compose.animation.core.TweenSpec<androidx.compose.ui.unit.IntOffset> [val] declared in com.nuzio.newsapp.ui.MainActivity.onCreate.<no name provided>.invoke.<no name provided>.invoke$lambda$3$lambda$2' type=androidx.compose.animation.core.TweenSpec<androidx.compose.ui.unit.IntOffset> origin=null
                                          initialOffsetX: BLOCK type=kotlin.Function1<kotlin.Int, kotlin.Int> origin=LAMBDA
                                            COMPOSITE type=kotlin.Unit origin=null
                                            CALL 'public final fun <jvm-indy> <T> (dynamicCall: T of kotlin.jvm.internal.<jvm-indy>, bootstrapMethodHandle: kotlin.Any, vararg bootstrapMethodArguments: kotlin.Any): T of kotlin.jvm.internal.<jvm-indy> declared in kotlin.jvm.internal' type=kotlin.Function1<kotlin.Int, kotlin.Int> origin=null
                                              <T>: kotlin.Function1<kotlin.Int, kotlin.Int>
                                              dynamicCall: CALL 'public final fun invoke (): kotlin.Function1<kotlin.Int, kotlin.Int> declared in kotlin.jvm.internal.invokeDynamic' type=kotlin.Function1<kotlin.Int, kotlin.Int> origin=null
                                              bootstrapMethodHandle: CALL 'public final fun <jvm-method-handle> (tag: kotlin.Int, owner: kotlin.String, name: kotlin.String, descriptor: kotlin.String, isInterface: kotlin.Boolean): kotlin.Any declared in kotlin.jvm.internal' type=kotlin.Any origin=null
                                                tag: CONST Int type=kotlin.Int value=6
                                                owner: CONST String type=kotlin.String value="java/lang/invoke/LambdaMetafactory"
                                                name: CONST String type=kotlin.String value="metafactory"
                                                descriptor: CONST String type=kotlin.String value="(Ljava/lang/invoke/MethodHandles$Lookup;Ljava/lang/String;Ljava/lang/invoke/MethodType;Ljava/lang/invoke/MethodType;Ljava/lang/invoke/MethodHandle;Ljava/lang/invoke/MethodType;)Ljava/lang/invoke/CallSite;"
                                                isInterface: CONST Boolean type=kotlin.Boolean value=false
                                              bootstrapMethodArguments: VARARG type=kotlin.Array<kotlin.Any> varargElementType=kotlin.Any
                                                CALL 'public final fun <jvm-original-method-type> (method: kotlin.Any): kotlin.Any declared in kotlin.jvm.internal' type=kotlin.Any origin=null
                                                  method: RAW_FUNCTION_REFERENCE 'public abstract fun invoke (p1: P1 of kotlin.Function1): R of kotlin.Function1 [operator] declared in kotlin.Function1' type=kotlin.Any
                                                RAW_FUNCTION_REFERENCE 'private final fun invoke$lambda$3$lambda$2$lambda$1 (it: kotlin.Int): kotlin.Int declared in com.nuzio.newsapp.ui.MainActivity.onCreate.<no name provided>.invoke.<no name provided>' type=kotlin.Any
                                                CALL 'public final fun <jvm-original-method-type> (method: kotlin.Any): kotlin.Any declared in kotlin.jvm.internal' type=kotlin.Any origin=null
                                                  method: RAW_FUNCTION_REFERENCE 'public abstract fun invoke (p1: kotlin.Int?): kotlin.Int? [fake_override,operator] declared in kotlin.jvm.internal.invokeDynamic.<fake>' type=kotlin.Any
                                      enter: CALL 'public final fun fadeIn$default (animationSpec: androidx.compose.animation.core.FiniteAnimationSpec<kotlin.Float>?, initialAlpha: kotlin.Float, $mask0: kotlin.Int, $handler: kotlin.Any?): androidx.compose.animation.EnterTransition declared in androidx.compose.animation.EnterExitTransitionKt' type=androidx.compose.animation.EnterTransition origin=DEFAULT_DISPATCH_CALL
                                        animationSpec: TYPE_OP type=androidx.compose.animation.core.TweenSpec<kotlin.Float> origin=IMPLICIT_CAST typeOperand=androidx.compose.animation.core.TweenSpec<kotlin.Float>
                                          CALL 'public final fun tween$default <T> (durationMillis: kotlin.Int, delayMillis: kotlin.Int, easing: androidx.compose.animation.core.Easing?, $mask0: kotlin.Int, $handler: kotlin.Any?): androidx.compose.animation.core.TweenSpec<T of androidx.compose.animation.core.AnimationSpecKt.tween$default> declared in androidx.compose.animation.core.AnimationSpecKt' type=androidx.compose.animation.core.TweenSpec<T of androidx.compose.animation.core.AnimationSpecKt.tween$default> origin=DEFAULT_DISPATCH_CALL
                                            <T>: kotlin.Float
                                            durationMillis: CONST Int type=kotlin.Int value=300
                                            delayMillis: COMPOSITE type=kotlin.Int origin=DEFAULT_VALUE
                                              CONST Int type=kotlin.Int value=0
                                            easing: COMPOSITE type=androidx.compose.animation.core.Easing? origin=DEFAULT_VALUE
                                              CONST Null type=androidx.compose.animation.core.Easing? value=null
                                            $mask0: CONST Int type=kotlin.Int value=6
                                            $handler: CONST Null type=kotlin.Any? value=null
                                        initialAlpha: COMPOSITE type=kotlin.Float origin=DEFAULT_VALUE
                                          CONST Float type=kotlin.Float value=0.0
                                        $mask0: CONST Int type=kotlin.Int value=2
                                        $handler: CONST Null type=kotlin.Any? value=null
                              FUN INLINE_LAMBDA name:invoke$lambda$3 visibility:private modality:FINAL <> () returnType:@[ExtensionFunctionType] kotlin.Function1<IrErrorType(null), androidx.compose.animation.EnterTransition>
                                BLOCK_BODY
                                  VAR name:$i$a$-cache-MainActivity$onCreate$1$1$1 type:kotlin.Int [val]
                                    CONST Int type=kotlin.Int value=0
                                  RETURN type=kotlin.Nothing from='private final fun invoke$lambda$3 (): @[ExtensionFunctionType] kotlin.Function1<IrErrorType(null), androidx.compose.animation.EnterTransition> declared in com.nuzio.newsapp.ui.MainActivity.onCreate.<no name provided>.invoke.<no name provided>'
                                    BLOCK type=@[ExtensionFunctionType] kotlin.Function1<IrErrorType(null), androidx.compose.animation.EnterTransition> origin=LAMBDA
                                      COMPOSITE type=kotlin.Unit origin=null
                                      CALL 'public final fun <jvm-indy> <T> (dynamicCall: T of kotlin.jvm.internal.<jvm-indy>, bootstrapMethodHandle: kotlin.Any, vararg bootstrapMethodArguments: kotlin.Any): T of kotlin.jvm.internal.<jvm-indy> declared in kotlin.jvm.internal' type=@[ExtensionFunctionType] kotlin.Function1<IrErrorType(null), androidx.compose.animation.EnterTransition> origin=null
                                        <T>: @[ExtensionFunctionType] kotlin.Function1<IrErrorType(null), androidx.compose.animation.EnterTransition>
                                        dynamicCall: CALL 'public final fun invoke (): @[ExtensionFunctionType] kotlin.Function1<IrErrorType(null), androidx.compose.animation.EnterTransition> declared in kotlin.jvm.internal.invokeDynamic' type=@[ExtensionFunctionType] kotlin.Function1<IrErrorType(null), androidx.compose.animation.EnterTransition> origin=null
                                        bootstrapMethodHandle: CALL 'public final fun <jvm-method-handle> (tag: kotlin.Int, owner: kotlin.String, name: kotlin.String, descriptor: kotlin.String, isInterface: kotlin.Boolean): kotlin.Any declared in kotlin.jvm.internal' type=kotlin.Any origin=null
                                          tag: CONST Int type=kotlin.Int value=6
                                          owner: CONST String type=kotlin.String value="java/lang/invoke/LambdaMetafactory"
                                          name: CONST String type=kotlin.String value="metafactory"
                                          descriptor: CONST String type=kotlin.String value="(Ljava/lang/invoke/MethodHandles$Lookup;Ljava/lang/String;Ljava/lang/invoke/MethodType;Ljava/lang/invoke/MethodType;Ljava/lang/invoke/MethodHandle;Ljava/lang/invoke/MethodType;)Ljava/lang/invoke/CallSite;"
                                          isInterface: CONST Boolean type=kotlin.Boolean value=false
                                        bootstrapMethodArguments: VARARG type=kotlin.Array<kotlin.Any> varargElementType=kotlin.Any
                                          CALL 'public final fun <jvm-original-method-type> (method: kotlin.Any): kotlin.Any declared in kotlin.jvm.internal' type=kotlin.Any origin=null
                                            method: RAW_FUNCTION_REFERENCE 'public abstract fun invoke (p1: P1 of kotlin.Function1): R of kotlin.Function1 [operator] declared in kotlin.Function1' type=kotlin.Any
                                          RAW_FUNCTION_REFERENCE 'private final fun invoke$lambda$3$lambda$2 ($this$AnimatedNavHost: IrErrorType(null)): androidx.compose.animation.EnterTransition declared in com.nuzio.newsapp.ui.MainActivity.onCreate.<no name provided>.invoke.<no name provided>' type=kotlin.Any
                                          CALL 'public final fun <jvm-original-method-type> (method: kotlin.Any): kotlin.Any declared in kotlin.jvm.internal' type=kotlin.Any origin=null
                                            method: RAW_FUNCTION_REFERENCE 'public abstract fun invoke (p1: P1 of kotlin.Function1): androidx.compose.animation.EnterTransition [fake_override,operator] declared in kotlin.jvm.internal.invokeDynamic.<fake>' type=kotlin.Any
                              FUN LOCAL_FUNCTION_FOR_LAMBDA name:invoke$lambda$6$lambda$5$lambda$4 visibility:private modality:FINAL <> (it:kotlin.Int) returnType:kotlin.Int
                                VALUE_PARAMETER name:it index:0 type:kotlin.Int
                                BLOCK_BODY
                                  RETURN type=kotlin.Nothing from='private final fun invoke$lambda$6$lambda$5$lambda$4 (it: kotlin.Int): kotlin.Int declared in com.nuzio.newsapp.ui.MainActivity.onCreate.<no name provided>.invoke.<no name provided>'
                                    CONST Int type=kotlin.Int value=-1000
                              FUN LOCAL_FUNCTION_FOR_LAMBDA name:invoke$lambda$6$lambda$5 visibility:private modality:FINAL <> ($this$AnimatedNavHost:IrErrorType(null)) returnType:androidx.compose.animation.ExitTransition
                                VALUE_PARAMETER name:$this$AnimatedNavHost index:0 type:IrErrorType(null)
                                BLOCK_BODY
                                  RETURN type=kotlin.Nothing from='private final fun invoke$lambda$6$lambda$5 ($this$AnimatedNavHost: IrErrorType(null)): androidx.compose.animation.ExitTransition declared in com.nuzio.newsapp.ui.MainActivity.onCreate.<no name provided>.invoke.<no name provided>'
                                    CALL 'public final fun plus (exit: androidx.compose.animation.ExitTransition): androidx.compose.animation.ExitTransition [operator] declared in androidx.compose.animation.ExitTransition' type=androidx.compose.animation.ExitTransition origin=PLUS
                                      $this: BLOCK type=androidx.compose.animation.ExitTransition origin=ARGUMENTS_REORDERING_FOR_CALL
                                        VAR IR_TEMPORARY_VARIABLE name:tmp0_animationSpec type:androidx.compose.animation.core.TweenSpec<androidx.compose.ui.unit.IntOffset> [val]
                                          TYPE_OP type=androidx.compose.animation.core.TweenSpec<androidx.compose.ui.unit.IntOffset> origin=IMPLICIT_CAST typeOperand=androidx.compose.animation.core.TweenSpec<androidx.compose.ui.unit.IntOffset>
                                            CALL 'public final fun tween$default <T> (durationMillis: kotlin.Int, delayMillis: kotlin.Int, easing: androidx.compose.animation.core.Easing?, $mask0: kotlin.Int, $handler: kotlin.Any?): androidx.compose.animation.core.TweenSpec<T of androidx.compose.animation.core.AnimationSpecKt.tween$default> declared in androidx.compose.animation.core.AnimationSpecKt' type=androidx.compose.animation.core.TweenSpec<T of androidx.compose.animation.core.AnimationSpecKt.tween$default> origin=DEFAULT_DISPATCH_CALL
                                              <T>: androidx.compose.ui.unit.IntOffset
                                              durationMillis: CONST Int type=kotlin.Int value=300
                                              delayMillis: COMPOSITE type=kotlin.Int origin=DEFAULT_VALUE
                                                CONST Int type=kotlin.Int value=0
                                              easing: COMPOSITE type=androidx.compose.animation.core.Easing? origin=DEFAULT_VALUE
                                                CONST Null type=androidx.compose.animation.core.Easing? value=null
                                              $mask0: CONST Int type=kotlin.Int value=6
                                              $handler: CONST Null type=kotlin.Any? value=null
                                        CALL 'public final fun slideOutHorizontally (animationSpec: androidx.compose.animation.core.FiniteAnimationSpec<androidx.compose.ui.unit.IntOffset>, targetOffsetX: kotlin.Function1<@[ParameterName(name = "fullWidth")] kotlin.Int, kotlin.Int>): androidx.compose.animation.ExitTransition declared in androidx.compose.animation.EnterExitTransitionKt' type=androidx.compose.animation.ExitTransition origin=null
                                          animationSpec: GET_VAR 'val tmp0_animationSpec: androidx.compose.animation.core.TweenSpec<androidx.compose.ui.unit.IntOffset> [val] declared in com.nuzio.newsapp.ui.MainActivity.onCreate.<no name provided>.invoke.<no name provided>.invoke$lambda$6$lambda$5' type=androidx.compose.animation.core.TweenSpec<androidx.compose.ui.unit.IntOffset> origin=null
                                          targetOffsetX: BLOCK type=kotlin.Function1<kotlin.Int, kotlin.Int> origin=LAMBDA
                                            COMPOSITE type=kotlin.Unit origin=null
                                            CALL 'public final fun <jvm-indy> <T> (dynamicCall: T of kotlin.jvm.internal.<jvm-indy>, bootstrapMethodHandle: kotlin.Any, vararg bootstrapMethodArguments: kotlin.Any): T of kotlin.jvm.internal.<jvm-indy> declared in kotlin.jvm.internal' type=kotlin.Function1<kotlin.Int, kotlin.Int> origin=null
                                              <T>: kotlin.Function1<kotlin.Int, kotlin.Int>
                                              dynamicCall: CALL 'public final fun invoke (): kotlin.Function1<kotlin.Int, kotlin.Int> declared in kotlin.jvm.internal.invokeDynamic' type=kotlin.Function1<kotlin.Int, kotlin.Int> origin=null
                                              bootstrapMethodHandle: CALL 'public final fun <jvm-method-handle> (tag: kotlin.Int, owner: kotlin.String, name: kotlin.String, descriptor: kotlin.String, isInterface: kotlin.Boolean): kotlin.Any declared in kotlin.jvm.internal' type=kotlin.Any origin=null
                                                tag: CONST Int type=kotlin.Int value=6
                                                owner: CONST String type=kotlin.String value="java/lang/invoke/LambdaMetafactory"
                                                name: CONST String type=kotlin.String value="metafactory"
                                                descriptor: CONST String type=kotlin.String value="(Ljava/lang/invoke/MethodHandles$Lookup;Ljava/lang/String;Ljava/lang/invoke/MethodType;Ljava/lang/invoke/MethodType;Ljava/lang/invoke/MethodHandle;Ljava/lang/invoke/MethodType;)Ljava/lang/invoke/CallSite;"
                                                isInterface: CONST Boolean type=kotlin.Boolean value=false
                                              bootstrapMethodArguments: VARARG type=kotlin.Array<kotlin.Any> varargElementType=kotlin.Any
                                                CALL 'public final fun <jvm-original-method-type> (method: kotlin.Any): kotlin.Any declared in kotlin.jvm.internal' type=kotlin.Any origin=null
                                                  method: RAW_FUNCTION_REFERENCE 'public abstract fun invoke (p1: P1 of kotlin.Function1): R of kotlin.Function1 [operator] declared in kotlin.Function1' type=kotlin.Any
                                                RAW_FUNCTION_REFERENCE 'private final fun invoke$lambda$6$lambda$5$lambda$4 (it: kotlin.Int): kotlin.Int declared in com.nuzio.newsapp.ui.MainActivity.onCreate.<no name provided>.invoke.<no name provided>' type=kotlin.Any
                                                CALL 'public final fun <jvm-original-method-type> (method: kotlin.Any): kotlin.Any declared in kotlin.jvm.internal' type=kotlin.Any origin=null
                                                  method: RAW_FUNCTION_REFERENCE 'public abstract fun invoke (p1: kotlin.Int?): kotlin.Int? [fake_override,operator] declared in kotlin.jvm.internal.invokeDynamic.<fake>' type=kotlin.Any
                                      exit: CALL 'public final fun fadeOut$default (animationSpec: androidx.compose.animation.core.FiniteAnimationSpec<kotlin.Float>?, targetAlpha: kotlin.Float, $mask0: kotlin.Int, $handler: kotlin.Any?): androidx.compose.animation.ExitTransition declared in androidx.compose.animation.EnterExitTransitionKt' type=androidx.compose.animation.ExitTransition origin=DEFAULT_DISPATCH_CALL
                                        animationSpec: TYPE_OP type=androidx.compose.animation.core.TweenSpec<kotlin.Float> origin=IMPLICIT_CAST typeOperand=androidx.compose.animation.core.TweenSpec<kotlin.Float>
                                          CALL 'public final fun tween$default <T> (durationMillis: kotlin.Int, delayMillis: kotlin.Int, easing: androidx.compose.animation.core.Easing?, $mask0: kotlin.Int, $handler: kotlin.Any?): androidx.compose.animation.core.TweenSpec<T of androidx.compose.animation.core.AnimationSpecKt.tween$default> declared in androidx.compose.animation.core.AnimationSpecKt' type=androidx.compose.animation.core.TweenSpec<T of androidx.compose.animation.core.AnimationSpecKt.tween$default> origin=DEFAULT_DISPATCH_CALL
                                            <T>: kotlin.Float
                                            durationMillis: CONST Int type=kotlin.Int value=300
                                            delayMillis: COMPOSITE type=kotlin.Int origin=DEFAULT_VALUE
                                              CONST Int type=kotlin.Int value=0
                                            easing: COMPOSITE type=androidx.compose.animation.core.Easing? origin=DEFAULT_VALUE
                                              CONST Null type=androidx.compose.animation.core.Easing? value=null
                                            $mask0: CONST Int type=kotlin.Int value=6
                                            $handler: CONST Null type=kotlin.Any? value=null
                                        targetAlpha: COMPOSITE type=kotlin.Float origin=DEFAULT_VALUE
                                          CONST Float type=kotlin.Float value=0.0
                                        $mask0: CONST Int type=kotlin.Int value=2
                                        $handler: CONST Null type=kotlin.Any? value=null
                              FUN INLINE_LAMBDA name:invoke$lambda$6 visibility:private modality:FINAL <> () returnType:@[ExtensionFunctionType] kotlin.Function1<IrErrorType(null), androidx.compose.animation.ExitTransition>
                                BLOCK_BODY
                                  VAR name:$i$a$-cache-MainActivity$onCreate$1$1$2 type:kotlin.Int [val]
                                    CONST Int type=kotlin.Int value=0
                                  RETURN type=kotlin.Nothing from='private final fun invoke$lambda$6 (): @[ExtensionFunctionType] kotlin.Function1<IrErrorType(null), androidx.compose.animation.ExitTransition> declared in com.nuzio.newsapp.ui.MainActivity.onCreate.<no name provided>.invoke.<no name provided>'
                                    BLOCK type=@[ExtensionFunctionType] kotlin.Function1<IrErrorType(null), androidx.compose.animation.ExitTransition> origin=LAMBDA
                                      COMPOSITE type=kotlin.Unit origin=null
                                      CALL 'public final fun <jvm-indy> <T> (dynamicCall: T of kotlin.jvm.internal.<jvm-indy>, bootstrapMethodHandle: kotlin.Any, vararg bootstrapMethodArguments: kotlin.Any): T of kotlin.jvm.internal.<jvm-indy> declared in kotlin.jvm.internal' type=@[ExtensionFunctionType] kotlin.Function1<IrErrorType(null), androidx.compose.animation.ExitTransition> origin=null
                                        <T>: @[ExtensionFunctionType] kotlin.Function1<IrErrorType(null), androidx.compose.animation.ExitTransition>
                                        dynamicCall: CALL 'public final fun invoke (): @[ExtensionFunctionType] kotlin.Function1<IrErrorType(null), androidx.compose.animation.ExitTransition> declared in kotlin.jvm.internal.invokeDynamic' type=@[ExtensionFunctionType] kotlin.Function1<IrErrorType(null), androidx.compose.animation.ExitTransition> origin=null
                                        bootstrapMethodHandle: CALL 'public final fun <jvm-method-handle> (tag: kotlin.Int, owner: kotlin.String, name: kotlin.String, descriptor: kotlin.String, isInterface: kotlin.Boolean): kotlin.Any declared in kotlin.jvm.internal' type=kotlin.Any origin=null
                                          tag: CONST Int type=kotlin.Int value=6
                                          owner: CONST String type=kotlin.String value="java/lang/invoke/LambdaMetafactory"
                                          name: CONST String type=kotlin.String value="metafactory"
                                          descriptor: CONST String type=kotlin.String value="(Ljava/lang/invoke/MethodHandles$Lookup;Ljava/lang/String;Ljava/lang/invoke/MethodType;Ljava/lang/invoke/MethodType;Ljava/lang/invoke/MethodHandle;Ljava/lang/invoke/MethodType;)Ljava/lang/invoke/CallSite;"
                                          isInterface: CONST Boolean type=kotlin.Boolean value=false
                                        bootstrapMethodArguments: VARARG type=kotlin.Array<kotlin.Any> varargElementType=kotlin.Any
                                          CALL 'public final fun <jvm-original-method-type> (method: kotlin.Any): kotlin.Any declared in kotlin.jvm.internal' type=kotlin.Any origin=null
                                            method: RAW_FUNCTION_REFERENCE 'public abstract fun invoke (p1: P1 of kotlin.Function1): R of kotlin.Function1 [operator] declared in kotlin.Function1' type=kotlin.Any
                                          RAW_FUNCTION_REFERENCE 'private final fun invoke$lambda$6$lambda$5 ($this$AnimatedNavHost: IrErrorType(null)): androidx.compose.animation.ExitTransition declared in com.nuzio.newsapp.ui.MainActivity.onCreate.<no name provided>.invoke.<no name provided>' type=kotlin.Any
                                          CALL 'public final fun <jvm-original-method-type> (method: kotlin.Any): kotlin.Any declared in kotlin.jvm.internal' type=kotlin.Any origin=null
                                            method: RAW_FUNCTION_REFERENCE 'public abstract fun invoke (p1: P1 of kotlin.Function1): androidx.compose.animation.ExitTransition [fake_override,operator] declared in kotlin.jvm.internal.invokeDynamic.<fake>' type=kotlin.Any
                              FUN LOCAL_FUNCTION_FOR_LAMBDA name:invoke$lambda$9$lambda$8$lambda$7 visibility:private modality:FINAL <> (it:kotlin.Int) returnType:kotlin.Int
                                VALUE_PARAMETER name:it index:0 type:kotlin.Int
                                BLOCK_BODY
                                  RETURN type=kotlin.Nothing from='private final fun invoke$lambda$9$lambda$8$lambda$7 (it: kotlin.Int): kotlin.Int declared in com.nuzio.newsapp.ui.MainActivity.onCreate.<no name provided>.invoke.<no name provided>'
                                    CONST Int type=kotlin.Int value=-1000
                              FUN LOCAL_FUNCTION_FOR_LAMBDA name:invoke$lambda$9$lambda$8 visibility:private modality:FINAL <> ($this$AnimatedNavHost:IrErrorType(null)) returnType:androidx.compose.animation.EnterTransition
                                VALUE_PARAMETER name:$this$AnimatedNavHost index:0 type:IrErrorType(null)
                                BLOCK_BODY
                                  RETURN type=kotlin.Nothing from='private final fun invoke$lambda$9$lambda$8 ($this$AnimatedNavHost: IrErrorType(null)): androidx.compose.animation.EnterTransition declared in com.nuzio.newsapp.ui.MainActivity.onCreate.<no name provided>.invoke.<no name provided>'
                                    CALL 'public final fun plus (enter: androidx.compose.animation.EnterTransition): androidx.compose.animation.EnterTransition [operator] declared in androidx.compose.animation.EnterTransition' type=androidx.compose.animation.EnterTransition origin=PLUS
                                      $this: BLOCK type=androidx.compose.animation.EnterTransition origin=ARGUMENTS_REORDERING_FOR_CALL
                                        VAR IR_TEMPORARY_VARIABLE name:tmp0_animationSpec type:androidx.compose.animation.core.TweenSpec<androidx.compose.ui.unit.IntOffset> [val]
                                          TYPE_OP type=androidx.compose.animation.core.TweenSpec<androidx.compose.ui.unit.IntOffset> origin=IMPLICIT_CAST typeOperand=androidx.compose.animation.core.TweenSpec<androidx.compose.ui.unit.IntOffset>
                                            CALL 'public final fun tween$default <T> (durationMillis: kotlin.Int, delayMillis: kotlin.Int, easing: androidx.compose.animation.core.Easing?, $mask0: kotlin.Int, $handler: kotlin.Any?): androidx.compose.animation.core.TweenSpec<T of androidx.compose.animation.core.AnimationSpecKt.tween$default> declared in androidx.compose.animation.core.AnimationSpecKt' type=androidx.compose.animation.core.TweenSpec<T of androidx.compose.animation.core.AnimationSpecKt.tween$default> origin=DEFAULT_DISPATCH_CALL
                                              <T>: androidx.compose.ui.unit.IntOffset
                                              durationMillis: CONST Int type=kotlin.Int value=300
                                              delayMillis: COMPOSITE type=kotlin.Int origin=DEFAULT_VALUE
                                                CONST Int type=kotlin.Int value=0
                                              easing: COMPOSITE type=androidx.compose.animation.core.Easing? origin=DEFAULT_VALUE
                                                CONST Null type=androidx.compose.animation.core.Easing? value=null
                                              $mask0: CONST Int type=kotlin.Int value=6
                                              $handler: CONST Null type=kotlin.Any? value=null
                                        CALL 'public final fun slideInHorizontally (animationSpec: androidx.compose.animation.core.FiniteAnimationSpec<androidx.compose.ui.unit.IntOffset>, initialOffsetX: kotlin.Function1<@[ParameterName(name = "fullWidth")] kotlin.Int, kotlin.Int>): androidx.compose.animation.EnterTransition declared in androidx.compose.animation.EnterExitTransitionKt' type=androidx.compose.animation.EnterTransition origin=null
                                          animationSpec: GET_VAR 'val tmp0_animationSpec: androidx.compose.animation.core.TweenSpec<androidx.compose.ui.unit.IntOffset> [val] declared in com.nuzio.newsapp.ui.MainActivity.onCreate.<no name provided>.invoke.<no name provided>.invoke$lambda$9$lambda$8' type=androidx.compose.animation.core.TweenSpec<androidx.compose.ui.unit.IntOffset> origin=null
                                          initialOffsetX: BLOCK type=kotlin.Function1<kotlin.Int, kotlin.Int> origin=LAMBDA
                                            COMPOSITE type=kotlin.Unit origin=null
                                            CALL 'public final fun <jvm-indy> <T> (dynamicCall: T of kotlin.jvm.internal.<jvm-indy>, bootstrapMethodHandle: kotlin.Any, vararg bootstrapMethodArguments: kotlin.Any): T of kotlin.jvm.internal.<jvm-indy> declared in kotlin.jvm.internal' type=kotlin.Function1<kotlin.Int, kotlin.Int> origin=null
                                              <T>: kotlin.Function1<kotlin.Int, kotlin.Int>
                                              dynamicCall: CALL 'public final fun invoke (): kotlin.Function1<kotlin.Int, kotlin.Int> declared in kotlin.jvm.internal.invokeDynamic' type=kotlin.Function1<kotlin.Int, kotlin.Int> origin=null
                                              bootstrapMethodHandle: CALL 'public final fun <jvm-method-handle> (tag: kotlin.Int, owner: kotlin.String, name: kotlin.String, descriptor: kotlin.String, isInterface: kotlin.Boolean): kotlin.Any declared in kotlin.jvm.internal' type=kotlin.Any origin=null
                                                tag: CONST Int type=kotlin.Int value=6
                                                owner: CONST String type=kotlin.String value="java/lang/invoke/LambdaMetafactory"
                                                name: CONST String type=kotlin.String value="metafactory"
                                                descriptor: CONST String type=kotlin.String value="(Ljava/lang/invoke/MethodHandles$Lookup;Ljava/lang/String;Ljava/lang/invoke/MethodType;Ljava/lang/invoke/MethodType;Ljava/lang/invoke/MethodHandle;Ljava/lang/invoke/MethodType;)Ljava/lang/invoke/CallSite;"
                                                isInterface: CONST Boolean type=kotlin.Boolean value=false
                                              bootstrapMethodArguments: VARARG type=kotlin.Array<kotlin.Any> varargElementType=kotlin.Any
                                                CALL 'public final fun <jvm-original-method-type> (method: kotlin.Any): kotlin.Any declared in kotlin.jvm.internal' type=kotlin.Any origin=null
                                                  method: RAW_FUNCTION_REFERENCE 'public abstract fun invoke (p1: P1 of kotlin.Function1): R of kotlin.Function1 [operator] declared in kotlin.Function1' type=kotlin.Any
                                                RAW_FUNCTION_REFERENCE 'private final fun invoke$lambda$9$lambda$8$lambda$7 (it: kotlin.Int): kotlin.Int declared in com.nuzio.newsapp.ui.MainActivity.onCreate.<no name provided>.invoke.<no name provided>' type=kotlin.Any
                                                CALL 'public final fun <jvm-original-method-type> (method: kotlin.Any): kotlin.Any declared in kotlin.jvm.internal' type=kotlin.Any origin=null
                                                  method: RAW_FUNCTION_REFERENCE 'public abstract fun invoke (p1: kotlin.Int?): kotlin.Int? [fake_override,operator] declared in kotlin.jvm.internal.invokeDynamic.<fake>' type=kotlin.Any
                                      enter: CALL 'public final fun fadeIn$default (animationSpec: androidx.compose.animation.core.FiniteAnimationSpec<kotlin.Float>?, initialAlpha: kotlin.Float, $mask0: kotlin.Int, $handler: kotlin.Any?): androidx.compose.animation.EnterTransition declared in androidx.compose.animation.EnterExitTransitionKt' type=androidx.compose.animation.EnterTransition origin=DEFAULT_DISPATCH_CALL
                                        animationSpec: TYPE_OP type=androidx.compose.animation.core.TweenSpec<kotlin.Float> origin=IMPLICIT_CAST typeOperand=androidx.compose.animation.core.TweenSpec<kotlin.Float>
                                          CALL 'public final fun tween$default <T> (durationMillis: kotlin.Int, delayMillis: kotlin.Int, easing: androidx.compose.animation.core.Easing?, $mask0: kotlin.Int, $handler: kotlin.Any?): androidx.compose.animation.core.TweenSpec<T of androidx.compose.animation.core.AnimationSpecKt.tween$default> declared in androidx.compose.animation.core.AnimationSpecKt' type=androidx.compose.animation.core.TweenSpec<T of androidx.compose.animation.core.AnimationSpecKt.tween$default> origin=DEFAULT_DISPATCH_CALL
                                            <T>: kotlin.Float
                                            durationMillis: CONST Int type=kotlin.Int value=300
                                            delayMillis: COMPOSITE type=kotlin.Int origin=DEFAULT_VALUE
                                              CONST Int type=kotlin.Int value=0
                                            easing: COMPOSITE type=androidx.compose.animation.core.Easing? origin=DEFAULT_VALUE
                                              CONST Null type=androidx.compose.animation.core.Easing? value=null
                                            $mask0: CONST Int type=kotlin.Int value=6
                                            $handler: CONST Null type=kotlin.Any? value=null
                                        initialAlpha: COMPOSITE type=kotlin.Float origin=DEFAULT_VALUE
                                          CONST Float type=kotlin.Float value=0.0
                                        $mask0: CONST Int type=kotlin.Int value=2
                                        $handler: CONST Null type=kotlin.Any? value=null
                              FUN INLINE_LAMBDA name:invoke$lambda$9 visibility:private modality:FINAL <> () returnType:@[ExtensionFunctionType] kotlin.Function1<IrErrorType(null), androidx.compose.animation.EnterTransition>
                                BLOCK_BODY
                                  VAR name:$i$a$-cache-MainActivity$onCreate$1$1$3 type:kotlin.Int [val]
                                    CONST Int type=kotlin.Int value=0
                                  RETURN type=kotlin.Nothing from='private final fun invoke$lambda$9 (): @[ExtensionFunctionType] kotlin.Function1<IrErrorType(null), androidx.compose.animation.EnterTransition> declared in com.nuzio.newsapp.ui.MainActivity.onCreate.<no name provided>.invoke.<no name provided>'
                                    BLOCK type=@[ExtensionFunctionType] kotlin.Function1<IrErrorType(null), androidx.compose.animation.EnterTransition> origin=LAMBDA
                                      COMPOSITE type=kotlin.Unit origin=null
                                      CALL 'public final fun <jvm-indy> <T> (dynamicCall: T of kotlin.jvm.internal.<jvm-indy>, bootstrapMethodHandle: kotlin.Any, vararg bootstrapMethodArguments: kotlin.Any): T of kotlin.jvm.internal.<jvm-indy> declared in kotlin.jvm.internal' type=@[ExtensionFunctionType] kotlin.Function1<IrErrorType(null), androidx.compose.animation.EnterTransition> origin=null
                                        <T>: @[ExtensionFunctionType] kotlin.Function1<IrErrorType(null), androidx.compose.animation.EnterTransition>
                                        dynamicCall: CALL 'public final fun invoke (): @[ExtensionFunctionType] kotlin.Function1<IrErrorType(null), androidx.compose.animation.EnterTransition> declared in kotlin.jvm.internal.invokeDynamic' type=@[ExtensionFunctionType] kotlin.Function1<IrErrorType(null), androidx.compose.animation.EnterTransition> origin=null
                                        bootstrapMethodHandle: CALL 'public final fun <jvm-method-handle> (tag: kotlin.Int, owner: kotlin.String, name: kotlin.String, descriptor: kotlin.String, isInterface: kotlin.Boolean): kotlin.Any declared in kotlin.jvm.internal' type=kotlin.Any origin=null
                                          tag: CONST Int type=kotlin.Int value=6
                                          owner: CONST String type=kotlin.String value="java/lang/invoke/LambdaMetafactory"
                                          name: CONST String type=kotlin.String value="metafactory"
                                          descriptor: CONST String type=kotlin.String value="(Ljava/lang/invoke/MethodHandles$Lookup;Ljava/lang/String;Ljava/lang/invoke/MethodType;Ljava/lang/invoke/MethodType;Ljava/lang/invoke/MethodHandle;Ljava/lang/invoke/MethodType;)Ljava/lang/invoke/CallSite;"
                                          isInterface: CONST Boolean type=kotlin.Boolean value=false
                                        bootstrapMethodArguments: VARARG type=kotlin.Array<kotlin.Any> varargElementType=kotlin.Any
                                          CALL 'public final fun <jvm-original-method-type> (method: kotlin.Any): kotlin.Any declared in kotlin.jvm.internal' type=kotlin.Any origin=null
                                            method: RAW_FUNCTION_REFERENCE 'public abstract fun invoke (p1: P1 of kotlin.Function1): R of kotlin.Function1 [operator] declared in kotlin.Function1' type=kotlin.Any
                                          RAW_FUNCTION_REFERENCE 'private final fun invoke$lambda$9$lambda$8 ($this$AnimatedNavHost: IrErrorType(null)): androidx.compose.animation.EnterTransition declared in com.nuzio.newsapp.ui.MainActivity.onCreate.<no name provided>.invoke.<no name provided>' type=kotlin.Any
                                          CALL 'public final fun <jvm-original-method-type> (method: kotlin.Any): kotlin.Any declared in kotlin.jvm.internal' type=kotlin.Any origin=null
                                            method: RAW_FUNCTION_REFERENCE 'public abstract fun invoke (p1: P1 of kotlin.Function1): androidx.compose.animation.EnterTransition [fake_override,operator] declared in kotlin.jvm.internal.invokeDynamic.<fake>' type=kotlin.Any
                              FUN LOCAL_FUNCTION_FOR_LAMBDA name:invoke$lambda$12$lambda$11$lambda$10 visibility:private modality:FINAL <> (it:kotlin.Int) returnType:kotlin.Int
                                VALUE_PARAMETER name:it index:0 type:kotlin.Int
                                BLOCK_BODY
                                  RETURN type=kotlin.Nothing from='private final fun invoke$lambda$12$lambda$11$lambda$10 (it: kotlin.Int): kotlin.Int declared in com.nuzio.newsapp.ui.MainActivity.onCreate.<no name provided>.invoke.<no name provided>'
                                    CONST Int type=kotlin.Int value=1000
                              FUN LOCAL_FUNCTION_FOR_LAMBDA name:invoke$lambda$12$lambda$11 visibility:private modality:FINAL <> ($this$AnimatedNavHost:IrErrorType(null)) returnType:androidx.compose.animation.ExitTransition
                                VALUE_PARAMETER name:$this$AnimatedNavHost index:0 type:IrErrorType(null)
                                BLOCK_BODY
                                  RETURN type=kotlin.Nothing from='private final fun invoke$lambda$12$lambda$11 ($this$AnimatedNavHost: IrErrorType(null)): androidx.compose.animation.ExitTransition declared in com.nuzio.newsapp.ui.MainActivity.onCreate.<no name provided>.invoke.<no name provided>'
                                    CALL 'public final fun plus (exit: androidx.compose.animation.ExitTransition): androidx.compose.animation.ExitTransition [operator] declared in androidx.compose.animation.ExitTransition' type=androidx.compose.animation.ExitTransition origin=PLUS
                                      $this: BLOCK type=androidx.compose.animation.ExitTransition origin=ARGUMENTS_REORDERING_FOR_CALL
                                        VAR IR_TEMPORARY_VARIABLE name:tmp0_animationSpec type:androidx.compose.animation.core.TweenSpec<androidx.compose.ui.unit.IntOffset> [val]
                                          TYPE_OP type=androidx.compose.animation.core.TweenSpec<androidx.compose.ui.unit.IntOffset> origin=IMPLICIT_CAST typeOperand=androidx.compose.animation.core.TweenSpec<androidx.compose.ui.unit.IntOffset>
                                            CALL 'public final fun tween$default <T> (durationMillis: kotlin.Int, delayMillis: kotlin.Int, easing: androidx.compose.animation.core.Easing?, $mask0: kotlin.Int, $handler: kotlin.Any?): androidx.compose.animation.core.TweenSpec<T of androidx.compose.animation.core.AnimationSpecKt.tween$default> declared in androidx.compose.animation.core.AnimationSpecKt' type=androidx.compose.animation.core.TweenSpec<T of androidx.compose.animation.core.AnimationSpecKt.tween$default> origin=DEFAULT_DISPATCH_CALL
                                              <T>: androidx.compose.ui.unit.IntOffset
                                              durationMillis: CONST Int type=kotlin.Int value=300
                                              delayMillis: COMPOSITE type=kotlin.Int origin=DEFAULT_VALUE
                                                CONST Int type=kotlin.Int value=0
                                              easing: COMPOSITE type=androidx.compose.animation.core.Easing? origin=DEFAULT_VALUE
                                                CONST Null type=androidx.compose.animation.core.Easing? value=null
                                              $mask0: CONST Int type=kotlin.Int value=6
                                              $handler: CONST Null type=kotlin.Any? value=null
                                        CALL 'public final fun slideOutHorizontally (animationSpec: androidx.compose.animation.core.FiniteAnimationSpec<androidx.compose.ui.unit.IntOffset>, targetOffsetX: kotlin.Function1<@[ParameterName(name = "fullWidth")] kotlin.Int, kotlin.Int>): androidx.compose.animation.ExitTransition declared in androidx.compose.animation.EnterExitTransitionKt' type=androidx.compose.animation.ExitTransition origin=null
                                          animationSpec: GET_VAR 'val tmp0_animationSpec: androidx.compose.animation.core.TweenSpec<androidx.compose.ui.unit.IntOffset> [val] declared in com.nuzio.newsapp.ui.MainActivity.onCreate.<no name provided>.invoke.<no name provided>.invoke$lambda$12$lambda$11' type=androidx.compose.animation.core.TweenSpec<androidx.compose.ui.unit.IntOffset> origin=null
                                          targetOffsetX: BLOCK type=kotlin.Function1<kotlin.Int, kotlin.Int> origin=LAMBDA
                                            COMPOSITE type=kotlin.Unit origin=null
                                            CALL 'public final fun <jvm-indy> <T> (dynamicCall: T of kotlin.jvm.internal.<jvm-indy>, bootstrapMethodHandle: kotlin.Any, vararg bootstrapMethodArguments: kotlin.Any): T of kotlin.jvm.internal.<jvm-indy> declared in kotlin.jvm.internal' type=kotlin.Function1<kotlin.Int, kotlin.Int> origin=null
                                              <T>: kotlin.Function1<kotlin.Int, kotlin.Int>
                                              dynamicCall: CALL 'public final fun invoke (): kotlin.Function1<kotlin.Int, kotlin.Int> declared in kotlin.jvm.internal.invokeDynamic' type=kotlin.Function1<kotlin.Int, kotlin.Int> origin=null
                                              bootstrapMethodHandle: CALL 'public final fun <jvm-method-handle> (tag: kotlin.Int, owner: kotlin.String, name: kotlin.String, descriptor: kotlin.String, isInterface: kotlin.Boolean): kotlin.Any declared in kotlin.jvm.internal' type=kotlin.Any origin=null
                                                tag: CONST Int type=kotlin.Int value=6
                                                owner: CONST String type=kotlin.String value="java/lang/invoke/LambdaMetafactory"
                                                name: CONST String type=kotlin.String value="metafactory"
                                                descriptor: CONST String type=kotlin.String value="(Ljava/lang/invoke/MethodHandles$Lookup;Ljava/lang/String;Ljava/lang/invoke/MethodType;Ljava/lang/invoke/MethodType;Ljava/lang/invoke/MethodHandle;Ljava/lang/invoke/MethodType;)Ljava/lang/invoke/CallSite;"
                                                isInterface: CONST Boolean type=kotlin.Boolean value=false
                                              bootstrapMethodArguments: VARARG type=kotlin.Array<kotlin.Any> varargElementType=kotlin.Any
                                                CALL 'public final fun <jvm-original-method-type> (method: kotlin.Any): kotlin.Any declared in kotlin.jvm.internal' type=kotlin.Any origin=null
                                                  method: RAW_FUNCTION_REFERENCE 'public abstract fun invoke (p1: P1 of kotlin.Function1): R of kotlin.Function1 [operator] declared in kotlin.Function1' type=kotlin.Any
                                                RAW_FUNCTION_REFERENCE 'private final fun invoke$lambda$12$lambda$11$lambda$10 (it: kotlin.Int): kotlin.Int declared in com.nuzio.newsapp.ui.MainActivity.onCreate.<no name provided>.invoke.<no name provided>' type=kotlin.Any
                                                CALL 'public final fun <jvm-original-method-type> (method: kotlin.Any): kotlin.Any declared in kotlin.jvm.internal' type=kotlin.Any origin=null
                                                  method: RAW_FUNCTION_REFERENCE 'public abstract fun invoke (p1: kotlin.Int?): kotlin.Int? [fake_override,operator] declared in kotlin.jvm.internal.invokeDynamic.<fake>' type=kotlin.Any
                                      exit: CALL 'public final fun fadeOut$default (animationSpec: androidx.compose.animation.core.FiniteAnimationSpec<kotlin.Float>?, targetAlpha: kotlin.Float, $mask0: kotlin.Int, $handler: kotlin.Any?): androidx.compose.animation.ExitTransition declared in androidx.compose.animation.EnterExitTransitionKt' type=androidx.compose.animation.ExitTransition origin=DEFAULT_DISPATCH_CALL
                                        animationSpec: TYPE_OP type=androidx.compose.animation.core.TweenSpec<kotlin.Float> origin=IMPLICIT_CAST typeOperand=androidx.compose.animation.core.TweenSpec<kotlin.Float>
                                          CALL 'public final fun tween$default <T> (durationMillis: kotlin.Int, delayMillis: kotlin.Int, easing: androidx.compose.animation.core.Easing?, $mask0: kotlin.Int, $handler: kotlin.Any?): androidx.compose.animation.core.TweenSpec<T of androidx.compose.animation.core.AnimationSpecKt.tween$default> declared in androidx.compose.animation.core.AnimationSpecKt' type=androidx.compose.animation.core.TweenSpec<T of androidx.compose.animation.core.AnimationSpecKt.tween$default> origin=DEFAULT_DISPATCH_CALL
                                            <T>: kotlin.Float
                                            durationMillis: CONST Int type=kotlin.Int value=300
                                            delayMillis: COMPOSITE type=kotlin.Int origin=DEFAULT_VALUE
                                              CONST Int type=kotlin.Int value=0
                                            easing: COMPOSITE type=androidx.compose.animation.core.Easing? origin=DEFAULT_VALUE
                                              CONST Null type=androidx.compose.animation.core.Easing? value=null
                                            $mask0: CONST Int type=kotlin.Int value=6
                                            $handler: CONST Null type=kotlin.Any? value=null
                                        targetAlpha: COMPOSITE type=kotlin.Float origin=DEFAULT_VALUE
                                          CONST Float type=kotlin.Float value=0.0
                                        $mask0: CONST Int type=kotlin.Int value=2
                                        $handler: CONST Null type=kotlin.Any? value=null
                              FUN INLINE_LAMBDA name:invoke$lambda$12 visibility:private modality:FINAL <> () returnType:@[ExtensionFunctionType] kotlin.Function1<IrErrorType(null), androidx.compose.animation.ExitTransition>
                                BLOCK_BODY
                                  VAR name:$i$a$-cache-MainActivity$onCreate$1$1$4 type:kotlin.Int [val]
                                    CONST Int type=kotlin.Int value=0
                                  RETURN type=kotlin.Nothing from='private final fun invoke$lambda$12 (): @[ExtensionFunctionType] kotlin.Function1<IrErrorType(null), androidx.compose.animation.ExitTransition> declared in com.nuzio.newsapp.ui.MainActivity.onCreate.<no name provided>.invoke.<no name provided>'
                                    BLOCK type=@[ExtensionFunctionType] kotlin.Function1<IrErrorType(null), androidx.compose.animation.ExitTransition> origin=LAMBDA
                                      COMPOSITE type=kotlin.Unit origin=null
                                      CALL 'public final fun <jvm-indy> <T> (dynamicCall: T of kotlin.jvm.internal.<jvm-indy>, bootstrapMethodHandle: kotlin.Any, vararg bootstrapMethodArguments: kotlin.Any): T of kotlin.jvm.internal.<jvm-indy> declared in kotlin.jvm.internal' type=@[ExtensionFunctionType] kotlin.Function1<IrErrorType(null), androidx.compose.animation.ExitTransition> origin=null
                                        <T>: @[ExtensionFunctionType] kotlin.Function1<IrErrorType(null), androidx.compose.animation.ExitTransition>
                                        dynamicCall: CALL 'public final fun invoke (): @[ExtensionFunctionType] kotlin.Function1<IrErrorType(null), androidx.compose.animation.ExitTransition> declared in kotlin.jvm.internal.invokeDynamic' type=@[ExtensionFunctionType] kotlin.Function1<IrErrorType(null), androidx.compose.animation.ExitTransition> origin=null
                                        bootstrapMethodHandle: CALL 'public final fun <jvm-method-handle> (tag: kotlin.Int, owner: kotlin.String, name: kotlin.String, descriptor: kotlin.String, isInterface: kotlin.Boolean): kotlin.Any declared in kotlin.jvm.internal' type=kotlin.Any origin=null
                                          tag: CONST Int type=kotlin.Int value=6
                                          owner: CONST String type=kotlin.String value="java/lang/invoke/LambdaMetafactory"
                                          name: CONST String type=kotlin.String value="metafactory"
                                          descriptor: CONST String type=kotlin.String value="(Ljava/lang/invoke/MethodHandles$Lookup;Ljava/lang/String;Ljava/lang/invoke/MethodType;Ljava/lang/invoke/MethodType;Ljava/lang/invoke/MethodHandle;Ljava/lang/invoke/MethodType;)Ljava/lang/invoke/CallSite;"
                                          isInterface: CONST Boolean type=kotlin.Boolean value=false
                                        bootstrapMethodArguments: VARARG type=kotlin.Array<kotlin.Any> varargElementType=kotlin.Any
                                          CALL 'public final fun <jvm-original-method-type> (method: kotlin.Any): kotlin.Any declared in kotlin.jvm.internal' type=kotlin.Any origin=null
                                            method: RAW_FUNCTION_REFERENCE 'public abstract fun invoke (p1: P1 of kotlin.Function1): R of kotlin.Function1 [operator] declared in kotlin.Function1' type=kotlin.Any
                                          RAW_FUNCTION_REFERENCE 'private final fun invoke$lambda$12$lambda$11 ($this$AnimatedNavHost: IrErrorType(null)): androidx.compose.animation.ExitTransition declared in com.nuzio.newsapp.ui.MainActivity.onCreate.<no name provided>.invoke.<no name provided>' type=kotlin.Any
                                          CALL 'public final fun <jvm-original-method-type> (method: kotlin.Any): kotlin.Any declared in kotlin.jvm.internal' type=kotlin.Any origin=null
                                            method: RAW_FUNCTION_REFERENCE 'public abstract fun invoke (p1: P1 of kotlin.Function1): androidx.compose.animation.ExitTransition [fake_override,operator] declared in kotlin.jvm.internal.invokeDynamic.<fake>' type=kotlin.Any
                              FUN LOCAL_FUNCTION_FOR_LAMBDA name:invoke$lambda$14$lambda$13 visibility:private modality:FINAL <> (this$0:com.nuzio.newsapp.ui.MainActivity, $navController:androidx.navigation.NavHostController, $this$AnimatedNavHost:androidx.navigation.NavGraphBuilder) returnType:kotlin.Unit?
                                VALUE_PARAMETER BOUND_VALUE_PARAMETER name:this$0 index:0 type:com.nuzio.newsapp.ui.MainActivity
                                VALUE_PARAMETER BOUND_VALUE_PARAMETER name:$navController index:1 type:androidx.navigation.NavHostController
                                VALUE_PARAMETER name:$this$AnimatedNavHost index:2 type:androidx.navigation.NavGraphBuilder
                                BLOCK_BODY
                                  CALL 'public final fun composable$default (route: kotlin.String, arguments: kotlin.collections.List<androidx.navigation.NamedNavArgument>?, deepLinks: kotlin.collections.List<androidx.navigation.NavDeepLink>?, enterTransition: @[ExtensionFunctionType] kotlin.Function1<IrErrorType(null), androidx.compose.animation.EnterTransition?>?, exitTransition: @[ExtensionFunctionType] kotlin.Function1<IrErrorType(null), androidx.compose.animation.ExitTransition?>?, popEnterTransition: @[ExtensionFunctionType] kotlin.Function1<IrErrorType(null), androidx.compose.animation.EnterTransition?>?, popExitTransition: @[ExtensionFunctionType] kotlin.Function1<IrErrorType(null), androidx.compose.animation.ExitTransition?>?, content: @[ExtensionFunctionType] kotlin.Function4<androidx.compose.animation.AnimatedVisibilityScope, androidx.navigation.NavBackStackEntry, androidx.compose.runtime.Composer, kotlin.Int, kotlin.Unit>, $mask0: kotlin.Int, $handler: kotlin.Any?): kotlin.Unit declared in com.google.accompanist.navigation.animation.NavGraphBuilderKt' type=kotlin.Unit origin=DEFAULT_DISPATCH_CALL
                                    $receiver: GET_VAR '$this$AnimatedNavHost: androidx.navigation.NavGraphBuilder declared in com.nuzio.newsapp.ui.MainActivity.onCreate.<no name provided>.invoke.<no name provided>.invoke$lambda$14$lambda$13' type=androidx.navigation.NavGraphBuilder origin=null
                                    route: CALL 'public final fun <get-route> (): kotlin.String [fake_override] declared in com.nuzio.newsapp.ui.Screen.Login' type=kotlin.String origin=GET_PROPERTY
                                      $this: GET_FIELD 'FIELD FIELD_FOR_OBJECT_INSTANCE name:INSTANCE type:com.nuzio.newsapp.ui.Screen.Login visibility:public [final,static] declared in com.nuzio.newsapp.ui.Screen.Login' type=com.nuzio.newsapp.ui.Screen.Login origin=null
                                    arguments: COMPOSITE type=kotlin.collections.List<androidx.navigation.NamedNavArgument>? origin=DEFAULT_VALUE
                                      CONST Null type=kotlin.collections.List<androidx.navigation.NamedNavArgument>? value=null
                                    deepLinks: COMPOSITE type=kotlin.collections.List<androidx.navigation.NavDeepLink>? origin=DEFAULT_VALUE
                                      CONST Null type=kotlin.collections.List<androidx.navigation.NavDeepLink>? value=null
                                    enterTransition: COMPOSITE type=@[ExtensionFunctionType] kotlin.Function1<IrErrorType(null), androidx.compose.animation.EnterTransition?>? origin=DEFAULT_VALUE
                                      CONST Null type=@[ExtensionFunctionType] kotlin.Function1<IrErrorType(null), androidx.compose.animation.EnterTransition?>? value=null
                                    exitTransition: COMPOSITE type=@[ExtensionFunctionType] kotlin.Function1<IrErrorType(null), androidx.compose.animation.ExitTransition?>? origin=DEFAULT_VALUE
                                      CONST Null type=@[ExtensionFunctionType] kotlin.Function1<IrErrorType(null), androidx.compose.animation.ExitTransition?>? value=null
                                    popEnterTransition: COMPOSITE type=@[ExtensionFunctionType] kotlin.Function1<IrErrorType(null), androidx.compose.animation.EnterTransition?>? origin=DEFAULT_VALUE
                                      CONST Null type=@[ExtensionFunctionType] kotlin.Function1<IrErrorType(null), androidx.compose.animation.EnterTransition?>? value=null
                                    popExitTransition: COMPOSITE type=@[ExtensionFunctionType] kotlin.Function1<IrErrorType(null), androidx.compose.animation.ExitTransition?>? origin=DEFAULT_VALUE
                                      CONST Null type=@[ExtensionFunctionType] kotlin.Function1<IrErrorType(null), androidx.compose.animation.ExitTransition?>? value=null
                                    content: CALL 'public final fun composableLambdaInstance (key: kotlin.Int, tracked: kotlin.Boolean, block: kotlin.Any): androidx.compose.runtime.internal.ComposableLambda declared in androidx.compose.runtime.internal.ComposableLambdaKt' type=androidx.compose.runtime.internal.ComposableLambda origin=null
                                      key: CONST Int type=kotlin.Int value=1217146699
                                      tracked: CONST Boolean type=kotlin.Boolean value=true
                                      block: BLOCK type=com.nuzio.newsapp.ui.MainActivity.onCreate.<no name provided>.invoke.<no name provided>.invoke$lambda$14$lambda$13.<no name provided> origin=null
                                        CLASS LAMBDA_IMPL CLASS name:<no name provided> modality:FINAL visibility:public/*package*/ superTypes:[kotlin.Any; kotlin.Function4<androidx.compose.animation.AnimatedVisibilityScope, androidx.navigation.NavBackStackEntry, androidx.compose.runtime.Composer, kotlin.Int, kotlin.Unit>]
                                          $this: VALUE_PARAMETER INSTANCE_RECEIVER name:<this> type:com.nuzio.newsapp.ui.MainActivity.onCreate.<no name provided>.invoke.<no name provided>.invoke$lambda$14$lambda$13.<no name provided>
                                          CONSTRUCTOR GENERATED_MEMBER_IN_CALLABLE_REFERENCE visibility:public/*package*/ <> (this$0:com.nuzio.newsapp.ui.MainActivity, $navController:androidx.navigation.NavHostController) returnType:com.nuzio.newsapp.ui.MainActivity.onCreate.<no name provided>.invoke.<no name provided>.invoke$lambda$14$lambda$13.<no name provided> [primary]
                                            VALUE_PARAMETER BOUND_RECEIVER_PARAMETER name:this$0 index:0 type:com.nuzio.newsapp.ui.MainActivity
                                            VALUE_PARAMETER BOUND_VALUE_PARAMETER name:$navController index:1 type:androidx.navigation.NavHostController
                                            BLOCK_BODY
                                              SET_FIELD 'FIELD FIELD_FOR_CAPTURED_VALUE name:this$0 type:com.nuzio.newsapp.ui.MainActivity visibility:public/*package*/ [final] declared in com.nuzio.newsapp.ui.MainActivity.onCreate.<no name provided>.invoke.<no name provided>.invoke$lambda$14$lambda$13.<no name provided>' type=kotlin.Unit origin=INITIALIZER_OF_FIELD_FOR_CAPTURED_VALUE
                                                receiver: GET_VAR '<this>: com.nuzio.newsapp.ui.MainActivity.onCreate.<no name provided>.invoke.<no name provided>.invoke$lambda$14$lambda$13.<no name provided> declared in com.nuzio.newsapp.ui.MainActivity.onCreate.<no name provided>.invoke.<no name provided>.invoke$lambda$14$lambda$13.<no name provided>' type=com.nuzio.newsapp.ui.MainActivity.onCreate.<no name provided>.invoke.<no name provided>.invoke$lambda$14$lambda$13.<no name provided> origin=null
                                                value: GET_VAR 'this$0: com.nuzio.newsapp.ui.MainActivity declared in com.nuzio.newsapp.ui.MainActivity.onCreate.<no name provided>.invoke.<no name provided>.invoke$lambda$14$lambda$13.<no name provided>.<init>' type=com.nuzio.newsapp.ui.MainActivity origin=null
                                              SET_FIELD 'FIELD FIELD_FOR_CAPTURED_VALUE name:$navController type:androidx.navigation.NavHostController visibility:public/*package*/ [final] declared in com.nuzio.newsapp.ui.MainActivity.onCreate.<no name provided>.invoke.<no name provided>.invoke$lambda$14$lambda$13.<no name provided>' type=kotlin.Unit origin=INITIALIZER_OF_FIELD_FOR_CAPTURED_VALUE
                                                receiver: GET_VAR '<this>: com.nuzio.newsapp.ui.MainActivity.onCreate.<no name provided>.invoke.<no name provided>.invoke$lambda$14$lambda$13.<no name provided> declared in com.nuzio.newsapp.ui.MainActivity.onCreate.<no name provided>.invoke.<no name provided>.invoke$lambda$14$lambda$13.<no name provided>' type=com.nuzio.newsapp.ui.MainActivity.onCreate.<no name provided>.invoke.<no name provided>.invoke$lambda$14$lambda$13.<no name provided> origin=null
                                                value: GET_VAR '$navController: androidx.navigation.NavHostController declared in com.nuzio.newsapp.ui.MainActivity.onCreate.<no name provided>.invoke.<no name provided>.invoke$lambda$14$lambda$13.<no name provided>.<init>' type=androidx.navigation.NavHostController origin=null
                                              DELEGATING_CONSTRUCTOR_CALL 'public constructor <init> () [primary] declared in kotlin.Any'
                                              BLOCK type=kotlin.Unit origin=null
                                          FUN name:invoke visibility:public modality:FINAL <> ($this:com.nuzio.newsapp.ui.MainActivity.onCreate.<no name provided>.invoke.<no name provided>.invoke$lambda$14$lambda$13.<no name provided>, $this$composable:androidx.compose.animation.AnimatedVisibilityScope, it:androidx.navigation.NavBackStackEntry, $composer:androidx.compose.runtime.Composer?, $changed:kotlin.Int) returnType:kotlin.Unit
                                            annotations:
                                              Composable
                                              ComposableTarget(applier = "androidx.compose.ui.UiComposable")
                                            overridden:
                                              public abstract fun invoke (p1: P1 of kotlin.Function4, p2: P2 of kotlin.Function4, p3: P3 of kotlin.Function4, p4: P4 of kotlin.Function4): R of kotlin.Function4 [operator] declared in kotlin.Function4
                                            $this: VALUE_PARAMETER INSTANCE_RECEIVER name:<this> type:com.nuzio.newsapp.ui.MainActivity.onCreate.<no name provided>.invoke.<no name provided>.invoke$lambda$14$lambda$13.<no name provided>
                                            VALUE_PARAMETER name:$this$composable index:0 type:androidx.compose.animation.AnimatedVisibilityScope
                                            VALUE_PARAMETER name:it index:1 type:androidx.navigation.NavBackStackEntry
                                            VALUE_PARAMETER name:$composer index:2 type:androidx.compose.runtime.Composer? [assignable]
                                            VALUE_PARAMETER name:$changed index:3 type:kotlin.Int
                                            BLOCK_BODY
                                              CALL 'public final fun sourceInformation (composer: androidx.compose.runtime.Composer, sourceInformation: kotlin.String): kotlin.Unit declared in androidx.compose.runtime.ComposerKt' type=kotlin.Unit origin=null
                                                composer: GET_VAR '$composer: androidx.compose.runtime.Composer? [assignable] declared in com.nuzio.newsapp.ui.MainActivity.onCreate.<no name provided>.invoke.<no name provided>.invoke$lambda$14$lambda$13.<no name provided>.invoke' type=androidx.compose.runtime.Composer? origin=null
                                                sourceInformation: CONST String type=kotlin.String value="C86@3523L30,90@3786L300,87@3578L534:MainActivity.kt#mzidje"
                                              COMPOSITE type=kotlin.Unit origin=null
                                                WHEN type=kotlin.Unit origin=IF
                                                  BRANCH
                                                    if: CALL 'public final fun isTraceInProgress (): kotlin.Boolean declared in androidx.compose.runtime.ComposerKt' type=kotlin.Boolean origin=null
                                                    then: CALL 'public final fun traceEventStart (key: kotlin.Int, dirty1: kotlin.Int, dirty2: kotlin.Int, info: kotlin.String): kotlin.Unit declared in androidx.compose.runtime.ComposerKt' type=kotlin.Unit origin=null
                                                      key: CONST Int type=kotlin.Int value=1217146699
                                                      dirty1: GET_VAR '$changed: kotlin.Int declared in com.nuzio.newsapp.ui.MainActivity.onCreate.<no name provided>.invoke.<no name provided>.invoke$lambda$14$lambda$13.<no name provided>.invoke' type=kotlin.Int origin=null
                                                      dirty2: CONST Int type=kotlin.Int value=-1
                                                      info: CONST String type=kotlin.String value="com.nuzio.newsapp.ui.MainActivity.onCreate.<anonymous>.<anonymous>.<anonymous>.<anonymous>.<anonymous> (MainActivity.kt:86)"
                                                VAR name:loginAuthViewModel type:com.nuzio.newsapp.ui.viewmodel.AuthViewModel [val]
                                                  CALL 'public final fun hiltViewModel <VM> (viewModelStoreOwner: androidx.lifecycle.ViewModelStoreOwner?, key: kotlin.String?, $composer: androidx.compose.runtime.Composer?, $changed: kotlin.Int, $default: kotlin.Int): VM of androidx.hilt.navigation.compose.HiltViewModelKt.hiltViewModel [inline] declared in androidx.hilt.navigation.compose.HiltViewModelKt' type=com.nuzio.newsapp.ui.viewmodel.AuthViewModel origin=null
                                                    <VM>: com.nuzio.newsapp.ui.viewmodel.AuthViewModel
                                                    viewModelStoreOwner: COMPOSITE type=kotlin.Nothing? origin=DEFAULT_VALUE
                                                      CONST Null type=kotlin.Nothing? value=null
                                                    key: COMPOSITE type=kotlin.Nothing? origin=DEFAULT_VALUE
                                                      CONST Null type=kotlin.Nothing? value=null
                                                    $composer: GET_VAR '$composer: androidx.compose.runtime.Composer? [assignable] declared in com.nuzio.newsapp.ui.MainActivity.onCreate.<no name provided>.invoke.<no name provided>.invoke$lambda$14$lambda$13.<no name provided>.invoke' type=androidx.compose.runtime.Composer? origin=null
                                                    $changed: CONST Int type=kotlin.Int value=0
                                                    $default: CONST Int type=kotlin.Int value=3
                                                CALL 'public final fun SocialLoginScreen (facebookCallbackManager: com.facebook.CallbackManager, authViewModel: com.nuzio.newsapp.ui.viewmodel.AuthViewModel?, onSignInSuccess: kotlin.Function0<kotlin.Unit>, $composer: androidx.compose.runtime.Composer?, $changed: kotlin.Int, $default: kotlin.Int): kotlin.Unit declared in com.nuzio.newsapp.ui.screens.SocialLoginScreenKt' type=kotlin.Unit origin=null
                                                  facebookCallbackManager: CALL 'public final fun access$getFacebookCallbackManager ($this: com.nuzio.newsapp.ui.MainActivity): com.facebook.CallbackManager declared in com.nuzio.newsapp.ui.MainActivity' type=com.facebook.CallbackManager origin=GET_PROPERTY
                                                    $this: GET_FIELD 'FIELD FIELD_FOR_CAPTURED_VALUE name:this$0 type:com.nuzio.newsapp.ui.MainActivity visibility:public/*package*/ [final] declared in com.nuzio.newsapp.ui.MainActivity.onCreate.<no name provided>.invoke.<no name provided>.invoke$lambda$14$lambda$13.<no name provided>' type=com.nuzio.newsapp.ui.MainActivity origin=null
                                                      receiver: GET_VAR '<this>: com.nuzio.newsapp.ui.MainActivity.onCreate.<no name provided>.invoke.<no name provided>.invoke$lambda$14$lambda$13.<no name provided> declared in com.nuzio.newsapp.ui.MainActivity.onCreate.<no name provided>.invoke.<no name provided>.invoke$lambda$14$lambda$13.<no name provided>.invoke' type=com.nuzio.newsapp.ui.MainActivity.onCreate.<no name provided>.invoke.<no name provided>.invoke$lambda$14$lambda$13.<no name provided> origin=null
                                                  authViewModel: GET_VAR 'val loginAuthViewModel: com.nuzio.newsapp.ui.viewmodel.AuthViewModel [val] declared in com.nuzio.newsapp.ui.MainActivity.onCreate.<no name provided>.invoke.<no name provided>.invoke$lambda$14$lambda$13.<no name provided>.invoke' type=com.nuzio.newsapp.ui.viewmodel.AuthViewModel origin=null
                                                  onSignInSuccess: BLOCK type=kotlin.Function0<kotlin.Unit> origin=null
                                                    BLOCK type=kotlin.Unit origin=null
                                                      CALL 'public abstract fun startReplaceGroup (key: kotlin.Int): kotlin.Unit declared in androidx.compose.runtime.Composer' type=kotlin.Unit origin=null
                                                        $this: GET_VAR '$composer: androidx.compose.runtime.Composer? [assignable] declared in com.nuzio.newsapp.ui.MainActivity.onCreate.<no name provided>.invoke.<no name provided>.invoke$lambda$14$lambda$13.<no name provided>.invoke' type=androidx.compose.runtime.Composer? origin=null
                                                        key: CONST Int type=kotlin.Int value=1741990032
                                                      CALL 'public final fun sourceInformation (composer: androidx.compose.runtime.Composer, sourceInformation: kotlin.String): kotlin.Unit declared in androidx.compose.runtime.ComposerKt' type=kotlin.Unit origin=null
                                                        composer: GET_VAR '$composer: androidx.compose.runtime.Composer? [assignable] declared in com.nuzio.newsapp.ui.MainActivity.onCreate.<no name provided>.invoke.<no name provided>.invoke$lambda$14$lambda$13.<no name provided>.invoke' type=androidx.compose.runtime.Composer? origin=null
                                                        sourceInformation: CONST String type=kotlin.String value="CC(remember):MainActivity.kt#9igjgp"
                                                    VAR IR_TEMPORARY_VARIABLE name:tmp0_group type:kotlin.Function0<kotlin.Unit> [val]
                                                      CALL 'public final fun cache <T> (invalid: kotlin.Boolean, block: @[DisallowComposableCalls] kotlin.Function0<T of androidx.compose.runtime.ComposerKt.cache>): T of androidx.compose.runtime.ComposerKt.cache [inline] declared in androidx.compose.runtime.ComposerKt' type=kotlin.Function0<kotlin.Unit> origin=null
                                                        <T>: kotlin.Function0<kotlin.Unit>
                                                        $receiver: GET_VAR '$composer: androidx.compose.runtime.Composer? [assignable] declared in com.nuzio.newsapp.ui.MainActivity.onCreate.<no name provided>.invoke.<no name provided>.invoke$lambda$14$lambda$13.<no name provided>.invoke' type=androidx.compose.runtime.Composer? origin=null
                                                        invalid: CALL 'public final fun or (other: kotlin.Boolean): kotlin.Boolean [infix] declared in kotlin.Boolean' type=kotlin.Boolean origin=null
                                                          $this: CALL 'public open fun changedInstance (value: kotlin.Any?): kotlin.Boolean declared in androidx.compose.runtime.Composer' type=kotlin.Boolean origin=null
                                                            $this: GET_VAR '$composer: androidx.compose.runtime.Composer? [assignable] declared in com.nuzio.newsapp.ui.MainActivity.onCreate.<no name provided>.invoke.<no name provided>.invoke$lambda$14$lambda$13.<no name provided>.invoke' type=androidx.compose.runtime.Composer? origin=null
                                                            value: GET_VAR 'val loginAuthViewModel: com.nuzio.newsapp.ui.viewmodel.AuthViewModel [val] declared in com.nuzio.newsapp.ui.MainActivity.onCreate.<no name provided>.invoke.<no name provided>.invoke$lambda$14$lambda$13.<no name provided>.invoke' type=com.nuzio.newsapp.ui.viewmodel.AuthViewModel origin=null
                                                          other: CALL 'public open fun changedInstance (value: kotlin.Any?): kotlin.Boolean declared in androidx.compose.runtime.Composer' type=kotlin.Boolean origin=null
                                                            $this: GET_VAR '$composer: androidx.compose.runtime.Composer? [assignable] declared in com.nuzio.newsapp.ui.MainActivity.onCreate.<no name provided>.invoke.<no name provided>.invoke$lambda$14$lambda$13.<no name provided>.invoke' type=androidx.compose.runtime.Composer? origin=null
                                                            value: GET_FIELD 'FIELD FIELD_FOR_CAPTURED_VALUE name:$navController type:androidx.navigation.NavHostController visibility:public/*package*/ [final] declared in com.nuzio.newsapp.ui.MainActivity.onCreate.<no name provided>.invoke.<no name provided>.invoke$lambda$14$lambda$13.<no name provided>' type=androidx.navigation.NavHostController origin=null
                                                              receiver: GET_VAR '<this>: com.nuzio.newsapp.ui.MainActivity.onCreate.<no name provided>.invoke.<no name provided>.invoke$lambda$14$lambda$13.<no name provided> declared in com.nuzio.newsapp.ui.MainActivity.onCreate.<no name provided>.invoke.<no name provided>.invoke$lambda$14$lambda$13.<no name provided>.invoke' type=com.nuzio.newsapp.ui.MainActivity.onCreate.<no name provided>.invoke.<no name provided>.invoke$lambda$14$lambda$13.<no name provided> origin=null
                                                        block: BLOCK type=kotlin.Function0<kotlin.Function0<kotlin.Unit>> origin=LAMBDA
                                                          COMPOSITE type=kotlin.Unit origin=null
                                                          FUNCTION_REFERENCE 'private final fun invoke$lambda$3 ($loginAuthViewModel: com.nuzio.newsapp.ui.viewmodel.AuthViewModel, $navController: androidx.navigation.NavHostController): kotlin.Function0<kotlin.Unit> declared in com.nuzio.newsapp.ui.MainActivity.onCreate.<no name provided>.invoke.<no name provided>.invoke$lambda$14$lambda$13.<no name provided>' type=kotlin.Function0<kotlin.Function0<kotlin.Unit>> origin=INLINE_LAMBDA reflectionTarget=null
                                                            $loginAuthViewModel: GET_VAR 'val loginAuthViewModel: com.nuzio.newsapp.ui.viewmodel.AuthViewModel [val] declared in com.nuzio.newsapp.ui.MainActivity.onCreate.<no name provided>.invoke.<no name provided>.invoke$lambda$14$lambda$13.<no name provided>.invoke' type=com.nuzio.newsapp.ui.viewmodel.AuthViewModel origin=null
                                                            $navController: GET_FIELD 'FIELD FIELD_FOR_CAPTURED_VALUE name:$navController type:androidx.navigation.NavHostController visibility:public/*package*/ [final] declared in com.nuzio.newsapp.ui.MainActivity.onCreate.<no name provided>.invoke.<no name provided>.invoke$lambda$14$lambda$13.<no name provided>' type=androidx.navigation.NavHostController origin=null
                                                              receiver: GET_VAR '<this>: com.nuzio.newsapp.ui.MainActivity.onCreate.<no name provided>.invoke.<no name provided>.invoke$lambda$14$lambda$13.<no name provided> declared in com.nuzio.newsapp.ui.MainActivity.onCreate.<no name provided>.invoke.<no name provided>.invoke$lambda$14$lambda$13.<no name provided>.invoke' type=com.nuzio.newsapp.ui.MainActivity.onCreate.<no name provided>.invoke.<no name provided>.invoke$lambda$14$lambda$13.<no name provided> origin=null
                                                    CALL 'public abstract fun endReplaceGroup (): kotlin.Unit declared in androidx.compose.runtime.Composer' type=kotlin.Unit origin=null
                                                      $this: GET_VAR '$composer: androidx.compose.runtime.Composer? [assignable] declared in com.nuzio.newsapp.ui.MainActivity.onCreate.<no name provided>.invoke.<no name provided>.invoke$lambda$14$lambda$13.<no name provided>.invoke' type=androidx.compose.runtime.Composer? origin=null
                                                    GET_VAR 'val tmp0_group: kotlin.Function0<kotlin.Unit> [val] declared in com.nuzio.newsapp.ui.MainActivity.onCreate.<no name provided>.invoke.<no name provided>.invoke$lambda$14$lambda$13.<no name provided>.invoke' type=kotlin.Function0<kotlin.Unit> origin=null
                                                  $composer: GET_VAR '$composer: androidx.compose.runtime.Composer? [assignable] declared in com.nuzio.newsapp.ui.MainActivity.onCreate.<no name provided>.invoke.<no name provided>.invoke$lambda$14$lambda$13.<no name provided>.invoke' type=androidx.compose.runtime.Composer? origin=null
                                                  $changed: CALL 'public final fun shl (bitCount: kotlin.Int): kotlin.Int [infix] declared in kotlin.Int' type=kotlin.Int origin=null
                                                    $this: GET_FIELD 'FIELD name:$stable type:kotlin.Int visibility:public [final,static] declared in com.nuzio.newsapp.ui.viewmodel.AuthViewModel' type=kotlin.Int origin=null
                                                    bitCount: CONST Int type=kotlin.Int value=3
                                                  $default: CONST Int type=kotlin.Int value=0
                                                WHEN type=kotlin.Unit origin=IF
                                                  BRANCH
                                                    if: CALL 'public final fun isTraceInProgress (): kotlin.Boolean declared in androidx.compose.runtime.ComposerKt' type=kotlin.Boolean origin=null
                                                    then: CALL 'public final fun traceEventEnd (): kotlin.Unit declared in androidx.compose.runtime.ComposerKt' type=kotlin.Unit origin=null
                                          FIELD FIELD_FOR_CAPTURED_VALUE name:this$0 type:com.nuzio.newsapp.ui.MainActivity visibility:public/*package*/ [final]
                                          FIELD FIELD_FOR_CAPTURED_VALUE name:$navController type:androidx.navigation.NavHostController visibility:public/*package*/ [final]
                                          FUN LOCAL_FUNCTION_FOR_LAMBDA name:invoke$lambda$3$lambda$2$lambda$1$lambda$0 visibility:private modality:FINAL <> ($this$popUpTo:androidx.navigation.PopUpToBuilder) returnType:kotlin.Unit?
                                            VALUE_PARAMETER name:$this$popUpTo index:0 type:androidx.navigation.PopUpToBuilder
                                            BLOCK_BODY
                                              CALL 'public final fun <set-inclusive> (value: kotlin.Boolean): kotlin.Unit declared in androidx.navigation.PopUpToBuilder' type=kotlin.Unit origin=EQ
                                                $this: GET_VAR '$this$popUpTo: androidx.navigation.PopUpToBuilder declared in com.nuzio.newsapp.ui.MainActivity.onCreate.<no name provided>.invoke.<no name provided>.invoke$lambda$14$lambda$13.<no name provided>.invoke$lambda$3$lambda$2$lambda$1$lambda$0' type=androidx.navigation.PopUpToBuilder origin=null
                                                value: CONST Boolean type=kotlin.Boolean value=true
                                          FUN LOCAL_FUNCTION_FOR_LAMBDA name:invoke$lambda$3$lambda$2$lambda$1 visibility:private modality:FINAL <> ($this$navigate:androidx.navigation.NavOptionsBuilder) returnType:kotlin.Unit?
                                            VALUE_PARAMETER name:$this$navigate index:0 type:androidx.navigation.NavOptionsBuilder
                                            BLOCK_BODY
                                              CALL 'public final fun popUpTo (route: kotlin.String, popUpToBuilder: @[ExtensionFunctionType] kotlin.Function1<androidx.navigation.PopUpToBuilder, kotlin.Unit>): kotlin.Unit declared in androidx.navigation.NavOptionsBuilder' type=kotlin.Unit origin=null
                                                $this: GET_VAR '$this$navigate: androidx.navigation.NavOptionsBuilder declared in com.nuzio.newsapp.ui.MainActivity.onCreate.<no name provided>.invoke.<no name provided>.invoke$lambda$14$lambda$13.<no name provided>.invoke$lambda$3$lambda$2$lambda$1' type=androidx.navigation.NavOptionsBuilder origin=null
                                                route: CALL 'public final fun <get-route> (): kotlin.String [fake_override] declared in com.nuzio.newsapp.ui.Screen.Login' type=kotlin.String origin=GET_PROPERTY
                                                  $this: GET_FIELD 'FIELD FIELD_FOR_OBJECT_INSTANCE name:INSTANCE type:com.nuzio.newsapp.ui.Screen.Login visibility:public [final,static] declared in com.nuzio.newsapp.ui.Screen.Login' type=com.nuzio.newsapp.ui.Screen.Login origin=null
                                                popUpToBuilder: BLOCK type=@[ExtensionFunctionType] kotlin.Function1<androidx.navigation.PopUpToBuilder, kotlin.Unit> origin=LAMBDA
                                                  COMPOSITE type=kotlin.Unit origin=null
                                                  CALL 'public final fun <jvm-indy> <T> (dynamicCall: T of kotlin.jvm.internal.<jvm-indy>, bootstrapMethodHandle: kotlin.Any, vararg bootstrapMethodArguments: kotlin.Any): T of kotlin.jvm.internal.<jvm-indy> declared in kotlin.jvm.internal' type=@[ExtensionFunctionType] kotlin.Function1<androidx.navigation.PopUpToBuilder, kotlin.Unit> origin=null
                                                    <T>: @[ExtensionFunctionType] kotlin.Function1<androidx.navigation.PopUpToBuilder, kotlin.Unit>
                                                    dynamicCall: CALL 'public final fun invoke (): @[ExtensionFunctionType] kotlin.Function1<androidx.navigation.PopUpToBuilder, kotlin.Unit> declared in kotlin.jvm.internal.invokeDynamic' type=@[ExtensionFunctionType] kotlin.Function1<androidx.navigation.PopUpToBuilder, kotlin.Unit> origin=null
                                                    bootstrapMethodHandle: CALL 'public final fun <jvm-method-handle> (tag: kotlin.Int, owner: kotlin.String, name: kotlin.String, descriptor: kotlin.String, isInterface: kotlin.Boolean): kotlin.Any declared in kotlin.jvm.internal' type=kotlin.Any origin=null
                                                      tag: CONST Int type=kotlin.Int value=6
                                                      owner: CONST String type=kotlin.String value="java/lang/invoke/LambdaMetafactory"
                                                      name: CONST String type=kotlin.String value="metafactory"
                                                      descriptor: CONST String type=kotlin.String value="(Ljava/lang/invoke/MethodHandles$Lookup;Ljava/lang/String;Ljava/lang/invoke/MethodType;Ljava/lang/invoke/MethodType;Ljava/lang/invoke/MethodHandle;Ljava/lang/invoke/MethodType;)Ljava/lang/invoke/CallSite;"
                                                      isInterface: CONST Boolean type=kotlin.Boolean value=false
                                                    bootstrapMethodArguments: VARARG type=kotlin.Array<kotlin.Any> varargElementType=kotlin.Any
                                                      CALL 'public final fun <jvm-original-method-type> (method: kotlin.Any): kotlin.Any declared in kotlin.jvm.internal' type=kotlin.Any origin=null
                                                        method: RAW_FUNCTION_REFERENCE 'public abstract fun invoke (p1: P1 of kotlin.Function1): R of kotlin.Function1 [operator] declared in kotlin.Function1' type=kotlin.Any
                                                      RAW_FUNCTION_REFERENCE 'private final fun invoke$lambda$3$lambda$2$lambda$1$lambda$0 ($this$popUpTo: androidx.navigation.PopUpToBuilder): kotlin.Unit? declared in com.nuzio.newsapp.ui.MainActivity.onCreate.<no name provided>.invoke.<no name provided>.invoke$lambda$14$lambda$13.<no name provided>' type=kotlin.Any
                                                      CALL 'public final fun <jvm-original-method-type> (method: kotlin.Any): kotlin.Any declared in kotlin.jvm.internal' type=kotlin.Any origin=null
                                                        method: RAW_FUNCTION_REFERENCE 'public abstract fun invoke (p1: androidx.navigation.PopUpToBuilder): kotlin.Unit? [fake_override,operator] declared in kotlin.jvm.internal.invokeDynamic.<fake>' type=kotlin.Any
                                          FUN LOCAL_FUNCTION_FOR_LAMBDA name:invoke$lambda$3$lambda$2 visibility:private modality:FINAL <> ($loginAuthViewModel:com.nuzio.newsapp.ui.viewmodel.AuthViewModel, $navController:androidx.navigation.NavHostController) returnType:kotlin.Unit?
                                            VALUE_PARAMETER BOUND_VALUE_PARAMETER name:$loginAuthViewModel index:0 type:com.nuzio.newsapp.ui.viewmodel.AuthViewModel
                                            VALUE_PARAMETER BOUND_VALUE_PARAMETER name:$navController index:1 type:androidx.navigation.NavHostController
                                            BLOCK_BODY
                                              CALL 'public final fun checkCurrentUser (): kotlin.Unit declared in com.nuzio.newsapp.ui.viewmodel.AuthViewModel' type=kotlin.Unit origin=null
                                                $this: GET_VAR '$loginAuthViewModel: com.nuzio.newsapp.ui.viewmodel.AuthViewModel declared in com.nuzio.newsapp.ui.MainActivity.onCreate.<no name provided>.invoke.<no name provided>.invoke$lambda$14$lambda$13.<no name provided>.invoke$lambda$3$lambda$2' type=com.nuzio.newsapp.ui.viewmodel.AuthViewModel origin=null
                                              CALL 'public final fun navigate (route: kotlin.String, builder: @[ExtensionFunctionType] kotlin.Function1<androidx.navigation.NavOptionsBuilder, kotlin.Unit>): kotlin.Unit [fake_override] declared in androidx.navigation.NavHostController' type=kotlin.Unit origin=null
                                                $this: GET_VAR '$navController: androidx.navigation.NavHostController declared in com.nuzio.newsapp.ui.MainActivity.onCreate.<no name provided>.invoke.<no name provided>.invoke$lambda$14$lambda$13.<no name provided>.invoke$lambda$3$lambda$2' type=androidx.navigation.NavHostController origin=null
                                                route: CALL 'public final fun <get-route> (): kotlin.String [fake_override] declared in com.nuzio.newsapp.ui.Screen.NewsList' type=kotlin.String origin=GET_PROPERTY
                                                  $this: GET_FIELD 'FIELD FIELD_FOR_OBJECT_INSTANCE name:INSTANCE type:com.nuzio.newsapp.ui.Screen.NewsList visibility:public [final,static] declared in com.nuzio.newsapp.ui.Screen.NewsList' type=com.nuzio.newsapp.ui.Screen.NewsList origin=null
                                                builder: BLOCK type=@[ExtensionFunctionType] kotlin.Function1<androidx.navigation.NavOptionsBuilder, kotlin.Unit> origin=LAMBDA
                                                  COMPOSITE type=kotlin.Unit origin=null
                                                  CALL 'public final fun <jvm-indy> <T> (dynamicCall: T of kotlin.jvm.internal.<jvm-indy>, bootstrapMethodHandle: kotlin.Any, vararg bootstrapMethodArguments: kotlin.Any): T of kotlin.jvm.internal.<jvm-indy> declared in kotlin.jvm.internal' type=@[ExtensionFunctionType] kotlin.Function1<androidx.navigation.NavOptionsBuilder, kotlin.Unit> origin=null
                                                    <T>: @[ExtensionFunctionType] kotlin.Function1<androidx.navigation.NavOptionsBuilder, kotlin.Unit>
                                                    dynamicCall: CALL 'public final fun invoke (): @[ExtensionFunctionType] kotlin.Function1<androidx.navigation.NavOptionsBuilder, kotlin.Unit> declared in kotlin.jvm.internal.invokeDynamic' type=@[ExtensionFunctionType] kotlin.Function1<androidx.navigation.NavOptionsBuilder, kotlin.Unit> origin=null
                                                    bootstrapMethodHandle: CALL 'public final fun <jvm-method-handle> (tag: kotlin.Int, owner: kotlin.String, name: kotlin.String, descriptor: kotlin.String, isInterface: kotlin.Boolean): kotlin.Any declared in kotlin.jvm.internal' type=kotlin.Any origin=null
                                                      tag: CONST Int type=kotlin.Int value=6
                                                      owner: CONST String type=kotlin.String value="java/lang/invoke/LambdaMetafactory"
                                                      name: CONST String type=kotlin.String value="metafactory"
                                                      descriptor: CONST String type=kotlin.String value="(Ljava/lang/invoke/MethodHandles$Lookup;Ljava/lang/String;Ljava/lang/invoke/MethodType;Ljava/lang/invoke/MethodType;Ljava/lang/invoke/MethodHandle;Ljava/lang/invoke/MethodType;)Ljava/lang/invoke/CallSite;"
                                                      isInterface: CONST Boolean type=kotlin.Boolean value=false
                                                    bootstrapMethodArguments: VARARG type=kotlin.Array<kotlin.Any> varargElementType=kotlin.Any
                                                      CALL 'public final fun <jvm-original-method-type> (method: kotlin.Any): kotlin.Any declared in kotlin.jvm.internal' type=kotlin.Any origin=null
                                                        method: RAW_FUNCTION_REFERENCE 'public abstract fun invoke (p1: P1 of kotlin.Function1): R of kotlin.Function1 [operator] declared in kotlin.Function1' type=kotlin.Any
                                                      RAW_FUNCTION_REFERENCE 'private final fun invoke$lambda$3$lambda$2$lambda$1 ($this$navigate: androidx.navigation.NavOptionsBuilder): kotlin.Unit? declared in com.nuzio.newsapp.ui.MainActivity.onCreate.<no name provided>.invoke.<no name provided>.invoke$lambda$14$lambda$13.<no name provided>' type=kotlin.Any
                                                      CALL 'public final fun <jvm-original-method-type> (method: kotlin.Any): kotlin.Any declared in kotlin.jvm.internal' type=kotlin.Any origin=null
                                                        method: RAW_FUNCTION_REFERENCE 'public abstract fun invoke (p1: androidx.navigation.NavOptionsBuilder): kotlin.Unit? [fake_override,operator] declared in kotlin.jvm.internal.invokeDynamic.<fake>' type=kotlin.Any
                                          FUN INLINE_LAMBDA name:invoke$lambda$3 visibility:private modality:FINAL <> ($loginAuthViewModel:com.nuzio.newsapp.ui.viewmodel.AuthViewModel, $navController:androidx.navigation.NavHostController) returnType:kotlin.Function0<kotlin.Unit>
                                            VALUE_PARAMETER BOUND_VALUE_PARAMETER name:$loginAuthViewModel index:0 type:com.nuzio.newsapp.ui.viewmodel.AuthViewModel
                                            VALUE_PARAMETER BOUND_VALUE_PARAMETER name:$navController index:1 type:androidx.navigation.NavHostController
                                            BLOCK_BODY
                                              VAR name:$i$a$-cache-MainActivity$onCreate$1$1$5$1$1$1 type:kotlin.Int [val]
                                                CONST Int type=kotlin.Int value=0
                                              RETURN type=kotlin.Nothing from='private final fun invoke$lambda$3 ($loginAuthViewModel: com.nuzio.newsapp.ui.viewmodel.AuthViewModel, $navController: androidx.navigation.NavHostController): kotlin.Function0<kotlin.Unit> declared in com.nuzio.newsapp.ui.MainActivity.onCreate.<no name provided>.invoke.<no name provided>.invoke$lambda$14$lambda$13.<no name provided>'
                                                BLOCK type=kotlin.Function0<kotlin.Unit> origin=LAMBDA
                                                  COMPOSITE type=kotlin.Unit origin=null
                                                  CALL 'public final fun <jvm-indy> <T> (dynamicCall: T of kotlin.jvm.internal.<jvm-indy>, bootstrapMethodHandle: kotlin.Any, vararg bootstrapMethodArguments: kotlin.Any): T of kotlin.jvm.internal.<jvm-indy> declared in kotlin.jvm.internal' type=kotlin.Function0<kotlin.Unit> origin=null
                                                    <T>: kotlin.Function0<kotlin.Unit>
                                                    dynamicCall: CALL 'public final fun invoke (p0: com.nuzio.newsapp.ui.viewmodel.AuthViewModel, p1: androidx.navigation.NavHostController): kotlin.Function0<kotlin.Unit> declared in kotlin.jvm.internal.invokeDynamic' type=kotlin.Function0<kotlin.Unit> origin=null
                                                      p0: GET_VAR '$loginAuthViewModel: com.nuzio.newsapp.ui.viewmodel.AuthViewModel declared in com.nuzio.newsapp.ui.MainActivity.onCreate.<no name provided>.invoke.<no name provided>.invoke$lambda$14$lambda$13.<no name provided>.invoke$lambda$3' type=com.nuzio.newsapp.ui.viewmodel.AuthViewModel origin=null
                                                      p1: GET_VAR '$navController: androidx.navigation.NavHostController declared in com.nuzio.newsapp.ui.MainActivity.onCreate.<no name provided>.invoke.<no name provided>.invoke$lambda$14$lambda$13.<no name provided>.invoke$lambda$3' type=androidx.navigation.NavHostController origin=null
                                                    bootstrapMethodHandle: CALL 'public final fun <jvm-method-handle> (tag: kotlin.Int, owner: kotlin.String, name: kotlin.String, descriptor: kotlin.String, isInterface: kotlin.Boolean): kotlin.Any declared in kotlin.jvm.internal' type=kotlin.Any origin=null
                                                      tag: CONST Int type=kotlin.Int value=6
                                                      owner: CONST String type=kotlin.String value="java/lang/invoke/LambdaMetafactory"
                                                      name: CONST String type=kotlin.String value="metafactory"
                                                      descriptor: CONST String type=kotlin.String value="(Ljava/lang/invoke/MethodHandles$Lookup;Ljava/lang/String;Ljava/lang/invoke/MethodType;Ljava/lang/invoke/MethodType;Ljava/lang/invoke/MethodHandle;Ljava/lang/invoke/MethodType;)Ljava/lang/invoke/CallSite;"
                                                      isInterface: CONST Boolean type=kotlin.Boolean value=false
                                                    bootstrapMethodArguments: VARARG type=kotlin.Array<kotlin.Any> varargElementType=kotlin.Any
                                                      CALL 'public final fun <jvm-original-method-type> (method: kotlin.Any): kotlin.Any declared in kotlin.jvm.internal' type=kotlin.Any origin=null
                                                        method: RAW_FUNCTION_REFERENCE 'public abstract fun invoke (): R of kotlin.Function0 [operator] declared in kotlin.Function0' type=kotlin.Any
                                                      RAW_FUNCTION_REFERENCE 'private final fun invoke$lambda$3$lambda$2 ($loginAuthViewModel: com.nuzio.newsapp.ui.viewmodel.AuthViewModel, $navController: androidx.navigation.NavHostController): kotlin.Unit? declared in com.nuzio.newsapp.ui.MainActivity.onCreate.<no name provided>.invoke.<no name provided>.invoke$lambda$14$lambda$13.<no name provided>' type=kotlin.Any
                                                      CALL 'public final fun <jvm-original-method-type> (method: kotlin.Any): kotlin.Any declared in kotlin.jvm.internal' type=kotlin.Any origin=null
                                                        method: RAW_FUNCTION_REFERENCE 'public abstract fun invoke (): kotlin.Unit? [fake_override,operator] declared in kotlin.jvm.internal.invokeDynamic.<fake>' type=kotlin.Any
                                          FUN BRIDGE name:invoke visibility:public modality:OPEN <> ($this:com.nuzio.newsapp.ui.MainActivity.onCreate.<no name provided>.invoke.<no name provided>.invoke$lambda$14$lambda$13.<no name provided>, p1:kotlin.Any?, p2:kotlin.Any?, p3:kotlin.Any?, p4:kotlin.Any?) returnType:kotlin.Any?
                                            $this: VALUE_PARAMETER INSTANCE_RECEIVER name:<this> type:com.nuzio.newsapp.ui.MainActivity.onCreate.<no name provided>.invoke.<no name provided>.invoke$lambda$14$lambda$13.<no name provided>
                                            VALUE_PARAMETER BRIDGE name:p1 index:0 type:kotlin.Any?
                                            VALUE_PARAMETER BRIDGE name:p2 index:1 type:kotlin.Any?
                                            VALUE_PARAMETER BRIDGE name:p3 index:2 type:kotlin.Any?
                                            VALUE_PARAMETER BRIDGE name:p4 index:3 type:kotlin.Any?
                                            EXPRESSION_BODY
                                              RETURN type=kotlin.Nothing from='public open fun invoke (p1: kotlin.Any?, p2: kotlin.Any?, p3: kotlin.Any?, p4: kotlin.Any?): kotlin.Any? declared in com.nuzio.newsapp.ui.MainActivity.onCreate.<no name provided>.invoke.<no name provided>.invoke$lambda$14$lambda$13.<no name provided>'
                                                CALL 'public final fun invoke ($this$composable: androidx.compose.animation.AnimatedVisibilityScope, it: androidx.navigation.NavBackStackEntry, $composer: androidx.compose.runtime.Composer?, $changed: kotlin.Int): kotlin.Unit declared in com.nuzio.newsapp.ui.MainActivity.onCreate.<no name provided>.invoke.<no name provided>.invoke$lambda$14$lambda$13.<no name provided>' type=kotlin.Unit origin=BRIDGE_DELEGATION
                                                  $this: GET_VAR '<this>: com.nuzio.newsapp.ui.MainActivity.onCreate.<no name provided>.invoke.<no name provided>.invoke$lambda$14$lambda$13.<no name provided> declared in com.nuzio.newsapp.ui.MainActivity.onCreate.<no name provided>.invoke.<no name provided>.invoke$lambda$14$lambda$13.<no name provided>.invoke' type=com.nuzio.newsapp.ui.MainActivity.onCreate.<no name provided>.invoke.<no name provided>.invoke$lambda$14$lambda$13.<no name provided> origin=null
                                                  $this$composable: TYPE_OP type=androidx.compose.animation.AnimatedVisibilityScope origin=IMPLICIT_CAST typeOperand=androidx.compose.animation.AnimatedVisibilityScope
                                                    GET_VAR 'p1: kotlin.Any? declared in com.nuzio.newsapp.ui.MainActivity.onCreate.<no name provided>.invoke.<no name provided>.invoke$lambda$14$lambda$13.<no name provided>.invoke' type=kotlin.Any? origin=null
                                                  it: TYPE_OP type=androidx.navigation.NavBackStackEntry origin=IMPLICIT_CAST typeOperand=androidx.navigation.NavBackStackEntry
                                                    GET_VAR 'p2: kotlin.Any? declared in com.nuzio.newsapp.ui.MainActivity.onCreate.<no name provided>.invoke.<no name provided>.invoke$lambda$14$lambda$13.<no name provided>.invoke' type=kotlin.Any? origin=null
                                                  $composer: TYPE_OP type=androidx.compose.runtime.Composer origin=IMPLICIT_CAST typeOperand=androidx.compose.runtime.Composer
                                                    GET_VAR 'p3: kotlin.Any? declared in com.nuzio.newsapp.ui.MainActivity.onCreate.<no name provided>.invoke.<no name provided>.invoke$lambda$14$lambda$13.<no name provided>.invoke' type=kotlin.Any? origin=null
                                                  $changed: TYPE_OP type=kotlin.Int origin=IMPLICIT_CAST typeOperand=kotlin.Int
                                                    GET_VAR 'p4: kotlin.Any? declared in com.nuzio.newsapp.ui.MainActivity.onCreate.<no name provided>.invoke.<no name provided>.invoke$lambda$14$lambda$13.<no name provided>.invoke' type=kotlin.Any? origin=null
                                        CONSTRUCTOR_CALL 'public/*package*/ constructor <init> (this$0: com.nuzio.newsapp.ui.MainActivity, $navController: androidx.navigation.NavHostController) [primary] declared in com.nuzio.newsapp.ui.MainActivity.onCreate.<no name provided>.invoke.<no name provided>.invoke$lambda$14$lambda$13.<no name provided>' type=com.nuzio.newsapp.ui.MainActivity.onCreate.<no name provided>.invoke.<no name provided>.invoke$lambda$14$lambda$13.<no name provided> origin=null
                                          this$0: GET_VAR 'this$0: com.nuzio.newsapp.ui.MainActivity declared in com.nuzio.newsapp.ui.MainActivity.onCreate.<no name provided>.invoke.<no name provided>.invoke$lambda$14$lambda$13' type=com.nuzio.newsapp.ui.MainActivity origin=null
                                          $navController: GET_VAR '$navController: androidx.navigation.NavHostController declared in com.nuzio.newsapp.ui.MainActivity.onCreate.<no name provided>.invoke.<no name provided>.invoke$lambda$14$lambda$13' type=androidx.navigation.NavHostController origin=null
                                    $mask0: CONST Int type=kotlin.Int value=126
                                    $handler: CONST Null type=kotlin.Any? value=null
                                  CALL 'public final fun composable$default (route: kotlin.String, arguments: kotlin.collections.List<androidx.navigation.NamedNavArgument>?, deepLinks: kotlin.collections.List<androidx.navigation.NavDeepLink>?, enterTransition: @[ExtensionFunctionType] kotlin.Function1<IrErrorType(null), androidx.compose.animation.EnterTransition?>?, exitTransition: @[ExtensionFunctionType] kotlin.Function1<IrErrorType(null), androidx.compose.animation.ExitTransition?>?, popEnterTransition: @[ExtensionFunctionType] kotlin.Function1<IrErrorType(null), androidx.compose.animation.EnterTransition?>?, popExitTransition: @[ExtensionFunctionType] kotlin.Function1<IrErrorType(null), androidx.compose.animation.ExitTransition?>?, content: @[ExtensionFunctionType] kotlin.Function4<androidx.compose.animation.AnimatedVisibilityScope, androidx.navigation.NavBackStackEntry, androidx.compose.runtime.Composer, kotlin.Int, kotlin.Unit>, $mask0: kotlin.Int, $handler: kotlin.Any?): kotlin.Unit declared in com.google.accompanist.navigation.animation.NavGraphBuilderKt' type=kotlin.Unit origin=DEFAULT_DISPATCH_CALL
                                    $receiver: GET_VAR '$this$AnimatedNavHost: androidx.navigation.NavGraphBuilder declared in com.nuzio.newsapp.ui.MainActivity.onCreate.<no name provided>.invoke.<no name provided>.invoke$lambda$14$lambda$13' type=androidx.navigation.NavGraphBuilder origin=null
                                    route: CALL 'public final fun <get-route> (): kotlin.String [fake_override] declared in com.nuzio.newsapp.ui.Screen.NewsList' type=kotlin.String origin=GET_PROPERTY
                                      $this: GET_FIELD 'FIELD FIELD_FOR_OBJECT_INSTANCE name:INSTANCE type:com.nuzio.newsapp.ui.Screen.NewsList visibility:public [final,static] declared in com.nuzio.newsapp.ui.Screen.NewsList' type=com.nuzio.newsapp.ui.Screen.NewsList origin=null
                                    arguments: COMPOSITE type=kotlin.collections.List<androidx.navigation.NamedNavArgument>? origin=DEFAULT_VALUE
                                      CONST Null type=kotlin.collections.List<androidx.navigation.NamedNavArgument>? value=null
                                    deepLinks: COMPOSITE type=kotlin.collections.List<androidx.navigation.NavDeepLink>? origin=DEFAULT_VALUE
                                      CONST Null type=kotlin.collections.List<androidx.navigation.NavDeepLink>? value=null
                                    enterTransition: COMPOSITE type=@[ExtensionFunctionType] kotlin.Function1<IrErrorType(null), androidx.compose.animation.EnterTransition?>? origin=DEFAULT_VALUE
                                      CONST Null type=@[ExtensionFunctionType] kotlin.Function1<IrErrorType(null), androidx.compose.animation.EnterTransition?>? value=null
                                    exitTransition: COMPOSITE type=@[ExtensionFunctionType] kotlin.Function1<IrErrorType(null), androidx.compose.animation.ExitTransition?>? origin=DEFAULT_VALUE
                                      CONST Null type=@[ExtensionFunctionType] kotlin.Function1<IrErrorType(null), androidx.compose.animation.ExitTransition?>? value=null
                                    popEnterTransition: COMPOSITE type=@[ExtensionFunctionType] kotlin.Function1<IrErrorType(null), androidx.compose.animation.EnterTransition?>? origin=DEFAULT_VALUE
                                      CONST Null type=@[ExtensionFunctionType] kotlin.Function1<IrErrorType(null), androidx.compose.animation.EnterTransition?>? value=null
                                    popExitTransition: COMPOSITE type=@[ExtensionFunctionType] kotlin.Function1<IrErrorType(null), androidx.compose.animation.ExitTransition?>? origin=DEFAULT_VALUE
                                      CONST Null type=@[ExtensionFunctionType] kotlin.Function1<IrErrorType(null), androidx.compose.animation.ExitTransition?>? value=null
                                    content: CALL 'public final fun composableLambdaInstance (key: kotlin.Int, tracked: kotlin.Boolean, block: kotlin.Any): androidx.compose.runtime.internal.ComposableLambda declared in androidx.compose.runtime.internal.ComposableLambdaKt' type=androidx.compose.runtime.internal.ComposableLambda origin=null
                                      key: CONST Int type=kotlin.Int value=382445300
                                      tracked: CONST Boolean type=kotlin.Boolean value=true
                                      block: BLOCK type=com.nuzio.newsapp.ui.MainActivity.onCreate.<no name provided>.invoke.<no name provided>.invoke$lambda$14$lambda$13.<no name provided> origin=null
                                        CLASS LAMBDA_IMPL CLASS name:<no name provided> modality:FINAL visibility:public/*package*/ superTypes:[kotlin.Any; kotlin.Function4<androidx.compose.animation.AnimatedVisibilityScope, androidx.navigation.NavBackStackEntry, androidx.compose.runtime.Composer, kotlin.Int, kotlin.Unit>]
                                          $this: VALUE_PARAMETER INSTANCE_RECEIVER name:<this> type:com.nuzio.newsapp.ui.MainActivity.onCreate.<no name provided>.invoke.<no name provided>.invoke$lambda$14$lambda$13.<no name provided>
                                          CONSTRUCTOR GENERATED_MEMBER_IN_CALLABLE_REFERENCE visibility:public/*package*/ <> (this$0:com.nuzio.newsapp.ui.MainActivity, $navController:androidx.navigation.NavHostController) returnType:com.nuzio.newsapp.ui.MainActivity.onCreate.<no name provided>.invoke.<no name provided>.invoke$lambda$14$lambda$13.<no name provided> [primary]
                                            VALUE_PARAMETER BOUND_RECEIVER_PARAMETER name:this$0 index:0 type:com.nuzio.newsapp.ui.MainActivity
                                            VALUE_PARAMETER BOUND_VALUE_PARAMETER name:$navController index:1 type:androidx.navigation.NavHostController
                                            BLOCK_BODY
                                              SET_FIELD 'FIELD FIELD_FOR_CAPTURED_VALUE name:this$0 type:com.nuzio.newsapp.ui.MainActivity visibility:public/*package*/ [final] declared in com.nuzio.newsapp.ui.MainActivity.onCreate.<no name provided>.invoke.<no name provided>.invoke$lambda$14$lambda$13.<no name provided>' type=kotlin.Unit origin=INITIALIZER_OF_FIELD_FOR_CAPTURED_VALUE
                                                receiver: GET_VAR '<this>: com.nuzio.newsapp.ui.MainActivity.onCreate.<no name provided>.invoke.<no name provided>.invoke$lambda$14$lambda$13.<no name provided> declared in com.nuzio.newsapp.ui.MainActivity.onCreate.<no name provided>.invoke.<no name provided>.invoke$lambda$14$lambda$13.<no name provided>' type=com.nuzio.newsapp.ui.MainActivity.onCreate.<no name provided>.invoke.<no name provided>.invoke$lambda$14$lambda$13.<no name provided> origin=null
                                                value: GET_VAR 'this$0: com.nuzio.newsapp.ui.MainActivity declared in com.nuzio.newsapp.ui.MainActivity.onCreate.<no name provided>.invoke.<no name provided>.invoke$lambda$14$lambda$13.<no name provided>.<init>' type=com.nuzio.newsapp.ui.MainActivity origin=null
                                              SET_FIELD 'FIELD FIELD_FOR_CAPTURED_VALUE name:$navController type:androidx.navigation.NavHostController visibility:public/*package*/ [final] declared in com.nuzio.newsapp.ui.MainActivity.onCreate.<no name provided>.invoke.<no name provided>.invoke$lambda$14$lambda$13.<no name provided>' type=kotlin.Unit origin=INITIALIZER_OF_FIELD_FOR_CAPTURED_VALUE
                                                receiver: GET_VAR '<this>: com.nuzio.newsapp.ui.MainActivity.onCreate.<no name provided>.invoke.<no name provided>.invoke$lambda$14$lambda$13.<no name provided> declared in com.nuzio.newsapp.ui.MainActivity.onCreate.<no name provided>.invoke.<no name provided>.invoke$lambda$14$lambda$13.<no name provided>' type=com.nuzio.newsapp.ui.MainActivity.onCreate.<no name provided>.invoke.<no name provided>.invoke$lambda$14$lambda$13.<no name provided> origin=null
                                                value: GET_VAR '$navController: androidx.navigation.NavHostController declared in com.nuzio.newsapp.ui.MainActivity.onCreate.<no name provided>.invoke.<no name provided>.invoke$lambda$14$lambda$13.<no name provided>.<init>' type=androidx.navigation.NavHostController origin=null
                                              DELEGATING_CONSTRUCTOR_CALL 'public constructor <init> () [primary] declared in kotlin.Any'
                                              BLOCK type=kotlin.Unit origin=null
                                          FUN name:invoke visibility:public modality:FINAL <> ($this:com.nuzio.newsapp.ui.MainActivity.onCreate.<no name provided>.invoke.<no name provided>.invoke$lambda$14$lambda$13.<no name provided>, $this$composable:androidx.compose.animation.AnimatedVisibilityScope, it:androidx.navigation.NavBackStackEntry, $composer:androidx.compose.runtime.Composer?, $changed:kotlin.Int) returnType:kotlin.Unit
                                            annotations:
                                              Composable
                                              ComposableTarget(applier = "androidx.compose.ui.UiComposable")
                                            overridden:
                                              public abstract fun invoke (p1: P1 of kotlin.Function4, p2: P2 of kotlin.Function4, p3: P3 of kotlin.Function4, p4: P4 of kotlin.Function4): R of kotlin.Function4 [operator] declared in kotlin.Function4
                                            $this: VALUE_PARAMETER INSTANCE_RECEIVER name:<this> type:com.nuzio.newsapp.ui.MainActivity.onCreate.<no name provided>.invoke.<no name provided>.invoke$lambda$14$lambda$13.<no name provided>
                                            VALUE_PARAMETER name:$this$composable index:0 type:androidx.compose.animation.AnimatedVisibilityScope
                                            VALUE_PARAMETER name:it index:1 type:androidx.navigation.NavBackStackEntry
                                            VALUE_PARAMETER name:$composer index:2 type:androidx.compose.runtime.Composer? [assignable]
                                            VALUE_PARAMETER name:$changed index:3 type:kotlin.Int
                                            BLOCK_BODY
                                              CALL 'public final fun sourceInformation (composer: androidx.compose.runtime.Composer, sourceInformation: kotlin.String): kotlin.Unit declared in androidx.compose.runtime.ComposerKt' type=kotlin.Unit origin=null
                                                composer: GET_VAR '$composer: androidx.compose.runtime.Composer? [assignable] declared in com.nuzio.newsapp.ui.MainActivity.onCreate.<no name provided>.invoke.<no name provided>.invoke$lambda$14$lambda$13.<no name provided>.invoke' type=androidx.compose.runtime.Composer? origin=null
                                                sourceInformation: CONST String type=kotlin.String value="C100@4251L15,101@4330L15,106@4551L589,103@4371L795:MainActivity.kt#mzidje"
                                              COMPOSITE type=kotlin.Unit origin=null
                                                WHEN type=kotlin.Unit origin=IF
                                                  BRANCH
                                                    if: CALL 'public final fun isTraceInProgress (): kotlin.Boolean declared in androidx.compose.runtime.ComposerKt' type=kotlin.Boolean origin=null
                                                    then: CALL 'public final fun traceEventStart (key: kotlin.Int, dirty1: kotlin.Int, dirty2: kotlin.Int, info: kotlin.String): kotlin.Unit declared in androidx.compose.runtime.ComposerKt' type=kotlin.Unit origin=null
                                                      key: CONST Int type=kotlin.Int value=382445300
                                                      dirty1: GET_VAR '$changed: kotlin.Int declared in com.nuzio.newsapp.ui.MainActivity.onCreate.<no name provided>.invoke.<no name provided>.invoke$lambda$14$lambda$13.<no name provided>.invoke' type=kotlin.Int origin=null
                                                      dirty2: CONST Int type=kotlin.Int value=-1
                                                      info: CONST String type=kotlin.String value="com.nuzio.newsapp.ui.MainActivity.onCreate.<anonymous>.<anonymous>.<anonymous>.<anonymous>.<anonymous> (MainActivity.kt:100)"
                                                VAR name:newsViewModel type:com.nuzio.newsapp.ui.viewmodel.NewsViewModel [val]
                                                  CALL 'public final fun hiltViewModel <VM> (viewModelStoreOwner: androidx.lifecycle.ViewModelStoreOwner?, key: kotlin.String?, $composer: androidx.compose.runtime.Composer?, $changed: kotlin.Int, $default: kotlin.Int): VM of androidx.hilt.navigation.compose.HiltViewModelKt.hiltViewModel [inline] declared in androidx.hilt.navigation.compose.HiltViewModelKt' type=com.nuzio.newsapp.ui.viewmodel.NewsViewModel origin=null
                                                    <VM>: com.nuzio.newsapp.ui.viewmodel.NewsViewModel
                                                    viewModelStoreOwner: COMPOSITE type=kotlin.Nothing? origin=DEFAULT_VALUE
                                                      CONST Null type=kotlin.Nothing? value=null
                                                    key: COMPOSITE type=kotlin.Nothing? origin=DEFAULT_VALUE
                                                      CONST Null type=kotlin.Nothing? value=null
                                                    $composer: GET_VAR '$composer: androidx.compose.runtime.Composer? [assignable] declared in com.nuzio.newsapp.ui.MainActivity.onCreate.<no name provided>.invoke.<no name provided>.invoke$lambda$14$lambda$13.<no name provided>.invoke' type=androidx.compose.runtime.Composer? origin=null
                                                    $changed: CONST Int type=kotlin.Int value=0
                                                    $default: CONST Int type=kotlin.Int value=3
                                                VAR name:newsAuthViewModel type:com.nuzio.newsapp.ui.viewmodel.AuthViewModel [val]
                                                  CALL 'public final fun hiltViewModel <VM> (viewModelStoreOwner: androidx.lifecycle.ViewModelStoreOwner?, key: kotlin.String?, $composer: androidx.compose.runtime.Composer?, $changed: kotlin.Int, $default: kotlin.Int): VM of androidx.hilt.navigation.compose.HiltViewModelKt.hiltViewModel [inline] declared in androidx.hilt.navigation.compose.HiltViewModelKt' type=com.nuzio.newsapp.ui.viewmodel.AuthViewModel origin=null
                                                    <VM>: com.nuzio.newsapp.ui.viewmodel.AuthViewModel
                                                    viewModelStoreOwner: COMPOSITE type=kotlin.Nothing? origin=DEFAULT_VALUE
                                                      CONST Null type=kotlin.Nothing? value=null
                                                    key: COMPOSITE type=kotlin.Nothing? origin=DEFAULT_VALUE
                                                      CONST Null type=kotlin.Nothing? value=null
                                                    $composer: GET_VAR '$composer: androidx.compose.runtime.Composer? [assignable] declared in com.nuzio.newsapp.ui.MainActivity.onCreate.<no name provided>.invoke.<no name provided>.invoke$lambda$14$lambda$13.<no name provided>.invoke' type=androidx.compose.runtime.Composer? origin=null
                                                    $changed: CONST Int type=kotlin.Int value=0
                                                    $default: CONST Int type=kotlin.Int value=3
                                                CALL 'public final fun NewsListScreen (viewModel: com.nuzio.newsapp.ui.viewmodel.NewsViewModel, authViewModel: com.nuzio.newsapp.ui.viewmodel.AuthViewModel, onLogoutSuccess: kotlin.Function0<kotlin.Unit>, $composer: androidx.compose.runtime.Composer?, $changed: kotlin.Int): kotlin.Unit declared in com.nuzio.newsapp.ui.screens.NewsListScreenKt' type=kotlin.Unit origin=null
                                                  viewModel: GET_VAR 'val newsViewModel: com.nuzio.newsapp.ui.viewmodel.NewsViewModel [val] declared in com.nuzio.newsapp.ui.MainActivity.onCreate.<no name provided>.invoke.<no name provided>.invoke$lambda$14$lambda$13.<no name provided>.invoke' type=com.nuzio.newsapp.ui.viewmodel.NewsViewModel origin=null
                                                  authViewModel: GET_VAR 'val newsAuthViewModel: com.nuzio.newsapp.ui.viewmodel.AuthViewModel [val] declared in com.nuzio.newsapp.ui.MainActivity.onCreate.<no name provided>.invoke.<no name provided>.invoke$lambda$14$lambda$13.<no name provided>.invoke' type=com.nuzio.newsapp.ui.viewmodel.AuthViewModel origin=null
                                                  onLogoutSuccess: BLOCK type=kotlin.Function0<kotlin.Unit> origin=null
                                                    BLOCK type=kotlin.Unit origin=null
                                                      CALL 'public abstract fun startReplaceGroup (key: kotlin.Int): kotlin.Unit declared in androidx.compose.runtime.Composer' type=kotlin.Unit origin=null
                                                        $this: GET_VAR '$composer: androidx.compose.runtime.Composer? [assignable] declared in com.nuzio.newsapp.ui.MainActivity.onCreate.<no name provided>.invoke.<no name provided>.invoke$lambda$14$lambda$13.<no name provided>.invoke' type=androidx.compose.runtime.Composer? origin=null
                                                        key: CONST Int type=kotlin.Int value=1742014801
                                                      CALL 'public final fun sourceInformation (composer: androidx.compose.runtime.Composer, sourceInformation: kotlin.String): kotlin.Unit declared in androidx.compose.runtime.ComposerKt' type=kotlin.Unit origin=null
                                                        composer: GET_VAR '$composer: androidx.compose.runtime.Composer? [assignable] declared in com.nuzio.newsapp.ui.MainActivity.onCreate.<no name provided>.invoke.<no name provided>.invoke$lambda$14$lambda$13.<no name provided>.invoke' type=androidx.compose.runtime.Composer? origin=null
                                                        sourceInformation: CONST String type=kotlin.String value="CC(remember):MainActivity.kt#9igjgp"
                                                    VAR IR_TEMPORARY_VARIABLE name:tmp0_group type:kotlin.Function0<kotlin.Unit> [val]
                                                      CALL 'public final fun cache <T> (invalid: kotlin.Boolean, block: @[DisallowComposableCalls] kotlin.Function0<T of androidx.compose.runtime.ComposerKt.cache>): T of androidx.compose.runtime.ComposerKt.cache [inline] declared in androidx.compose.runtime.ComposerKt' type=kotlin.Function0<kotlin.Unit> origin=null
                                                        <T>: kotlin.Function0<kotlin.Unit>
                                                        $receiver: GET_VAR '$composer: androidx.compose.runtime.Composer? [assignable] declared in com.nuzio.newsapp.ui.MainActivity.onCreate.<no name provided>.invoke.<no name provided>.invoke$lambda$14$lambda$13.<no name provided>.invoke' type=androidx.compose.runtime.Composer? origin=null
                                                        invalid: CALL 'public final fun or (other: kotlin.Boolean): kotlin.Boolean [infix] declared in kotlin.Boolean' type=kotlin.Boolean origin=null
                                                          $this: CALL 'public final fun or (other: kotlin.Boolean): kotlin.Boolean [infix] declared in kotlin.Boolean' type=kotlin.Boolean origin=null
                                                            $this: CALL 'public open fun changedInstance (value: kotlin.Any?): kotlin.Boolean declared in androidx.compose.runtime.Composer' type=kotlin.Boolean origin=null
                                                              $this: GET_VAR '$composer: androidx.compose.runtime.Composer? [assignable] declared in com.nuzio.newsapp.ui.MainActivity.onCreate.<no name provided>.invoke.<no name provided>.invoke$lambda$14$lambda$13.<no name provided>.invoke' type=androidx.compose.runtime.Composer? origin=null
                                                              value: GET_FIELD 'FIELD FIELD_FOR_CAPTURED_VALUE name:this$0 type:com.nuzio.newsapp.ui.MainActivity visibility:public/*package*/ [final] declared in com.nuzio.newsapp.ui.MainActivity.onCreate.<no name provided>.invoke.<no name provided>.invoke$lambda$14$lambda$13.<no name provided>' type=com.nuzio.newsapp.ui.MainActivity origin=null
                                                                receiver: GET_VAR '<this>: com.nuzio.newsapp.ui.MainActivity.onCreate.<no name provided>.invoke.<no name provided>.invoke$lambda$14$lambda$13.<no name provided> declared in com.nuzio.newsapp.ui.MainActivity.onCreate.<no name provided>.invoke.<no name provided>.invoke$lambda$14$lambda$13.<no name provided>.invoke' type=com.nuzio.newsapp.ui.MainActivity.onCreate.<no name provided>.invoke.<no name provided>.invoke$lambda$14$lambda$13.<no name provided> origin=null
                                                            other: CALL 'public open fun changedInstance (value: kotlin.Any?): kotlin.Boolean declared in androidx.compose.runtime.Composer' type=kotlin.Boolean origin=null
                                                              $this: GET_VAR '$composer: androidx.compose.runtime.Composer? [assignable] declared in com.nuzio.newsapp.ui.MainActivity.onCreate.<no name provided>.invoke.<no name provided>.invoke$lambda$14$lambda$13.<no name provided>.invoke' type=androidx.compose.runtime.Composer? origin=null
                                                              value: GET_VAR 'val newsAuthViewModel: com.nuzio.newsapp.ui.viewmodel.AuthViewModel [val] declared in com.nuzio.newsapp.ui.MainActivity.onCreate.<no name provided>.invoke.<no name provided>.invoke$lambda$14$lambda$13.<no name provided>.invoke' type=com.nuzio.newsapp.ui.viewmodel.AuthViewModel origin=null
                                                          other: CALL 'public open fun changedInstance (value: kotlin.Any?): kotlin.Boolean declared in androidx.compose.runtime.Composer' type=kotlin.Boolean origin=null
                                                            $this: GET_VAR '$composer: androidx.compose.runtime.Composer? [assignable] declared in com.nuzio.newsapp.ui.MainActivity.onCreate.<no name provided>.invoke.<no name provided>.invoke$lambda$14$lambda$13.<no name provided>.invoke' type=androidx.compose.runtime.Composer? origin=null
                                                            value: GET_FIELD 'FIELD FIELD_FOR_CAPTURED_VALUE name:$navController type:androidx.navigation.NavHostController visibility:public/*package*/ [final] declared in com.nuzio.newsapp.ui.MainActivity.onCreate.<no name provided>.invoke.<no name provided>.invoke$lambda$14$lambda$13.<no name provided>' type=androidx.navigation.NavHostController origin=null
                                                              receiver: GET_VAR '<this>: com.nuzio.newsapp.ui.MainActivity.onCreate.<no name provided>.invoke.<no name provided>.invoke$lambda$14$lambda$13.<no name provided> declared in com.nuzio.newsapp.ui.MainActivity.onCreate.<no name provided>.invoke.<no name provided>.invoke$lambda$14$lambda$13.<no name provided>.invoke' type=com.nuzio.newsapp.ui.MainActivity.onCreate.<no name provided>.invoke.<no name provided>.invoke$lambda$14$lambda$13.<no name provided> origin=null
                                                        block: BLOCK type=kotlin.Function0<kotlin.Function0<kotlin.Unit>> origin=LAMBDA
                                                          COMPOSITE type=kotlin.Unit origin=null
                                                          FUNCTION_REFERENCE 'private final fun invoke$lambda$3 (this$0: com.nuzio.newsapp.ui.MainActivity, $navController: androidx.navigation.NavHostController, $newsAuthViewModel: com.nuzio.newsapp.ui.viewmodel.AuthViewModel): kotlin.Function0<kotlin.Unit> declared in com.nuzio.newsapp.ui.MainActivity.onCreate.<no name provided>.invoke.<no name provided>.invoke$lambda$14$lambda$13.<no name provided>' type=kotlin.Function0<kotlin.Function0<kotlin.Unit>> origin=INLINE_LAMBDA reflectionTarget=null
                                                            this$0: GET_FIELD 'FIELD FIELD_FOR_CAPTURED_VALUE name:this$0 type:com.nuzio.newsapp.ui.MainActivity visibility:public/*package*/ [final] declared in com.nuzio.newsapp.ui.MainActivity.onCreate.<no name provided>.invoke.<no name provided>.invoke$lambda$14$lambda$13.<no name provided>' type=com.nuzio.newsapp.ui.MainActivity origin=null
                                                              receiver: GET_VAR '<this>: com.nuzio.newsapp.ui.MainActivity.onCreate.<no name provided>.invoke.<no name provided>.invoke$lambda$14$lambda$13.<no name provided> declared in com.nuzio.newsapp.ui.MainActivity.onCreate.<no name provided>.invoke.<no name provided>.invoke$lambda$14$lambda$13.<no name provided>.invoke' type=com.nuzio.newsapp.ui.MainActivity.onCreate.<no name provided>.invoke.<no name provided>.invoke$lambda$14$lambda$13.<no name provided> origin=null
                                                            $navController: GET_FIELD 'FIELD FIELD_FOR_CAPTURED_VALUE name:$navController type:androidx.navigation.NavHostController visibility:public/*package*/ [final] declared in com.nuzio.newsapp.ui.MainActivity.onCreate.<no name provided>.invoke.<no name provided>.invoke$lambda$14$lambda$13.<no name provided>' type=androidx.navigation.NavHostController origin=null
                                                              receiver: GET_VAR '<this>: com.nuzio.newsapp.ui.MainActivity.onCreate.<no name provided>.invoke.<no name provided>.invoke$lambda$14$lambda$13.<no name provided> declared in com.nuzio.newsapp.ui.MainActivity.onCreate.<no name provided>.invoke.<no name provided>.invoke$lambda$14$lambda$13.<no name provided>.invoke' type=com.nuzio.newsapp.ui.MainActivity.onCreate.<no name provided>.invoke.<no name provided>.invoke$lambda$14$lambda$13.<no name provided> origin=null
                                                            $newsAuthViewModel: GET_VAR 'val newsAuthViewModel: com.nuzio.newsapp.ui.viewmodel.AuthViewModel [val] declared in com.nuzio.newsapp.ui.MainActivity.onCreate.<no name provided>.invoke.<no name provided>.invoke$lambda$14$lambda$13.<no name provided>.invoke' type=com.nuzio.newsapp.ui.viewmodel.AuthViewModel origin=null
                                                    CALL 'public abstract fun endReplaceGroup (): kotlin.Unit declared in androidx.compose.runtime.Composer' type=kotlin.Unit origin=null
                                                      $this: GET_VAR '$composer: androidx.compose.runtime.Composer? [assignable] declared in com.nuzio.newsapp.ui.MainActivity.onCreate.<no name provided>.invoke.<no name provided>.invoke$lambda$14$lambda$13.<no name provided>.invoke' type=androidx.compose.runtime.Composer? origin=null
                                                    GET_VAR 'val tmp0_group: kotlin.Function0<kotlin.Unit> [val] declared in com.nuzio.newsapp.ui.MainActivity.onCreate.<no name provided>.invoke.<no name provided>.invoke$lambda$14$lambda$13.<no name provided>.invoke' type=kotlin.Function0<kotlin.Unit> origin=null
                                                  $composer: GET_VAR '$composer: androidx.compose.runtime.Composer? [assignable] declared in com.nuzio.newsapp.ui.MainActivity.onCreate.<no name provided>.invoke.<no name provided>.invoke$lambda$14$lambda$13.<no name provided>.invoke' type=androidx.compose.runtime.Composer? origin=null
                                                  $changed: CALL 'public final fun or (other: kotlin.Int): kotlin.Int [infix] declared in kotlin.Int' type=kotlin.Int origin=null
                                                    $this: GET_FIELD 'FIELD name:$stable type:kotlin.Int visibility:public [final,static] declared in com.nuzio.newsapp.ui.viewmodel.NewsViewModel' type=kotlin.Int origin=null
                                                    other: CALL 'public final fun shl (bitCount: kotlin.Int): kotlin.Int [infix] declared in kotlin.Int' type=kotlin.Int origin=null
                                                      $this: GET_FIELD 'FIELD name:$stable type:kotlin.Int visibility:public [final,static] declared in com.nuzio.newsapp.ui.viewmodel.AuthViewModel' type=kotlin.Int origin=null
                                                      bitCount: CONST Int type=kotlin.Int value=3
                                                WHEN type=kotlin.Unit origin=IF
                                                  BRANCH
                                                    if: CALL 'public final fun isTraceInProgress (): kotlin.Boolean declared in androidx.compose.runtime.ComposerKt' type=kotlin.Boolean origin=null
                                                    then: CALL 'public final fun traceEventEnd (): kotlin.Unit declared in androidx.compose.runtime.ComposerKt' type=kotlin.Unit origin=null
                                          FIELD FIELD_FOR_CAPTURED_VALUE name:this$0 type:com.nuzio.newsapp.ui.MainActivity visibility:public/*package*/ [final]
                                          FIELD FIELD_FOR_CAPTURED_VALUE name:$navController type:androidx.navigation.NavHostController visibility:public/*package*/ [final]
                                          FUN LOCAL_FUNCTION_FOR_LAMBDA name:invoke$lambda$3$lambda$2$lambda$1$lambda$0 visibility:private modality:FINAL <> ($this$popUpTo:androidx.navigation.PopUpToBuilder) returnType:kotlin.Unit?
                                            VALUE_PARAMETER name:$this$popUpTo index:0 type:androidx.navigation.PopUpToBuilder
                                            BLOCK_BODY
                                              CALL 'public final fun <set-inclusive> (value: kotlin.Boolean): kotlin.Unit declared in androidx.navigation.PopUpToBuilder' type=kotlin.Unit origin=EQ
                                                $this: GET_VAR '$this$popUpTo: androidx.navigation.PopUpToBuilder declared in com.nuzio.newsapp.ui.MainActivity.onCreate.<no name provided>.invoke.<no name provided>.invoke$lambda$14$lambda$13.<no name provided>.invoke$lambda$3$lambda$2$lambda$1$lambda$0' type=androidx.navigation.PopUpToBuilder origin=null
                                                value: CONST Boolean type=kotlin.Boolean value=true
                                          FUN LOCAL_FUNCTION_FOR_LAMBDA name:invoke$lambda$3$lambda$2$lambda$1 visibility:private modality:FINAL <> ($this$navigate:androidx.navigation.NavOptionsBuilder) returnType:kotlin.Unit?
                                            VALUE_PARAMETER name:$this$navigate index:0 type:androidx.navigation.NavOptionsBuilder
                                            BLOCK_BODY
                                              CALL 'public final fun popUpTo (route: kotlin.String, popUpToBuilder: @[ExtensionFunctionType] kotlin.Function1<androidx.navigation.PopUpToBuilder, kotlin.Unit>): kotlin.Unit declared in androidx.navigation.NavOptionsBuilder' type=kotlin.Unit origin=null
                                                $this: GET_VAR '$this$navigate: androidx.navigation.NavOptionsBuilder declared in com.nuzio.newsapp.ui.MainActivity.onCreate.<no name provided>.invoke.<no name provided>.invoke$lambda$14$lambda$13.<no name provided>.invoke$lambda$3$lambda$2$lambda$1' type=androidx.navigation.NavOptionsBuilder origin=null
                                                route: CALL 'public final fun <get-route> (): kotlin.String [fake_override] declared in com.nuzio.newsapp.ui.Screen.NewsList' type=kotlin.String origin=GET_PROPERTY
                                                  $this: GET_FIELD 'FIELD FIELD_FOR_OBJECT_INSTANCE name:INSTANCE type:com.nuzio.newsapp.ui.Screen.NewsList visibility:public [final,static] declared in com.nuzio.newsapp.ui.Screen.NewsList' type=com.nuzio.newsapp.ui.Screen.NewsList origin=null
                                                popUpToBuilder: BLOCK type=@[ExtensionFunctionType] kotlin.Function1<androidx.navigation.PopUpToBuilder, kotlin.Unit> origin=LAMBDA
                                                  COMPOSITE type=kotlin.Unit origin=null
                                                  CALL 'public final fun <jvm-indy> <T> (dynamicCall: T of kotlin.jvm.internal.<jvm-indy>, bootstrapMethodHandle: kotlin.Any, vararg bootstrapMethodArguments: kotlin.Any): T of kotlin.jvm.internal.<jvm-indy> declared in kotlin.jvm.internal' type=@[ExtensionFunctionType] kotlin.Function1<androidx.navigation.PopUpToBuilder, kotlin.Unit> origin=null
                                                    <T>: @[ExtensionFunctionType] kotlin.Function1<androidx.navigation.PopUpToBuilder, kotlin.Unit>
                                                    dynamicCall: CALL 'public final fun invoke (): @[ExtensionFunctionType] kotlin.Function1<androidx.navigation.PopUpToBuilder, kotlin.Unit> declared in kotlin.jvm.internal.invokeDynamic' type=@[ExtensionFunctionType] kotlin.Function1<androidx.navigation.PopUpToBuilder, kotlin.Unit> origin=null
                                                    bootstrapMethodHandle: CALL 'public final fun <jvm-method-handle> (tag: kotlin.Int, owner: kotlin.String, name: kotlin.String, descriptor: kotlin.String, isInterface: kotlin.Boolean): kotlin.Any declared in kotlin.jvm.internal' type=kotlin.Any origin=null
                                                      tag: CONST Int type=kotlin.Int value=6
                                                      owner: CONST String type=kotlin.String value="java/lang/invoke/LambdaMetafactory"
                                                      name: CONST String type=kotlin.String value="metafactory"
                                                      descriptor: CONST String type=kotlin.String value="(Ljava/lang/invoke/MethodHandles$Lookup;Ljava/lang/String;Ljava/lang/invoke/MethodType;Ljava/lang/invoke/MethodType;Ljava/lang/invoke/MethodHandle;Ljava/lang/invoke/MethodType;)Ljava/lang/invoke/CallSite;"
                                                      isInterface: CONST Boolean type=kotlin.Boolean value=false
                                                    bootstrapMethodArguments: VARARG type=kotlin.Array<kotlin.Any> varargElementType=kotlin.Any
                                                      CALL 'public final fun <jvm-original-method-type> (method: kotlin.Any): kotlin.Any declared in kotlin.jvm.internal' type=kotlin.Any origin=null
                                                        method: RAW_FUNCTION_REFERENCE 'public abstract fun invoke (p1: P1 of kotlin.Function1): R of kotlin.Function1 [operator] declared in kotlin.Function1' type=kotlin.Any
                                                      RAW_FUNCTION_REFERENCE 'private final fun invoke$lambda$3$lambda$2$lambda$1$lambda$0 ($this$popUpTo: androidx.navigation.PopUpToBuilder): kotlin.Unit? declared in com.nuzio.newsapp.ui.MainActivity.onCreate.<no name provided>.invoke.<no name provided>.invoke$lambda$14$lambda$13.<no name provided>' type=kotlin.Any
                                                      CALL 'public final fun <jvm-original-method-type> (method: kotlin.Any): kotlin.Any declared in kotlin.jvm.internal' type=kotlin.Any origin=null
                                                        method: RAW_FUNCTION_REFERENCE 'public abstract fun invoke (p1: androidx.navigation.PopUpToBuilder): kotlin.Unit? [fake_override,operator] declared in kotlin.jvm.internal.invokeDynamic.<fake>' type=kotlin.Any
                                          FUN LOCAL_FUNCTION_FOR_LAMBDA name:invoke$lambda$3$lambda$2 visibility:private modality:FINAL <> (this$0:com.nuzio.newsapp.ui.MainActivity, $navController:androidx.navigation.NavHostController, $newsAuthViewModel:com.nuzio.newsapp.ui.viewmodel.AuthViewModel) returnType:kotlin.Unit?
                                            VALUE_PARAMETER BOUND_VALUE_PARAMETER name:this$0 index:0 type:com.nuzio.newsapp.ui.MainActivity
                                            VALUE_PARAMETER BOUND_VALUE_PARAMETER name:$navController index:1 type:androidx.navigation.NavHostController
                                            VALUE_PARAMETER BOUND_VALUE_PARAMETER name:$newsAuthViewModel index:2 type:com.nuzio.newsapp.ui.viewmodel.AuthViewModel
                                            BLOCK_BODY
                                              COMPOSITE type=kotlin.Unit origin=null
                                                CALL 'public final fun launch$default (context: kotlin.coroutines.CoroutineContext?, start: kotlinx.coroutines.CoroutineStart?, block: @[ExtensionFunctionType] kotlin.coroutines.SuspendFunction1<kotlinx.coroutines.CoroutineScope, kotlin.Unit>, $mask0: kotlin.Int, $handler: kotlin.Any?): kotlinx.coroutines.Job declared in kotlinx.coroutines.BuildersKt' type=kotlinx.coroutines.Job origin=DEFAULT_DISPATCH_CALL
                                                  $receiver: CALL 'public final fun <get-lifecycleScope> (): androidx.lifecycle.LifecycleCoroutineScope declared in androidx.lifecycle.LifecycleOwnerKt' type=androidx.lifecycle.LifecycleCoroutineScope origin=GET_PROPERTY
                                                    $receiver: GET_VAR 'this$0: com.nuzio.newsapp.ui.MainActivity declared in com.nuzio.newsapp.ui.MainActivity.onCreate.<no name provided>.invoke.<no name provided>.invoke$lambda$14$lambda$13.<no name provided>.invoke$lambda$3$lambda$2' type=com.nuzio.newsapp.ui.MainActivity origin=null
                                                  context: COMPOSITE type=kotlin.coroutines.CoroutineContext? origin=DEFAULT_VALUE
                                                    CONST Null type=kotlin.coroutines.CoroutineContext? value=null
                                                  start: COMPOSITE type=kotlinx.coroutines.CoroutineStart? origin=DEFAULT_VALUE
                                                    CONST Null type=kotlinx.coroutines.CoroutineStart? value=null
                                                  block: BLOCK type=com.nuzio.newsapp.ui.MainActivity.onCreate.<no name provided>.invoke.<no name provided>.invoke$lambda$14$lambda$13.<no name provided>.invoke$lambda$3$lambda$2.<no name provided> origin=null
                                                    CLASS SUSPEND_LAMBDA CLASS name:<no name provided> modality:FINAL visibility:public/*package*/ superTypes:[kotlin.coroutines.jvm.internal.SuspendLambda; kotlin.jvm.functions.Function2<kotlinx.coroutines.CoroutineScope, kotlin.coroutines.Continuation<kotlin.Unit>?, kotlin.Any?>]
                                                      $this: VALUE_PARAMETER INSTANCE_RECEIVER name:<this> type:com.nuzio.newsapp.ui.MainActivity.onCreate.<no name provided>.invoke.<no name provided>.invoke$lambda$14$lambda$13.<no name provided>.invoke$lambda$3$lambda$2.<no name provided>
                                                      FIELD name:label type:kotlin.Int visibility:public/*package*/
                                                      CONSTRUCTOR SUSPEND_LAMBDA visibility:public/*package*/ <> ($newsAuthViewModel:com.nuzio.newsapp.ui.viewmodel.AuthViewModel, $completion:kotlin.coroutines.Continuation<com.nuzio.newsapp.ui.MainActivity.onCreate.<no name provided>.invoke.<no name provided>.invoke$lambda$14$lambda$13.<no name provided>.invoke$lambda$3$lambda$2.<no name provided>>?) returnType:com.nuzio.newsapp.ui.MainActivity.onCreate.<no name provided>.invoke.<no name provided>.invoke$lambda$14$lambda$13.<no name provided>.invoke$lambda$3$lambda$2.<no name provided> [primary]
                                                        VALUE_PARAMETER BOUND_VALUE_PARAMETER name:$newsAuthViewModel index:0 type:com.nuzio.newsapp.ui.viewmodel.AuthViewModel
                                                        VALUE_PARAMETER name:$completion index:1 type:kotlin.coroutines.Continuation<com.nuzio.newsapp.ui.MainActivity.onCreate.<no name provided>.invoke.<no name provided>.invoke$lambda$14$lambda$13.<no name provided>.invoke$lambda$3$lambda$2.<no name provided>>?
                                                        BLOCK_BODY
                                                          SET_FIELD 'FIELD FIELD_FOR_CAPTURED_VALUE name:$newsAuthViewModel type:com.nuzio.newsapp.ui.viewmodel.AuthViewModel visibility:public/*package*/ [final] declared in com.nuzio.newsapp.ui.MainActivity.onCreate.<no name provided>.invoke.<no name provided>.invoke$lambda$14$lambda$13.<no name provided>.invoke$lambda$3$lambda$2.<no name provided>' type=kotlin.Unit origin=INITIALIZER_OF_FIELD_FOR_CAPTURED_VALUE
                                                            receiver: GET_VAR '<this>: com.nuzio.newsapp.ui.MainActivity.onCreate.<no name provided>.invoke.<no name provided>.invoke$lambda$14$lambda$13.<no name provided>.invoke$lambda$3$lambda$2.<no name provided> declared in com.nuzio.newsapp.ui.MainActivity.onCreate.<no name provided>.invoke.<no name provided>.invoke$lambda$14$lambda$13.<no name provided>.invoke$lambda$3$lambda$2.<no name provided>' type=com.nuzio.newsapp.ui.MainActivity.onCreate.<no name provided>.invoke.<no name provided>.invoke$lambda$14$lambda$13.<no name provided>.invoke$lambda$3$lambda$2.<no name provided> origin=null
                                                            value: GET_VAR '$newsAuthViewModel: com.nuzio.newsapp.ui.viewmodel.AuthViewModel declared in com.nuzio.newsapp.ui.MainActivity.onCreate.<no name provided>.invoke.<no name provided>.invoke$lambda$14$lambda$13.<no name provided>.invoke$lambda$3$lambda$2.<no name provided>.<init>' type=com.nuzio.newsapp.ui.viewmodel.AuthViewModel origin=null
                                                          DELEGATING_CONSTRUCTOR_CALL 'public constructor <init> (arity: kotlin.Int, $completion: kotlin.coroutines.Continuation<kotlin.Any?>?) declared in kotlin.coroutines.jvm.internal.SuspendLambda'
                                                            arity: CONST Int type=kotlin.Int value=2
                                                            $completion: GET_VAR '$completion: kotlin.coroutines.Continuation<com.nuzio.newsapp.ui.MainActivity.onCreate.<no name provided>.invoke.<no name provided>.invoke$lambda$14$lambda$13.<no name provided>.invoke$lambda$3$lambda$2.<no name provided>>? declared in com.nuzio.newsapp.ui.MainActivity.onCreate.<no name provided>.invoke.<no name provided>.invoke$lambda$14$lambda$13.<no name provided>.invoke$lambda$3$lambda$2.<no name provided>.<init>' type=kotlin.coroutines.Continuation<com.nuzio.newsapp.ui.MainActivity.onCreate.<no name provided>.invoke.<no name provided>.invoke$lambda$14$lambda$13.<no name provided>.invoke$lambda$3$lambda$2.<no name provided>>? origin=null
                                                          BLOCK type=kotlin.Unit origin=null
                                                      FUN name:invokeSuspend visibility:public modality:FINAL <> ($this:com.nuzio.newsapp.ui.MainActivity.onCreate.<no name provided>.invoke.<no name provided>.invoke$lambda$14$lambda$13.<no name provided>.invoke$lambda$3$lambda$2.<no name provided>, $result:kotlin.Result<kotlin.Any?>) returnType:kotlin.Any?
                                                        overridden:
                                                          protected abstract fun invokeSuspend ($result: kotlin.Result<kotlin.Any?>): kotlin.Any? declared in kotlin.coroutines.jvm.internal.SuspendLambda
                                                        $this: VALUE_PARAMETER INSTANCE_RECEIVER name:<this> type:com.nuzio.newsapp.ui.MainActivity.onCreate.<no name provided>.invoke.<no name provided>.invoke$lambda$14$lambda$13.<no name provided>.invoke$lambda$3$lambda$2.<no name provided>
                                                        VALUE_PARAMETER name:$result index:0 type:kotlin.Result<kotlin.Any?>
                                                        BLOCK_BODY
                                                          TRY type=kotlin.Unit
                                                            try: BLOCK type=kotlin.Unit origin=null
                                                              CALL 'public final fun signOut (): kotlin.Unit declared in com.nuzio.newsapp.ui.viewmodel.AuthViewModel' type=kotlin.Unit origin=null
                                                                $this: GET_FIELD 'FIELD FIELD_FOR_CAPTURED_VALUE name:$newsAuthViewModel type:com.nuzio.newsapp.ui.viewmodel.AuthViewModel visibility:public/*package*/ [final] declared in com.nuzio.newsapp.ui.MainActivity.onCreate.<no name provided>.invoke.<no name provided>.invoke$lambda$14$lambda$13.<no name provided>.invoke$lambda$3$lambda$2.<no name provided>' type=com.nuzio.newsapp.ui.viewmodel.AuthViewModel origin=null
                                                                  receiver: GET_VAR '<this>: com.nuzio.newsapp.ui.MainActivity.onCreate.<no name provided>.invoke.<no name provided>.invoke$lambda$14$lambda$13.<no name provided>.invoke$lambda$3$lambda$2.<no name provided> declared in com.nuzio.newsapp.ui.MainActivity.onCreate.<no name provided>.invoke.<no name provided>.invoke$lambda$14$lambda$13.<no name provided>.invoke$lambda$3$lambda$2.<no name provided>.invokeSuspend' type=com.nuzio.newsapp.ui.MainActivity.onCreate.<no name provided>.invoke.<no name provided>.invoke$lambda$14$lambda$13.<no name provided>.invoke$lambda$3$lambda$2.<no name provided> origin=null
                                                            CATCH parameter=val e: java.lang.Exception [val] declared in com.nuzio.newsapp.ui.MainActivity.onCreate.<no name provided>.invoke.<no name provided>.invoke$lambda$14$lambda$13.<no name provided>.invoke$lambda$3$lambda$2.<no name provided>.invokeSuspend
                                                              VAR CATCH_PARAMETER name:e type:java.lang.Exception [val]
                                                              BLOCK type=kotlin.Unit origin=null
                                                                CALL 'public open fun printStackTrace (): kotlin.Unit [fake_override] declared in java.lang.Exception' type=kotlin.Unit origin=null
                                                                  $this: GET_VAR 'val e: java.lang.Exception [val] declared in com.nuzio.newsapp.ui.MainActivity.onCreate.<no name provided>.invoke.<no name provided>.invoke$lambda$14$lambda$13.<no name provided>.invoke$lambda$3$lambda$2.<no name provided>.invokeSuspend' type=java.lang.Exception origin=null
                                                      FUN name:create visibility:public modality:FINAL <> ($this:com.nuzio.newsapp.ui.MainActivity.onCreate.<no name provided>.invoke.<no name provided>.invoke$lambda$14$lambda$13.<no name provided>.invoke$lambda$3$lambda$2.<no name provided>, value:kotlin.Any?, $completion:kotlin.coroutines.Continuation<kotlin.Nothing>) returnType:kotlin.coroutines.Continuation<kotlin.Unit>
                                                        overridden:
                                                          public open fun create (value: kotlin.Any?, $completion: kotlin.coroutines.Continuation<kotlin.Nothing>): kotlin.coroutines.Continuation<kotlin.Unit> declared in kotlin.coroutines.jvm.internal.SuspendLambda
                                                        $this: VALUE_PARAMETER INSTANCE_RECEIVER name:<this> type:com.nuzio.newsapp.ui.MainActivity.onCreate.<no name provided>.invoke.<no name provided>.invoke$lambda$14$lambda$13.<no name provided>.invoke$lambda$3$lambda$2.<no name provided>
                                                        VALUE_PARAMETER name:value index:0 type:kotlin.Any?
                                                        VALUE_PARAMETER name:$completion index:1 type:kotlin.coroutines.Continuation<kotlin.Nothing>
                                                        BLOCK_BODY
                                                          RETURN type=kotlin.Nothing from='public final fun create (value: kotlin.Any?, $completion: kotlin.coroutines.Continuation<kotlin.Nothing>): kotlin.coroutines.Continuation<kotlin.Unit> declared in com.nuzio.newsapp.ui.MainActivity.onCreate.<no name provided>.invoke.<no name provided>.invoke$lambda$14$lambda$13.<no name provided>.invoke$lambda$3$lambda$2.<no name provided>'
                                                            CONSTRUCTOR_CALL 'public/*package*/ constructor <init> ($newsAuthViewModel: com.nuzio.newsapp.ui.viewmodel.AuthViewModel, $completion: kotlin.coroutines.Continuation<com.nuzio.newsapp.ui.MainActivity.onCreate.<no name provided>.invoke.<no name provided>.invoke$lambda$14$lambda$13.<no name provided>.invoke$lambda$3$lambda$2.<no name provided>>?) [primary] declared in com.nuzio.newsapp.ui.MainActivity.onCreate.<no name provided>.invoke.<no name provided>.invoke$lambda$14$lambda$13.<no name provided>.invoke$lambda$3$lambda$2.<no name provided>' type=com.nuzio.newsapp.ui.MainActivity.onCreate.<no name provided>.invoke.<no name provided>.invoke$lambda$14$lambda$13.<no name provided>.invoke$lambda$3$lambda$2.<no name provided> origin=null
                                                              $newsAuthViewModel: GET_FIELD 'FIELD FIELD_FOR_CAPTURED_VALUE name:$newsAuthViewModel type:com.nuzio.newsapp.ui.viewmodel.AuthViewModel visibility:public/*package*/ [final] declared in com.nuzio.newsapp.ui.MainActivity.onCreate.<no name provided>.invoke.<no name provided>.invoke$lambda$14$lambda$13.<no name provided>.invoke$lambda$3$lambda$2.<no name provided>' type=com.nuzio.newsapp.ui.viewmodel.AuthViewModel origin=null
                                                                receiver: GET_VAR '<this>: com.nuzio.newsapp.ui.MainActivity.onCreate.<no name provided>.invoke.<no name provided>.invoke$lambda$14$lambda$13.<no name provided>.invoke$lambda$3$lambda$2.<no name provided> declared in com.nuzio.newsapp.ui.MainActivity.onCreate.<no name provided>.invoke.<no name provided>.invoke$lambda$14$lambda$13.<no name provided>.invoke$lambda$3$lambda$2.<no name provided>.create' type=com.nuzio.newsapp.ui.MainActivity.onCreate.<no name provided>.invoke.<no name provided>.invoke$lambda$14$lambda$13.<no name provided>.invoke$lambda$3$lambda$2.<no name provided> origin=null
                                                              $completion: GET_VAR '$completion: kotlin.coroutines.Continuation<kotlin.Nothing> declared in com.nuzio.newsapp.ui.MainActivity.onCreate.<no name provided>.invoke.<no name provided>.invoke$lambda$14$lambda$13.<no name provided>.invoke$lambda$3$lambda$2.<no name provided>.create' type=kotlin.coroutines.Continuation<kotlin.Nothing> origin=null
                                                      FUN name:invoke visibility:public modality:FINAL <> ($this:com.nuzio.newsapp.ui.MainActivity.onCreate.<no name provided>.invoke.<no name provided>.invoke$lambda$14$lambda$13.<no name provided>.invoke$lambda$3$lambda$2.<no name provided>, p1:kotlinx.coroutines.CoroutineScope, p2:kotlin.coroutines.Continuation<kotlin.Unit>?) returnType:kotlin.Any?
                                                        overridden:
                                                          public abstract fun invoke (p1: P1 of kotlin.jvm.functions.Function2, p2: P2 of kotlin.jvm.functions.Function2): R of kotlin.jvm.functions.Function2 declared in kotlin.jvm.functions.Function2
                                                        $this: VALUE_PARAMETER INSTANCE_RECEIVER name:<this> type:com.nuzio.newsapp.ui.MainActivity.onCreate.<no name provided>.invoke.<no name provided>.invoke$lambda$14$lambda$13.<no name provided>.invoke$lambda$3$lambda$2.<no name provided>
                                                        VALUE_PARAMETER name:p1 index:0 type:kotlinx.coroutines.CoroutineScope
                                                        VALUE_PARAMETER name:p2 index:1 type:kotlin.coroutines.Continuation<kotlin.Unit>?
                                                        BLOCK_BODY
                                                          RETURN type=kotlin.Nothing from='public final fun invoke (p1: kotlinx.coroutines.CoroutineScope, p2: kotlin.coroutines.Continuation<kotlin.Unit>?): kotlin.Any? declared in com.nuzio.newsapp.ui.MainActivity.onCreate.<no name provided>.invoke.<no name provided>.invoke$lambda$14$lambda$13.<no name provided>.invoke$lambda$3$lambda$2.<no name provided>'
                                                            CALL 'public final fun invokeSuspend ($result: kotlin.Result<kotlin.Any?>): kotlin.Any? declared in com.nuzio.newsapp.ui.MainActivity.onCreate.<no name provided>.invoke.<no name provided>.invoke$lambda$14$lambda$13.<no name provided>.invoke$lambda$3$lambda$2.<no name provided>' type=kotlin.Any? origin=null
                                                              $this: TYPE_OP type=com.nuzio.newsapp.ui.MainActivity.onCreate.<no name provided>.invoke.<no name provided>.invoke$lambda$14$lambda$13.<no name provided>.invoke$lambda$3$lambda$2.<no name provided> origin=IMPLICIT_CAST typeOperand=com.nuzio.newsapp.ui.MainActivity.onCreate.<no name provided>.invoke.<no name provided>.invoke$lambda$14$lambda$13.<no name provided>.invoke$lambda$3$lambda$2.<no name provided>
                                                                CALL 'public final fun create (value: kotlin.Any?, $completion: kotlin.coroutines.Continuation<kotlin.Nothing>): kotlin.coroutines.Continuation<kotlin.Unit> declared in com.nuzio.newsapp.ui.MainActivity.onCreate.<no name provided>.invoke.<no name provided>.invoke$lambda$14$lambda$13.<no name provided>.invoke$lambda$3$lambda$2.<no name provided>' type=kotlin.coroutines.Continuation<kotlin.Unit> origin=null
                                                                  $this: GET_VAR '<this>: com.nuzio.newsapp.ui.MainActivity.onCreate.<no name provided>.invoke.<no name provided>.invoke$lambda$14$lambda$13.<no name provided>.invoke$lambda$3$lambda$2.<no name provided> declared in com.nuzio.newsapp.ui.MainActivity.onCreate.<no name provided>.invoke.<no name provided>.invoke$lambda$14$lambda$13.<no name provided>.invoke$lambda$3$lambda$2.<no name provided>.invoke' type=com.nuzio.newsapp.ui.MainActivity.onCreate.<no name provided>.invoke.<no name provided>.invoke$lambda$14$lambda$13.<no name provided>.invoke$lambda$3$lambda$2.<no name provided> origin=null
                                                                  value: GET_VAR 'p1: kotlinx.coroutines.CoroutineScope declared in com.nuzio.newsapp.ui.MainActivity.onCreate.<no name provided>.invoke.<no name provided>.invoke$lambda$14$lambda$13.<no name provided>.invoke$lambda$3$lambda$2.<no name provided>.invoke' type=kotlinx.coroutines.CoroutineScope origin=null
                                                                  $completion: GET_VAR 'p2: kotlin.coroutines.Continuation<kotlin.Unit>? declared in com.nuzio.newsapp.ui.MainActivity.onCreate.<no name provided>.invoke.<no name provided>.invoke$lambda$14$lambda$13.<no name provided>.invoke$lambda$3$lambda$2.<no name provided>.invoke' type=kotlin.coroutines.Continuation<kotlin.Unit>? origin=null
                                                              $result: CALL 'public final fun <unsafe-coerce> <T, R> (v: T of kotlin.jvm.internal.<unsafe-coerce>): R of kotlin.jvm.internal.<unsafe-coerce> declared in kotlin.jvm.internal' type=kotlin.Result<kotlin.Any?> origin=null
                                                                <T>: kotlin.Any?
                                                                <R>: kotlin.Result<kotlin.Any?>
                                                                v: GET_FIELD 'FIELD FIELD_FOR_OBJECT_INSTANCE name:INSTANCE type:kotlin.Unit visibility:public [final,static] declared in kotlin.Unit' type=kotlin.Unit origin=null
                                                      FIELD FIELD_FOR_CAPTURED_VALUE name:$newsAuthViewModel type:com.nuzio.newsapp.ui.viewmodel.AuthViewModel visibility:public/*package*/ [final]
                                                      FUN BRIDGE name:invoke visibility:public modality:OPEN <> ($this:com.nuzio.newsapp.ui.MainActivity.onCreate.<no name provided>.invoke.<no name provided>.invoke$lambda$14$lambda$13.<no name provided>.invoke$lambda$3$lambda$2.<no name provided>, p1:kotlin.Any?, p2:kotlin.Any?) returnType:kotlin.Any?
                                                        $this: VALUE_PARAMETER INSTANCE_RECEIVER name:<this> type:com.nuzio.newsapp.ui.MainActivity.onCreate.<no name provided>.invoke.<no name provided>.invoke$lambda$14$lambda$13.<no name provided>.invoke$lambda$3$lambda$2.<no name provided>
                                                        VALUE_PARAMETER BRIDGE name:p1 index:0 type:kotlin.Any?
                                                        VALUE_PARAMETER BRIDGE name:p2 index:1 type:kotlin.Any?
                                                        EXPRESSION_BODY
                                                          RETURN type=kotlin.Nothing from='public open fun invoke (p1: kotlin.Any?, p2: kotlin.Any?): kotlin.Any? declared in com.nuzio.newsapp.ui.MainActivity.onCreate.<no name provided>.invoke.<no name provided>.invoke$lambda$14$lambda$13.<no name provided>.invoke$lambda$3$lambda$2.<no name provided>'
                                                            CALL 'public final fun invoke (p1: kotlinx.coroutines.CoroutineScope, p2: kotlin.coroutines.Continuation<kotlin.Unit>?): kotlin.Any? declared in com.nuzio.newsapp.ui.MainActivity.onCreate.<no name provided>.invoke.<no name provided>.invoke$lambda$14$lambda$13.<no name provided>.invoke$lambda$3$lambda$2.<no name provided>' type=kotlin.Any? origin=BRIDGE_DELEGATION
                                                              $this: GET_VAR '<this>: com.nuzio.newsapp.ui.MainActivity.onCreate.<no name provided>.invoke.<no name provided>.invoke$lambda$14$lambda$13.<no name provided>.invoke$lambda$3$lambda$2.<no name provided> declared in com.nuzio.newsapp.ui.MainActivity.onCreate.<no name provided>.invoke.<no name provided>.invoke$lambda$14$lambda$13.<no name provided>.invoke$lambda$3$lambda$2.<no name provided>.invoke' type=com.nuzio.newsapp.ui.MainActivity.onCreate.<no name provided>.invoke.<no name provided>.invoke$lambda$14$lambda$13.<no name provided>.invoke$lambda$3$lambda$2.<no name provided> origin=null
                                                              p1: TYPE_OP type=kotlinx.coroutines.CoroutineScope origin=IMPLICIT_CAST typeOperand=kotlinx.coroutines.CoroutineScope
                                                                GET_VAR 'p1: kotlin.Any? declared in com.nuzio.newsapp.ui.MainActivity.onCreate.<no name provided>.invoke.<no name provided>.invoke$lambda$14$lambda$13.<no name provided>.invoke$lambda$3$lambda$2.<no name provided>.invoke' type=kotlin.Any? origin=null
                                                              p2: TYPE_OP type=kotlin.coroutines.Continuation<*> origin=IMPLICIT_CAST typeOperand=kotlin.coroutines.Continuation<*>
                                                                GET_VAR 'p2: kotlin.Any? declared in com.nuzio.newsapp.ui.MainActivity.onCreate.<no name provided>.invoke.<no name provided>.invoke$lambda$14$lambda$13.<no name provided>.invoke$lambda$3$lambda$2.<no name provided>.invoke' type=kotlin.Any? origin=null
                                                    CONSTRUCTOR_CALL 'public/*package*/ constructor <init> ($newsAuthViewModel: com.nuzio.newsapp.ui.viewmodel.AuthViewModel, $completion: kotlin.coroutines.Continuation<com.nuzio.newsapp.ui.MainActivity.onCreate.<no name provided>.invoke.<no name provided>.invoke$lambda$14$lambda$13.<no name provided>.invoke$lambda$3$lambda$2.<no name provided>>?) [primary] declared in com.nuzio.newsapp.ui.MainActivity.onCreate.<no name provided>.invoke.<no name provided>.invoke$lambda$14$lambda$13.<no name provided>.invoke$lambda$3$lambda$2.<no name provided>' type=com.nuzio.newsapp.ui.MainActivity.onCreate.<no name provided>.invoke.<no name provided>.invoke$lambda$14$lambda$13.<no name provided>.invoke$lambda$3$lambda$2.<no name provided> origin=null
                                                      $newsAuthViewModel: GET_VAR '$newsAuthViewModel: com.nuzio.newsapp.ui.viewmodel.AuthViewModel declared in com.nuzio.newsapp.ui.MainActivity.onCreate.<no name provided>.invoke.<no name provided>.invoke$lambda$14$lambda$13.<no name provided>.invoke$lambda$3$lambda$2' type=com.nuzio.newsapp.ui.viewmodel.AuthViewModel origin=null
                                                      $completion: CONST Null type=kotlin.Nothing? value=null
                                                  $mask0: CONST Int type=kotlin.Int value=3
                                                  $handler: CONST Null type=kotlin.Any? value=null
                                                COMPOSITE type=kotlin.Unit origin=null
                                              CALL 'public final fun navigate (route: kotlin.String, builder: @[ExtensionFunctionType] kotlin.Function1<androidx.navigation.NavOptionsBuilder, kotlin.Unit>): kotlin.Unit [fake_override] declared in androidx.navigation.NavHostController' type=kotlin.Unit origin=null
                                                $this: GET_VAR '$navController: androidx.navigation.NavHostController declared in com.nuzio.newsapp.ui.MainActivity.onCreate.<no name provided>.invoke.<no name provided>.invoke$lambda$14$lambda$13.<no name provided>.invoke$lambda$3$lambda$2' type=androidx.navigation.NavHostController origin=null
                                                route: CALL 'public final fun <get-route> (): kotlin.String [fake_override] declared in com.nuzio.newsapp.ui.Screen.Login' type=kotlin.String origin=GET_PROPERTY
                                                  $this: GET_FIELD 'FIELD FIELD_FOR_OBJECT_INSTANCE name:INSTANCE type:com.nuzio.newsapp.ui.Screen.Login visibility:public [final,static] declared in com.nuzio.newsapp.ui.Screen.Login' type=com.nuzio.newsapp.ui.Screen.Login origin=null
                                                builder: BLOCK type=@[ExtensionFunctionType] kotlin.Function1<androidx.navigation.NavOptionsBuilder, kotlin.Unit> origin=LAMBDA
                                                  COMPOSITE type=kotlin.Unit origin=null
                                                  CALL 'public final fun <jvm-indy> <T> (dynamicCall: T of kotlin.jvm.internal.<jvm-indy>, bootstrapMethodHandle: kotlin.Any, vararg bootstrapMethodArguments: kotlin.Any): T of kotlin.jvm.internal.<jvm-indy> declared in kotlin.jvm.internal' type=@[ExtensionFunctionType] kotlin.Function1<androidx.navigation.NavOptionsBuilder, kotlin.Unit> origin=null
                                                    <T>: @[ExtensionFunctionType] kotlin.Function1<androidx.navigation.NavOptionsBuilder, kotlin.Unit>
                                                    dynamicCall: CALL 'public final fun invoke (): @[ExtensionFunctionType] kotlin.Function1<androidx.navigation.NavOptionsBuilder, kotlin.Unit> declared in kotlin.jvm.internal.invokeDynamic' type=@[ExtensionFunctionType] kotlin.Function1<androidx.navigation.NavOptionsBuilder, kotlin.Unit> origin=null
                                                    bootstrapMethodHandle: CALL 'public final fun <jvm-method-handle> (tag: kotlin.Int, owner: kotlin.String, name: kotlin.String, descriptor: kotlin.String, isInterface: kotlin.Boolean): kotlin.Any declared in kotlin.jvm.internal' type=kotlin.Any origin=null
                                                      tag: CONST Int type=kotlin.Int value=6
                                                      owner: CONST String type=kotlin.String value="java/lang/invoke/LambdaMetafactory"
                                                      name: CONST String type=kotlin.String value="metafactory"
                                                      descriptor: CONST String type=kotlin.String value="(Ljava/lang/invoke/MethodHandles$Lookup;Ljava/lang/String;Ljava/lang/invoke/MethodType;Ljava/lang/invoke/MethodType;Ljava/lang/invoke/MethodHandle;Ljava/lang/invoke/MethodType;)Ljava/lang/invoke/CallSite;"
                                                      isInterface: CONST Boolean type=kotlin.Boolean value=false
                                                    bootstrapMethodArguments: VARARG type=kotlin.Array<kotlin.Any> varargElementType=kotlin.Any
                                                      CALL 'public final fun <jvm-original-method-type> (method: kotlin.Any): kotlin.Any declared in kotlin.jvm.internal' type=kotlin.Any origin=null
                                                        method: RAW_FUNCTION_REFERENCE 'public abstract fun invoke (p1: P1 of kotlin.Function1): R of kotlin.Function1 [operator] declared in kotlin.Function1' type=kotlin.Any
                                                      RAW_FUNCTION_REFERENCE 'private final fun invoke$lambda$3$lambda$2$lambda$1 ($this$navigate: androidx.navigation.NavOptionsBuilder): kotlin.Unit? declared in com.nuzio.newsapp.ui.MainActivity.onCreate.<no name provided>.invoke.<no name provided>.invoke$lambda$14$lambda$13.<no name provided>' type=kotlin.Any
                                                      CALL 'public final fun <jvm-original-method-type> (method: kotlin.Any): kotlin.Any declared in kotlin.jvm.internal' type=kotlin.Any origin=null
                                                        method: RAW_FUNCTION_REFERENCE 'public abstract fun invoke (p1: androidx.navigation.NavOptionsBuilder): kotlin.Unit? [fake_override,operator] declared in kotlin.jvm.internal.invokeDynamic.<fake>' type=kotlin.Any
                                          FUN INLINE_LAMBDA name:invoke$lambda$3 visibility:private modality:FINAL <> (this$0:com.nuzio.newsapp.ui.MainActivity, $navController:androidx.navigation.NavHostController, $newsAuthViewModel:com.nuzio.newsapp.ui.viewmodel.AuthViewModel) returnType:kotlin.Function0<kotlin.Unit>
                                            VALUE_PARAMETER BOUND_VALUE_PARAMETER name:this$0 index:0 type:com.nuzio.newsapp.ui.MainActivity
                                            VALUE_PARAMETER BOUND_VALUE_PARAMETER name:$navController index:1 type:androidx.navigation.NavHostController
                                            VALUE_PARAMETER BOUND_VALUE_PARAMETER name:$newsAuthViewModel index:2 type:com.nuzio.newsapp.ui.viewmodel.AuthViewModel
                                            BLOCK_BODY
                                              VAR name:$i$a$-cache-MainActivity$onCreate$1$1$5$1$2$1 type:kotlin.Int [val]
                                                CONST Int type=kotlin.Int value=0
                                              RETURN type=kotlin.Nothing from='private final fun invoke$lambda$3 (this$0: com.nuzio.newsapp.ui.MainActivity, $navController: androidx.navigation.NavHostController, $newsAuthViewModel: com.nuzio.newsapp.ui.viewmodel.AuthViewModel): kotlin.Function0<kotlin.Unit> declared in com.nuzio.newsapp.ui.MainActivity.onCreate.<no name provided>.invoke.<no name provided>.invoke$lambda$14$lambda$13.<no name provided>'
                                                BLOCK type=kotlin.Function0<kotlin.Unit> origin=LAMBDA
                                                  COMPOSITE type=kotlin.Unit origin=null
                                                  CALL 'public final fun <jvm-indy> <T> (dynamicCall: T of kotlin.jvm.internal.<jvm-indy>, bootstrapMethodHandle: kotlin.Any, vararg bootstrapMethodArguments: kotlin.Any): T of kotlin.jvm.internal.<jvm-indy> declared in kotlin.jvm.internal' type=kotlin.Function0<kotlin.Unit> origin=null
                                                    <T>: kotlin.Function0<kotlin.Unit>
                                                    dynamicCall: CALL 'public final fun invoke (p0: com.nuzio.newsapp.ui.MainActivity, p1: androidx.navigation.NavHostController, p2: com.nuzio.newsapp.ui.viewmodel.AuthViewModel): kotlin.Function0<kotlin.Unit> declared in kotlin.jvm.internal.invokeDynamic' type=kotlin.Function0<kotlin.Unit> origin=null
                                                      p0: GET_VAR 'this$0: com.nuzio.newsapp.ui.MainActivity declared in com.nuzio.newsapp.ui.MainActivity.onCreate.<no name provided>.invoke.<no name provided>.invoke$lambda$14$lambda$13.<no name provided>.invoke$lambda$3' type=com.nuzio.newsapp.ui.MainActivity origin=null
                                                      p1: GET_VAR '$navController: androidx.navigation.NavHostController declared in com.nuzio.newsapp.ui.MainActivity.onCreate.<no name provided>.invoke.<no name provided>.invoke$lambda$14$lambda$13.<no name provided>.invoke$lambda$3' type=androidx.navigation.NavHostController origin=null
                                                      p2: GET_VAR '$newsAuthViewModel: com.nuzio.newsapp.ui.viewmodel.AuthViewModel declared in com.nuzio.newsapp.ui.MainActivity.onCreate.<no name provided>.invoke.<no name provided>.invoke$lambda$14$lambda$13.<no name provided>.invoke$lambda$3' type=com.nuzio.newsapp.ui.viewmodel.AuthViewModel origin=null
                                                    bootstrapMethodHandle: CALL 'public final fun <jvm-method-handle> (tag: kotlin.Int, owner: kotlin.String, name: kotlin.String, descriptor: kotlin.String, isInterface: kotlin.Boolean): kotlin.Any declared in kotlin.jvm.internal' type=kotlin.Any origin=null
                                                      tag: CONST Int type=kotlin.Int value=6
                                                      owner: CONST String type=kotlin.String value="java/lang/invoke/LambdaMetafactory"
                                                      name: CONST String type=kotlin.String value="metafactory"
                                                      descriptor: CONST String type=kotlin.String value="(Ljava/lang/invoke/MethodHandles$Lookup;Ljava/lang/String;Ljava/lang/invoke/MethodType;Ljava/lang/invoke/MethodType;Ljava/lang/invoke/MethodHandle;Ljava/lang/invoke/MethodType;)Ljava/lang/invoke/CallSite;"
                                                      isInterface: CONST Boolean type=kotlin.Boolean value=false
                                                    bootstrapMethodArguments: VARARG type=kotlin.Array<kotlin.Any> varargElementType=kotlin.Any
                                                      CALL 'public final fun <jvm-original-method-type> (method: kotlin.Any): kotlin.Any declared in kotlin.jvm.internal' type=kotlin.Any origin=null
                                                        method: RAW_FUNCTION_REFERENCE 'public abstract fun invoke (): R of kotlin.Function0 [operator] declared in kotlin.Function0' type=kotlin.Any
                                                      RAW_FUNCTION_REFERENCE 'private final fun invoke$lambda$3$lambda$2 (this$0: com.nuzio.newsapp.ui.MainActivity, $navController: androidx.navigation.NavHostController, $newsAuthViewModel: com.nuzio.newsapp.ui.viewmodel.AuthViewModel): kotlin.Unit? declared in com.nuzio.newsapp.ui.MainActivity.onCreate.<no name provided>.invoke.<no name provided>.invoke$lambda$14$lambda$13.<no name provided>' type=kotlin.Any
                                                      CALL 'public final fun <jvm-original-method-type> (method: kotlin.Any): kotlin.Any declared in kotlin.jvm.internal' type=kotlin.Any origin=null
                                                        method: RAW_FUNCTION_REFERENCE 'public abstract fun invoke (): kotlin.Unit? [fake_override,operator] declared in kotlin.jvm.internal.invokeDynamic.<fake>' type=kotlin.Any
                                          FUN BRIDGE name:invoke visibility:public modality:OPEN <> ($this:com.nuzio.newsapp.ui.MainActivity.onCreate.<no name provided>.invoke.<no name provided>.invoke$lambda$14$lambda$13.<no name provided>, p1:kotlin.Any?, p2:kotlin.Any?, p3:kotlin.Any?, p4:kotlin.Any?) returnType:kotlin.Any?
                                            $this: VALUE_PARAMETER INSTANCE_RECEIVER name:<this> type:com.nuzio.newsapp.ui.MainActivity.onCreate.<no name provided>.invoke.<no name provided>.invoke$lambda$14$lambda$13.<no name provided>
                                            VALUE_PARAMETER BRIDGE name:p1 index:0 type:kotlin.Any?
                                            VALUE_PARAMETER BRIDGE name:p2 index:1 type:kotlin.Any?
                                            VALUE_PARAMETER BRIDGE name:p3 index:2 type:kotlin.Any?
                                            VALUE_PARAMETER BRIDGE name:p4 index:3 type:kotlin.Any?
                                            EXPRESSION_BODY
                                              RETURN type=kotlin.Nothing from='public open fun invoke (p1: kotlin.Any?, p2: kotlin.Any?, p3: kotlin.Any?, p4: kotlin.Any?): kotlin.Any? declared in com.nuzio.newsapp.ui.MainActivity.onCreate.<no name provided>.invoke.<no name provided>.invoke$lambda$14$lambda$13.<no name provided>'
                                                CALL 'public final fun invoke ($this$composable: androidx.compose.animation.AnimatedVisibilityScope, it: androidx.navigation.NavBackStackEntry, $composer: androidx.compose.runtime.Composer?, $changed: kotlin.Int): kotlin.Unit declared in com.nuzio.newsapp.ui.MainActivity.onCreate.<no name provided>.invoke.<no name provided>.invoke$lambda$14$lambda$13.<no name provided>' type=kotlin.Unit origin=BRIDGE_DELEGATION
                                                  $this: GET_VAR '<this>: com.nuzio.newsapp.ui.MainActivity.onCreate.<no name provided>.invoke.<no name provided>.invoke$lambda$14$lambda$13.<no name provided> declared in com.nuzio.newsapp.ui.MainActivity.onCreate.<no name provided>.invoke.<no name provided>.invoke$lambda$14$lambda$13.<no name provided>.invoke' type=com.nuzio.newsapp.ui.MainActivity.onCreate.<no name provided>.invoke.<no name provided>.invoke$lambda$14$lambda$13.<no name provided> origin=null
                                                  $this$composable: TYPE_OP type=androidx.compose.animation.AnimatedVisibilityScope origin=IMPLICIT_CAST typeOperand=androidx.compose.animation.AnimatedVisibilityScope
                                                    GET_VAR 'p1: kotlin.Any? declared in com.nuzio.newsapp.ui.MainActivity.onCreate.<no name provided>.invoke.<no name provided>.invoke$lambda$14$lambda$13.<no name provided>.invoke' type=kotlin.Any? origin=null
                                                  it: TYPE_OP type=androidx.navigation.NavBackStackEntry origin=IMPLICIT_CAST typeOperand=androidx.navigation.NavBackStackEntry
                                                    GET_VAR 'p2: kotlin.Any? declared in com.nuzio.newsapp.ui.MainActivity.onCreate.<no name provided>.invoke.<no name provided>.invoke$lambda$14$lambda$13.<no name provided>.invoke' type=kotlin.Any? origin=null
                                                  $composer: TYPE_OP type=androidx.compose.runtime.Composer origin=IMPLICIT_CAST typeOperand=androidx.compose.runtime.Composer
                                                    GET_VAR 'p3: kotlin.Any? declared in com.nuzio.newsapp.ui.MainActivity.onCreate.<no name provided>.invoke.<no name provided>.invoke$lambda$14$lambda$13.<no name provided>.invoke' type=kotlin.Any? origin=null
                                                  $changed: TYPE_OP type=kotlin.Int origin=IMPLICIT_CAST typeOperand=kotlin.Int
                                                    GET_VAR 'p4: kotlin.Any? declared in com.nuzio.newsapp.ui.MainActivity.onCreate.<no name provided>.invoke.<no name provided>.invoke$lambda$14$lambda$13.<no name provided>.invoke' type=kotlin.Any? origin=null
                                        CONSTRUCTOR_CALL 'public/*package*/ constructor <init> (this$0: com.nuzio.newsapp.ui.MainActivity, $navController: androidx.navigation.NavHostController) [primary] declared in com.nuzio.newsapp.ui.MainActivity.onCreate.<no name provided>.invoke.<no name provided>.invoke$lambda$14$lambda$13.<no name provided>' type=com.nuzio.newsapp.ui.MainActivity.onCreate.<no name provided>.invoke.<no name provided>.invoke$lambda$14$lambda$13.<no name provided> origin=null
                                          this$0: GET_VAR 'this$0: com.nuzio.newsapp.ui.MainActivity declared in com.nuzio.newsapp.ui.MainActivity.onCreate.<no name provided>.invoke.<no name provided>.invoke$lambda$14$lambda$13' type=com.nuzio.newsapp.ui.MainActivity origin=null
                                          $navController: GET_VAR '$navController: androidx.navigation.NavHostController declared in com.nuzio.newsapp.ui.MainActivity.onCreate.<no name provided>.invoke.<no name provided>.invoke$lambda$14$lambda$13' type=androidx.navigation.NavHostController origin=null
                                    $mask0: CONST Int type=kotlin.Int value=126
                                    $handler: CONST Null type=kotlin.Any? value=null
                              FUN INLINE_LAMBDA name:invoke$lambda$14 visibility:private modality:FINAL <> (this$0:com.nuzio.newsapp.ui.MainActivity, $navController:androidx.navigation.NavHostController) returnType:@[ExtensionFunctionType] kotlin.Function1<androidx.navigation.NavGraphBuilder, kotlin.Unit>
                                VALUE_PARAMETER BOUND_VALUE_PARAMETER name:this$0 index:0 type:com.nuzio.newsapp.ui.MainActivity
                                VALUE_PARAMETER BOUND_VALUE_PARAMETER name:$navController index:1 type:androidx.navigation.NavHostController
                                BLOCK_BODY
                                  VAR name:$i$a$-cache-MainActivity$onCreate$1$1$5 type:kotlin.Int [val]
                                    CONST Int type=kotlin.Int value=0
                                  RETURN type=kotlin.Nothing from='private final fun invoke$lambda$14 (this$0: com.nuzio.newsapp.ui.MainActivity, $navController: androidx.navigation.NavHostController): @[ExtensionFunctionType] kotlin.Function1<androidx.navigation.NavGraphBuilder, kotlin.Unit> declared in com.nuzio.newsapp.ui.MainActivity.onCreate.<no name provided>.invoke.<no name provided>'
                                    BLOCK type=@[ExtensionFunctionType] kotlin.Function1<androidx.navigation.NavGraphBuilder, kotlin.Unit> origin=LAMBDA
                                      COMPOSITE type=kotlin.Unit origin=null
                                      CALL 'public final fun <jvm-indy> <T> (dynamicCall: T of kotlin.jvm.internal.<jvm-indy>, bootstrapMethodHandle: kotlin.Any, vararg bootstrapMethodArguments: kotlin.Any): T of kotlin.jvm.internal.<jvm-indy> declared in kotlin.jvm.internal' type=@[ExtensionFunctionType] kotlin.Function1<androidx.navigation.NavGraphBuilder, kotlin.Unit> origin=null
                                        <T>: @[ExtensionFunctionType] kotlin.Function1<androidx.navigation.NavGraphBuilder, kotlin.Unit>
                                        dynamicCall: CALL 'public final fun invoke (p0: com.nuzio.newsapp.ui.MainActivity, p1: androidx.navigation.NavHostController): @[ExtensionFunctionType] kotlin.Function1<androidx.navigation.NavGraphBuilder, kotlin.Unit> declared in kotlin.jvm.internal.invokeDynamic' type=@[ExtensionFunctionType] kotlin.Function1<androidx.navigation.NavGraphBuilder, kotlin.Unit> origin=null
                                          p0: GET_VAR 'this$0: com.nuzio.newsapp.ui.MainActivity declared in com.nuzio.newsapp.ui.MainActivity.onCreate.<no name provided>.invoke.<no name provided>.invoke$lambda$14' type=com.nuzio.newsapp.ui.MainActivity origin=null
                                          p1: GET_VAR '$navController: androidx.navigation.NavHostController declared in com.nuzio.newsapp.ui.MainActivity.onCreate.<no name provided>.invoke.<no name provided>.invoke$lambda$14' type=androidx.navigation.NavHostController origin=null
                                        bootstrapMethodHandle: CALL 'public final fun <jvm-method-handle> (tag: kotlin.Int, owner: kotlin.String, name: kotlin.String, descriptor: kotlin.String, isInterface: kotlin.Boolean): kotlin.Any declared in kotlin.jvm.internal' type=kotlin.Any origin=null
                                          tag: CONST Int type=kotlin.Int value=6
                                          owner: CONST String type=kotlin.String value="java/lang/invoke/LambdaMetafactory"
                                          name: CONST String type=kotlin.String value="metafactory"
                                          descriptor: CONST String type=kotlin.String value="(Ljava/lang/invoke/MethodHandles$Lookup;Ljava/lang/String;Ljava/lang/invoke/MethodType;Ljava/lang/invoke/MethodType;Ljava/lang/invoke/MethodHandle;Ljava/lang/invoke/MethodType;)Ljava/lang/invoke/CallSite;"
                                          isInterface: CONST Boolean type=kotlin.Boolean value=false
                                        bootstrapMethodArguments: VARARG type=kotlin.Array<kotlin.Any> varargElementType=kotlin.Any
                                          CALL 'public final fun <jvm-original-method-type> (method: kotlin.Any): kotlin.Any declared in kotlin.jvm.internal' type=kotlin.Any origin=null
                                            method: RAW_FUNCTION_REFERENCE 'public abstract fun invoke (p1: P1 of kotlin.Function1): R of kotlin.Function1 [operator] declared in kotlin.Function1' type=kotlin.Any
                                          RAW_FUNCTION_REFERENCE 'private final fun invoke$lambda$14$lambda$13 (this$0: com.nuzio.newsapp.ui.MainActivity, $navController: androidx.navigation.NavHostController, $this$AnimatedNavHost: androidx.navigation.NavGraphBuilder): kotlin.Unit? declared in com.nuzio.newsapp.ui.MainActivity.onCreate.<no name provided>.invoke.<no name provided>' type=kotlin.Any
                                          CALL 'public final fun <jvm-original-method-type> (method: kotlin.Any): kotlin.Any declared in kotlin.jvm.internal' type=kotlin.Any origin=null
                                            method: RAW_FUNCTION_REFERENCE 'public abstract fun invoke (p1: androidx.navigation.NavGraphBuilder): kotlin.Unit? [fake_override,operator] declared in kotlin.jvm.internal.invokeDynamic.<fake>' type=kotlin.Any
                              FUN BRIDGE name:invoke visibility:public modality:OPEN <> ($this:com.nuzio.newsapp.ui.MainActivity.onCreate.<no name provided>.invoke.<no name provided>, p1:kotlin.Any?, p2:kotlin.Any?) returnType:kotlin.Any?
                                $this: VALUE_PARAMETER INSTANCE_RECEIVER name:<this> type:com.nuzio.newsapp.ui.MainActivity.onCreate.<no name provided>.invoke.<no name provided>
                                VALUE_PARAMETER BRIDGE name:p1 index:0 type:kotlin.Any?
                                VALUE_PARAMETER BRIDGE name:p2 index:1 type:kotlin.Any?
                                EXPRESSION_BODY
                                  RETURN type=kotlin.Nothing from='public open fun invoke (p1: kotlin.Any?, p2: kotlin.Any?): kotlin.Any? declared in com.nuzio.newsapp.ui.MainActivity.onCreate.<no name provided>.invoke.<no name provided>'
                                    CALL 'public final fun invoke ($composer: androidx.compose.runtime.Composer?, $changed: kotlin.Int): kotlin.Unit declared in com.nuzio.newsapp.ui.MainActivity.onCreate.<no name provided>.invoke.<no name provided>' type=kotlin.Unit origin=BRIDGE_DELEGATION
                                      $this: GET_VAR '<this>: com.nuzio.newsapp.ui.MainActivity.onCreate.<no name provided>.invoke.<no name provided> declared in com.nuzio.newsapp.ui.MainActivity.onCreate.<no name provided>.invoke.<no name provided>.invoke' type=com.nuzio.newsapp.ui.MainActivity.onCreate.<no name provided>.invoke.<no name provided> origin=null
                                      $composer: TYPE_OP type=androidx.compose.runtime.Composer origin=IMPLICIT_CAST typeOperand=androidx.compose.runtime.Composer
                                        GET_VAR 'p1: kotlin.Any? declared in com.nuzio.newsapp.ui.MainActivity.onCreate.<no name provided>.invoke.<no name provided>.invoke' type=kotlin.Any? origin=null
                                      $changed: TYPE_OP type=kotlin.Int origin=IMPLICIT_CAST typeOperand=kotlin.Int
                                        GET_VAR 'p2: kotlin.Any? declared in com.nuzio.newsapp.ui.MainActivity.onCreate.<no name provided>.invoke.<no name provided>.invoke' type=kotlin.Any? origin=null
                            CONSTRUCTOR_CALL 'public/*package*/ constructor <init> (this$0: com.nuzio.newsapp.ui.MainActivity) [primary] declared in com.nuzio.newsapp.ui.MainActivity.onCreate.<no name provided>.invoke.<no name provided>' type=com.nuzio.newsapp.ui.MainActivity.onCreate.<no name provided>.invoke.<no name provided> origin=null
                              this$0: GET_FIELD 'FIELD FIELD_FOR_CAPTURED_VALUE name:this$0 type:com.nuzio.newsapp.ui.MainActivity visibility:public/*package*/ [final] declared in com.nuzio.newsapp.ui.MainActivity.onCreate.<no name provided>' type=com.nuzio.newsapp.ui.MainActivity origin=null
                                receiver: GET_VAR '<this>: com.nuzio.newsapp.ui.MainActivity.onCreate.<no name provided> declared in com.nuzio.newsapp.ui.MainActivity.onCreate.<no name provided>.invoke' type=com.nuzio.newsapp.ui.MainActivity.onCreate.<no name provided> origin=null
                          $composer: GET_VAR '$composer: androidx.compose.runtime.Composer? [assignable] declared in com.nuzio.newsapp.ui.MainActivity.onCreate.<no name provided>.invoke' type=androidx.compose.runtime.Composer? origin=null
                          $changed: CONST Int type=kotlin.Int value=54
                        $composer: GET_VAR '$composer: androidx.compose.runtime.Composer? [assignable] declared in com.nuzio.newsapp.ui.MainActivity.onCreate.<no name provided>.invoke' type=androidx.compose.runtime.Composer? origin=null
                        $changed: CONST Int type=kotlin.Int value=384
                        $default: CONST Int type=kotlin.Int value=3
                      WHEN type=kotlin.Unit origin=IF
                        BRANCH
                          if: CALL 'public final fun isTraceInProgress (): kotlin.Boolean declared in androidx.compose.runtime.ComposerKt' type=kotlin.Boolean origin=null
                          then: CALL 'public final fun traceEventEnd (): kotlin.Unit declared in androidx.compose.runtime.ComposerKt' type=kotlin.Unit origin=null
                  BRANCH
                    if: CONST Boolean type=kotlin.Boolean value=true
                    then: CALL 'public abstract fun skipToGroupEnd (): kotlin.Unit declared in androidx.compose.runtime.Composer' type=kotlin.Unit origin=null
                      $this: GET_VAR '$composer: androidx.compose.runtime.Composer? [assignable] declared in com.nuzio.newsapp.ui.MainActivity.onCreate.<no name provided>.invoke' type=androidx.compose.runtime.Composer? origin=null
            FIELD FIELD_FOR_CAPTURED_VALUE name:this$0 type:com.nuzio.newsapp.ui.MainActivity visibility:public/*package*/ [final]
            FUN BRIDGE name:invoke visibility:public modality:OPEN <> ($this:com.nuzio.newsapp.ui.MainActivity.onCreate.<no name provided>, p1:kotlin.Any?, p2:kotlin.Any?) returnType:kotlin.Any?
              $this: VALUE_PARAMETER INSTANCE_RECEIVER name:<this> type:com.nuzio.newsapp.ui.MainActivity.onCreate.<no name provided>
              VALUE_PARAMETER BRIDGE name:p1 index:0 type:kotlin.Any?
              VALUE_PARAMETER BRIDGE name:p2 index:1 type:kotlin.Any?
              EXPRESSION_BODY
                RETURN type=kotlin.Nothing from='public open fun invoke (p1: kotlin.Any?, p2: kotlin.Any?): kotlin.Any? declared in com.nuzio.newsapp.ui.MainActivity.onCreate.<no name provided>'
                  CALL 'public final fun invoke ($composer: androidx.compose.runtime.Composer?, $changed: kotlin.Int): kotlin.Unit declared in com.nuzio.newsapp.ui.MainActivity.onCreate.<no name provided>' type=kotlin.Unit origin=BRIDGE_DELEGATION
                    $this: GET_VAR '<this>: com.nuzio.newsapp.ui.MainActivity.onCreate.<no name provided> declared in com.nuzio.newsapp.ui.MainActivity.onCreate.<no name provided>.invoke' type=com.nuzio.newsapp.ui.MainActivity.onCreate.<no name provided> origin=null
                    $composer: TYPE_OP type=androidx.compose.runtime.Composer origin=IMPLICIT_CAST typeOperand=androidx.compose.runtime.Composer
                      GET_VAR 'p1: kotlin.Any? declared in com.nuzio.newsapp.ui.MainActivity.onCreate.<no name provided>.invoke' type=kotlin.Any? origin=null
                    $changed: TYPE_OP type=kotlin.Int origin=IMPLICIT_CAST typeOperand=kotlin.Int
                      GET_VAR 'p2: kotlin.Any? declared in com.nuzio.newsapp.ui.MainActivity.onCreate.<no name provided>.invoke' type=kotlin.Any? origin=null
          CONSTRUCTOR_CALL 'public/*package*/ constructor <init> (this$0: com.nuzio.newsapp.ui.MainActivity) [primary] declared in com.nuzio.newsapp.ui.MainActivity.onCreate.<no name provided>' type=com.nuzio.newsapp.ui.MainActivity.onCreate.<no name provided> origin=null
            this$0: GET_VAR '<this>: com.nuzio.newsapp.ui.MainActivity declared in com.nuzio.newsapp.ui.MainActivity.onCreate' type=com.nuzio.newsapp.ui.MainActivity origin=null
      $mask0: CONST Int type=kotlin.Int value=1
      $handler: CONST Null type=kotlin.Any? value=null

	at org.jetbrains.kotlin.backend.jvm.codegen.FunctionCodegen.generate(FunctionCodegen.kt:47)
	at org.jetbrains.kotlin.backend.jvm.codegen.FunctionCodegen.generate$default(FunctionCodegen.kt:40)
	at org.jetbrains.kotlin.backend.jvm.codegen.ClassCodegen.generateMethodNode(ClassCodegen.kt:406)
	at org.jetbrains.kotlin.backend.jvm.codegen.ClassCodegen.generateMethod(ClassCodegen.kt:423)
	at org.jetbrains.kotlin.backend.jvm.codegen.ClassCodegen.generate(ClassCodegen.kt:168)
	at org.jetbrains.kotlin.backend.jvm.FileCodegen.lower(JvmPhases.kt:39)
	at org.jetbrains.kotlin.backend.common.phaser.PhaseFactoriesKt.createFilePhase$lambda$4(PhaseFactories.kt:71)
	at org.jetbrains.kotlin.backend.common.phaser.PhaseBuildersKt$createSimpleNamedCompilerPhase$1.phaseBody(PhaseBuilders.kt:69)
	at org.jetbrains.kotlin.backend.common.phaser.SimpleNamedCompilerPhase.phaseBody(CompilerPhase.kt:226)
	at org.jetbrains.kotlin.backend.common.phaser.AbstractNamedCompilerPhase.invoke(CompilerPhase.kt:113)
	at org.jetbrains.kotlin.backend.common.phaser.PerformByIrFilePhase.invokeSequential(performByIrFile.kt:62)
	... 44 more
Caused by: java.lang.RuntimeException: Exception while generating code for:
FUN name:invoke visibility:public modality:FINAL <> ($this:com.nuzio.newsapp.ui.MainActivity.onCreate.<no name provided>, $composer:androidx.compose.runtime.Composer?, $changed:kotlin.Int) returnType:kotlin.Unit
  annotations:
    Composable
    ComposableTarget(applier = "androidx.compose.ui.UiComposable")
  overridden:
    public abstract fun invoke (p1: P1 of kotlin.Function2, p2: P2 of kotlin.Function2): R of kotlin.Function2 [operator] declared in kotlin.Function2
  $this: VALUE_PARAMETER INSTANCE_RECEIVER name:<this> type:com.nuzio.newsapp.ui.MainActivity.onCreate.<no name provided>
  VALUE_PARAMETER name:$composer index:0 type:androidx.compose.runtime.Composer? [assignable]
  VALUE_PARAMETER name:$changed index:1 type:kotlin.Int
  BLOCK_BODY
    CALL 'public final fun sourceInformation (composer: androidx.compose.runtime.Composer, sourceInformation: kotlin.String): kotlin.Unit declared in androidx.compose.runtime.ComposerKt' type=kotlin.Unit origin=null
      composer: GET_VAR '$composer: androidx.compose.runtime.Composer? [assignable] declared in com.nuzio.newsapp.ui.MainActivity.onCreate.<no name provided>.invoke' type=androidx.compose.runtime.Composer? origin=null
      sourceInformation: CONST String type=kotlin.String value="C48@1708L3512,48@1697L3523:MainActivity.kt#mzidje"
    WHEN type=kotlin.Unit origin=IF
      BRANCH
        if: CALL 'public final fun OROR (arg0: kotlin.Boolean, arg1: kotlin.Boolean): kotlin.Boolean declared in kotlin.internal.ir' type=kotlin.Boolean origin=null
          arg0: CALL 'public final fun not (): kotlin.Boolean [operator] declared in kotlin.Boolean' type=kotlin.Boolean origin=null
            $this: CALL 'public final fun EQEQ (arg0: kotlin.Any?, arg1: kotlin.Any?): kotlin.Boolean declared in kotlin.internal.ir' type=kotlin.Boolean origin=null
              arg0: CALL 'public final fun and (other: kotlin.Int): kotlin.Int [infix] declared in kotlin.Int' type=kotlin.Int origin=null
                $this: GET_VAR '$changed: kotlin.Int declared in com.nuzio.newsapp.ui.MainActivity.onCreate.<no name provided>.invoke' type=kotlin.Int origin=null
                other: CONST Int type=kotlin.Int value=3
              arg1: CONST Int type=kotlin.Int value=2
          arg1: CALL 'public final fun not (): kotlin.Boolean [operator] declared in kotlin.Boolean' type=kotlin.Boolean origin=null
            $this: CALL 'public abstract fun <get-skipping> (): kotlin.Boolean declared in androidx.compose.runtime.Composer' type=kotlin.Boolean origin=null
              $this: GET_VAR '$composer: androidx.compose.runtime.Composer? [assignable] declared in com.nuzio.newsapp.ui.MainActivity.onCreate.<no name provided>.invoke' type=androidx.compose.runtime.Composer? origin=null
        then: BLOCK type=kotlin.Unit origin=null
          WHEN type=kotlin.Unit origin=IF
            BRANCH
              if: CALL 'public final fun isTraceInProgress (): kotlin.Boolean declared in androidx.compose.runtime.ComposerKt' type=kotlin.Boolean origin=null
              then: CALL 'public final fun traceEventStart (key: kotlin.Int, dirty1: kotlin.Int, dirty2: kotlin.Int, info: kotlin.String): kotlin.Unit declared in androidx.compose.runtime.ComposerKt' type=kotlin.Unit origin=null
                key: CONST Int type=kotlin.Int value=1180930604
                dirty1: GET_VAR '$changed: kotlin.Int declared in com.nuzio.newsapp.ui.MainActivity.onCreate.<no name provided>.invoke' type=kotlin.Int origin=null
                dirty2: CONST Int type=kotlin.Int value=-1
                info: CONST String type=kotlin.String value="com.nuzio.newsapp.ui.MainActivity.onCreate.<anonymous> (MainActivity.kt:48)"
          CALL 'public final fun NuzioTheme (darkTheme: kotlin.Boolean, dynamicColor: kotlin.Boolean, content: kotlin.Function2<androidx.compose.runtime.Composer, kotlin.Int, kotlin.Unit>, $composer: androidx.compose.runtime.Composer?, $changed: kotlin.Int, $default: kotlin.Int): kotlin.Unit declared in com.nuzio.newsapp.ui.theme.ThemeKt' type=kotlin.Unit origin=null
            darkTheme: COMPOSITE type=kotlin.Boolean origin=DEFAULT_VALUE
              CONST Boolean type=kotlin.Boolean value=false
            dynamicColor: COMPOSITE type=kotlin.Boolean origin=DEFAULT_VALUE
              CONST Boolean type=kotlin.Boolean value=false
            content: CALL 'public final fun rememberComposableLambda (key: kotlin.Int, tracked: kotlin.Boolean, block: kotlin.Any, $composer: androidx.compose.runtime.Composer?, $changed: kotlin.Int): androidx.compose.runtime.internal.ComposableLambda declared in androidx.compose.runtime.internal.ComposableLambdaKt' type=androidx.compose.runtime.internal.ComposableLambda origin=null
              key: CONST Int type=kotlin.Int value=-1314670389
              tracked: CONST Boolean type=kotlin.Boolean value=true
              block: BLOCK type=com.nuzio.newsapp.ui.MainActivity.onCreate.<no name provided>.invoke.<no name provided> origin=null
                CLASS LAMBDA_IMPL CLASS name:<no name provided> modality:FINAL visibility:public/*package*/ superTypes:[kotlin.Any; kotlin.Function2<androidx.compose.runtime.Composer, kotlin.Int, kotlin.Unit>]
                  $this: VALUE_PARAMETER INSTANCE_RECEIVER name:<this> type:com.nuzio.newsapp.ui.MainActivity.onCreate.<no name provided>.invoke.<no name provided>
                  CONSTRUCTOR GENERATED_MEMBER_IN_CALLABLE_REFERENCE visibility:public/*package*/ <> (this$0:com.nuzio.newsapp.ui.MainActivity) returnType:com.nuzio.newsapp.ui.MainActivity.onCreate.<no name provided>.invoke.<no name provided> [primary]
                    VALUE_PARAMETER BOUND_RECEIVER_PARAMETER name:this$0 index:0 type:com.nuzio.newsapp.ui.MainActivity
                    BLOCK_BODY
                      SET_FIELD 'FIELD FIELD_FOR_CAPTURED_VALUE name:this$0 type:com.nuzio.newsapp.ui.MainActivity visibility:public/*package*/ [final] declared in com.nuzio.newsapp.ui.MainActivity.onCreate.<no name provided>.invoke.<no name provided>' type=kotlin.Unit origin=INITIALIZER_OF_FIELD_FOR_CAPTURED_VALUE
                        receiver: GET_VAR '<this>: com.nuzio.newsapp.ui.MainActivity.onCreate.<no name provided>.invoke.<no name provided> declared in com.nuzio.newsapp.ui.MainActivity.onCreate.<no name provided>.invoke.<no name provided>' type=com.nuzio.newsapp.ui.MainActivity.onCreate.<no name provided>.invoke.<no name provided> origin=null
                        value: GET_VAR 'this$0: com.nuzio.newsapp.ui.MainActivity declared in com.nuzio.newsapp.ui.MainActivity.onCreate.<no name provided>.invoke.<no name provided>.<init>' type=com.nuzio.newsapp.ui.MainActivity origin=null
                      DELEGATING_CONSTRUCTOR_CALL 'public constructor <init> () [primary] declared in kotlin.Any'
                      BLOCK type=kotlin.Unit origin=null
                  FUN name:invoke visibility:public modality:FINAL <> ($this:com.nuzio.newsapp.ui.MainActivity.onCreate.<no name provided>.invoke.<no name provided>, $composer:androidx.compose.runtime.Composer?, $changed:kotlin.Int) returnType:kotlin.Unit
                    annotations:
                      Composable
                      ComposableTarget(applier = "androidx.compose.ui.UiComposable")
                    overridden:
                      public abstract fun invoke (p1: P1 of kotlin.Function2, p2: P2 of kotlin.Function2): R of kotlin.Function2 [operator] declared in kotlin.Function2
                    $this: VALUE_PARAMETER INSTANCE_RECEIVER name:<this> type:com.nuzio.newsapp.ui.MainActivity.onCreate.<no name provided>.invoke.<no name provided>
                    VALUE_PARAMETER name:$composer index:0 type:androidx.compose.runtime.Composer? [assignable]
                    VALUE_PARAMETER name:$changed index:1 type:kotlin.Int
                    BLOCK_BODY
                      CALL 'public final fun sourceInformation (composer: androidx.compose.runtime.Composer, sourceInformation: kotlin.String): kotlin.Unit declared in androidx.compose.runtime.ComposerKt' type=kotlin.Unit origin=null
                        composer: GET_VAR '$composer: androidx.compose.runtime.Composer? [assignable] declared in com.nuzio.newsapp.ui.MainActivity.onCreate.<no name provided>.invoke.<no name provided>.invoke' type=androidx.compose.runtime.Composer? origin=null
                        sourceInformation: CONST String type=kotlin.String value="C49@1746L31,52@1919L15,53@1994L16,60@2308L241,66@2588L243,72@2874L242,78@3158L242,84@3419L1787,55@2028L3178:MainActivity.kt#mzidje"
                      WHEN type=kotlin.Unit origin=IF
                        BRANCH
                          if: CALL 'public final fun OROR (arg0: kotlin.Boolean, arg1: kotlin.Boolean): kotlin.Boolean declared in kotlin.internal.ir' type=kotlin.Boolean origin=null
                            arg0: CALL 'public final fun not (): kotlin.Boolean [operator] declared in kotlin.Boolean' type=kotlin.Boolean origin=null
                              $this: CALL 'public final fun EQEQ (arg0: kotlin.Any?, arg1: kotlin.Any?): kotlin.Boolean declared in kotlin.internal.ir' type=kotlin.Boolean origin=null
                                arg0: CALL 'public final fun and (other: kotlin.Int): kotlin.Int [infix] declared in kotlin.Int' type=kotlin.Int origin=null
                                  $this: GET_VAR '$changed: kotlin.Int declared in com.nuzio.newsapp.ui.MainActivity.onCreate.<no name provided>.invoke.<no name provided>.invoke' type=kotlin.Int origin=null
                                  other: CONST Int type=kotlin.Int value=3
                                arg1: CONST Int type=kotlin.Int value=2
                            arg1: CALL 'public final fun not (): kotlin.Boolean [operator] declared in kotlin.Boolean' type=kotlin.Boolean origin=null
                              $this: CALL 'public abstract fun <get-skipping> (): kotlin.Boolean declared in androidx.compose.runtime.Composer' type=kotlin.Boolean origin=null
                                $this: GET_VAR '$composer: androidx.compose.runtime.Composer? [assignable] declared in com.nuzio.newsapp.ui.MainActivity.onCreate.<no name provided>.invoke.<no name provided>.invoke' type=androidx.compose.runtime.Composer? origin=null
                          then: BLOCK type=kotlin.Unit origin=null
                            WHEN type=kotlin.Unit origin=IF
                              BRANCH
                                if: CALL 'public final fun isTraceInProgress (): kotlin.Boolean declared in androidx.compose.runtime.ComposerKt' type=kotlin.Boolean origin=null
                                then: CALL 'public final fun traceEventStart (key: kotlin.Int, dirty1: kotlin.Int, dirty2: kotlin.Int, info: kotlin.String): kotlin.Unit declared in androidx.compose.runtime.ComposerKt' type=kotlin.Unit origin=null
                                  key: CONST Int type=kotlin.Int value=-1314670389
                                  dirty1: GET_VAR '$changed: kotlin.Int declared in com.nuzio.newsapp.ui.MainActivity.onCreate.<no name provided>.invoke.<no name provided>.invoke' type=kotlin.Int origin=null
                                  dirty2: CONST Int type=kotlin.Int value=-1
                                  info: CONST String type=kotlin.String value="com.nuzio.newsapp.ui.MainActivity.onCreate.<anonymous>.<anonymous> (MainActivity.kt:49)"
                            VAR name:navController type:androidx.navigation.NavHostController [val]
                              CALL 'public final fun rememberAnimatedNavController (vararg navigators: androidx.navigation.Navigator<out androidx.navigation.NavDestination>, $composer: androidx.compose.runtime.Composer?, $changed: kotlin.Int): androidx.navigation.NavHostController declared in com.google.accompanist.navigation.animation.NavHostControllerKt' type=androidx.navigation.NavHostController origin=null
                                navigators: CALL 'public final fun arrayOfNulls <T> (size: kotlin.Int): kotlin.Array<T of kotlin.arrayOfNulls?> declared in kotlin' type=kotlin.Array<out androidx.navigation.Navigator<out androidx.navigation.NavDestination>> origin=null
                                  <T>: androidx.navigation.Navigator<out androidx.navigation.NavDestination>
                                  size: CONST Int type=kotlin.Int value=0
                                $composer: GET_VAR '$composer: androidx.compose.runtime.Composer? [assignable] declared in com.nuzio.newsapp.ui.MainActivity.onCreate.<no name provided>.invoke.<no name provided>.invoke' type=androidx.compose.runtime.Composer? origin=null
                                $changed: CONST Int type=kotlin.Int value=0
                            VAR name:authViewModel type:com.nuzio.newsapp.ui.viewmodel.AuthViewModel [val]
                              CALL 'public final fun hiltViewModel <VM> (viewModelStoreOwner: androidx.lifecycle.ViewModelStoreOwner?, key: kotlin.String?, $composer: androidx.compose.runtime.Composer?, $changed: kotlin.Int, $default: kotlin.Int): VM of androidx.hilt.navigation.compose.HiltViewModelKt.hiltViewModel [inline] declared in androidx.hilt.navigation.compose.HiltViewModelKt' type=com.nuzio.newsapp.ui.viewmodel.AuthViewModel origin=null
                                <VM>: com.nuzio.newsapp.ui.viewmodel.AuthViewModel
                                viewModelStoreOwner: COMPOSITE type=kotlin.Nothing? origin=DEFAULT_VALUE
                                  CONST Null type=kotlin.Nothing? value=null
                                key: COMPOSITE type=kotlin.Nothing? origin=DEFAULT_VALUE
                                  CONST Null type=kotlin.Nothing? value=null
                                $composer: GET_VAR '$composer: androidx.compose.runtime.Composer? [assignable] declared in com.nuzio.newsapp.ui.MainActivity.onCreate.<no name provided>.invoke.<no name provided>.invoke' type=androidx.compose.runtime.Composer? origin=null
                                $changed: CONST Int type=kotlin.Int value=0
                                $default: CONST Int type=kotlin.Int value=3
                            VAR PROPERTY_DELEGATE name:isSignedIn$delegate type:androidx.compose.runtime.State<kotlin.Boolean> [val]
                              CALL 'public final fun collectAsState <T> (context: kotlin.coroutines.CoroutineContext?, $composer: androidx.compose.runtime.Composer?, $changed: kotlin.Int, $default: kotlin.Int): androidx.compose.runtime.State<T of androidx.compose.runtime.SnapshotStateKt.collectAsState> declared in androidx.compose.runtime.SnapshotStateKt' type=androidx.compose.runtime.State<kotlin.Boolean> origin=null
                                <T>: kotlin.Boolean
                                $receiver: CALL 'public final fun <get-isSignedIn> (): kotlinx.coroutines.flow.StateFlow<kotlin.Boolean> declared in com.nuzio.newsapp.ui.viewmodel.AuthViewModel' type=kotlinx.coroutines.flow.StateFlow<kotlin.Boolean> origin=GET_PROPERTY
                                  $this: GET_VAR 'val authViewModel: com.nuzio.newsapp.ui.viewmodel.AuthViewModel [val] declared in com.nuzio.newsapp.ui.MainActivity.onCreate.<no name provided>.invoke.<no name provided>.invoke' type=com.nuzio.newsapp.ui.viewmodel.AuthViewModel origin=null
                                context: COMPOSITE type=kotlin.Nothing? origin=DEFAULT_VALUE
                                  CONST Null type=kotlin.Nothing? value=null
                                $composer: GET_VAR '$composer: androidx.compose.runtime.Composer? [assignable] declared in com.nuzio.newsapp.ui.MainActivity.onCreate.<no name provided>.invoke.<no name provided>.invoke' type=androidx.compose.runtime.Composer? origin=null
                                $changed: CONST Int type=kotlin.Int value=0
                                $default: CONST Int type=kotlin.Int value=1
                            CALL 'public final fun AnimatedNavHost (navController: androidx.navigation.NavHostController, startDestination: kotlin.String, modifier: androidx.compose.ui.Modifier?, contentAlignment: androidx.compose.ui.Alignment?, route: kotlin.String?, enterTransition: @[ExtensionFunctionType] kotlin.Function1<IrErrorType(null), androidx.compose.animation.EnterTransition>?, exitTransition: @[ExtensionFunctionType] kotlin.Function1<IrErrorType(null), androidx.compose.animation.ExitTransition>?, popEnterTransition: @[ExtensionFunctionType] kotlin.Function1<IrErrorType(null), androidx.compose.animation.EnterTransition>?, popExitTransition: @[ExtensionFunctionType] kotlin.Function1<IrErrorType(null), androidx.compose.animation.ExitTransition>?, builder: @[ExtensionFunctionType] kotlin.Function1<androidx.navigation.NavGraphBuilder, kotlin.Unit>, $composer: androidx.compose.runtime.Composer?, $changed: kotlin.Int, $default: kotlin.Int): kotlin.Unit declared in com.google.accompanist.navigation.animation.AnimatedNavHostKt' type=kotlin.Unit origin=null
                              navController: GET_VAR 'val navController: androidx.navigation.NavHostController [val] declared in com.nuzio.newsapp.ui.MainActivity.onCreate.<no name provided>.invoke.<no name provided>.invoke' type=androidx.navigation.NavHostController origin=null
                              startDestination: WHEN type=kotlin.String origin=IF
                                BRANCH
                                  if: CALL 'private final fun invoke$lambda$0 ($isSignedIn$delegate: androidx.compose.runtime.State<kotlin.Boolean>): kotlin.Boolean declared in com.nuzio.newsapp.ui.MainActivity.onCreate.<no name provided>.invoke.<no name provided>' type=kotlin.Boolean origin=GET_LOCAL_PROPERTY
                                    $isSignedIn$delegate: GET_VAR 'val isSignedIn$delegate: androidx.compose.runtime.State<kotlin.Boolean> [val] declared in com.nuzio.newsapp.ui.MainActivity.onCreate.<no name provided>.invoke.<no name provided>.invoke' type=androidx.compose.runtime.State<kotlin.Boolean> origin=null
                                  then: CALL 'public final fun <get-route> (): kotlin.String [fake_override] declared in com.nuzio.newsapp.ui.Screen.NewsList' type=kotlin.String origin=GET_PROPERTY
                                    $this: GET_FIELD 'FIELD FIELD_FOR_OBJECT_INSTANCE name:INSTANCE type:com.nuzio.newsapp.ui.Screen.NewsList visibility:public [final,static] declared in com.nuzio.newsapp.ui.Screen.NewsList' type=com.nuzio.newsapp.ui.Screen.NewsList origin=null
                                BRANCH
                                  if: CONST Boolean type=kotlin.Boolean value=true
                                  then: CALL 'public final fun <get-route> (): kotlin.String [fake_override] declared in com.nuzio.newsapp.ui.Screen.Login' type=kotlin.String origin=GET_PROPERTY
                                    $this: GET_FIELD 'FIELD FIELD_FOR_OBJECT_INSTANCE name:INSTANCE type:com.nuzio.newsapp.ui.Screen.Login visibility:public [final,static] declared in com.nuzio.newsapp.ui.Screen.Login' type=com.nuzio.newsapp.ui.Screen.Login origin=null
                              modifier: COMPOSITE type=kotlin.Nothing? origin=DEFAULT_VALUE
                                CONST Null type=kotlin.Nothing? value=null
                              contentAlignment: COMPOSITE type=kotlin.Nothing? origin=DEFAULT_VALUE
                                CONST Null type=kotlin.Nothing? value=null
                              route: COMPOSITE type=kotlin.Nothing? origin=DEFAULT_VALUE
                                CONST Null type=kotlin.Nothing? value=null
                              enterTransition: BLOCK type=@[ExtensionFunctionType] kotlin.Function1<IrErrorType(null), androidx.compose.animation.EnterTransition> origin=null
                                BLOCK type=kotlin.Unit origin=null
                                  CALL 'public abstract fun startReplaceGroup (key: kotlin.Int): kotlin.Unit declared in androidx.compose.runtime.Composer' type=kotlin.Unit origin=null
                                    $this: GET_VAR '$composer: androidx.compose.runtime.Composer? [assignable] declared in com.nuzio.newsapp.ui.MainActivity.onCreate.<no name provided>.invoke.<no name provided>.invoke' type=androidx.compose.runtime.Composer? origin=null
                                    key: CONST Int type=kotlin.Int value=-888617832
                                  CALL 'public final fun sourceInformation (composer: androidx.compose.runtime.Composer, sourceInformation: kotlin.String): kotlin.Unit declared in androidx.compose.runtime.ComposerKt' type=kotlin.Unit origin=null
                                    composer: GET_VAR '$composer: androidx.compose.runtime.Composer? [assignable] declared in com.nuzio.newsapp.ui.MainActivity.onCreate.<no name provided>.invoke.<no name provided>.invoke' type=androidx.compose.runtime.Composer? origin=null
                                    sourceInformation: CONST String type=kotlin.String value="CC(remember):MainActivity.kt#9igjgp"
                                VAR IR_TEMPORARY_VARIABLE name:tmp0_group type:@[ExtensionFunctionType] kotlin.Function1<IrErrorType(null), androidx.compose.animation.EnterTransition> [val]
                                  CALL 'public final fun cache <T> (invalid: kotlin.Boolean, block: @[DisallowComposableCalls] kotlin.Function0<T of androidx.compose.runtime.ComposerKt.cache>): T of androidx.compose.runtime.ComposerKt.cache [inline] declared in androidx.compose.runtime.ComposerKt' type=@[ExtensionFunctionType] kotlin.Function1<IrErrorType(null), androidx.compose.animation.EnterTransition> origin=null
                                    <T>: @[ExtensionFunctionType] kotlin.Function1<IrErrorType(null), androidx.compose.animation.EnterTransition>
                                    $receiver: GET_VAR '$composer: androidx.compose.runtime.Composer? [assignable] declared in com.nuzio.newsapp.ui.MainActivity.onCreate.<no name provided>.invoke.<no name provided>.invoke' type=androidx.compose.runtime.Composer? origin=null
                                    invalid: CONST Boolean type=kotlin.Boolean value=false
                                    block: BLOCK type=kotlin.Function0<@[ExtensionFunctionType] kotlin.Function1<IrErrorType(null), androidx.compose.animation.EnterTransition>> origin=LAMBDA
                                      COMPOSITE type=kotlin.Unit origin=null
                                      FUNCTION_REFERENCE 'private final fun invoke$lambda$3 (): @[ExtensionFunctionType] kotlin.Function1<IrErrorType(null), androidx.compose.animation.EnterTransition> declared in com.nuzio.newsapp.ui.MainActivity.onCreate.<no name provided>.invoke.<no name provided>' type=kotlin.Function0<@[ExtensionFunctionType] kotlin.Function1<IrErrorType(null), androidx.compose.animation.EnterTransition>> origin=INLINE_LAMBDA reflectionTarget=null
                                CALL 'public abstract fun endReplaceGroup (): kotlin.Unit declared in androidx.compose.runtime.Composer' type=kotlin.Unit origin=null
                                  $this: GET_VAR '$composer: androidx.compose.runtime.Composer? [assignable] declared in com.nuzio.newsapp.ui.MainActivity.onCreate.<no name provided>.invoke.<no name provided>.invoke' type=androidx.compose.runtime.Composer? origin=null
                                GET_VAR 'val tmp0_group: @[ExtensionFunctionType] kotlin.Function1<IrErrorType(null), androidx.compose.animation.EnterTransition> [val] declared in com.nuzio.newsapp.ui.MainActivity.onCreate.<no name provided>.invoke.<no name provided>.invoke' type=@[ExtensionFunctionType] kotlin.Function1<IrErrorType(null), androidx.compose.animation.EnterTransition> origin=null
                              exitTransition: BLOCK type=@[ExtensionFunctionType] kotlin.Function1<IrErrorType(null), androidx.compose.animation.ExitTransition> origin=null
                                BLOCK type=kotlin.Unit origin=null
                                  CALL 'public abstract fun startReplaceGroup (key: kotlin.Int): kotlin.Unit declared in androidx.compose.runtime.Composer' type=kotlin.Unit origin=null
                                    $this: GET_VAR '$composer: androidx.compose.runtime.Composer? [assignable] declared in com.nuzio.newsapp.ui.MainActivity.onCreate.<no name provided>.invoke.<no name provided>.invoke' type=androidx.compose.runtime.Composer? origin=null
                                    key: CONST Int type=kotlin.Int value=-888608870
                                  CALL 'public final fun sourceInformation (composer: androidx.compose.runtime.Composer, sourceInformation: kotlin.String): kotlin.Unit declared in androidx.compose.runtime.ComposerKt' type=kotlin.Unit origin=null
                                    composer: GET_VAR '$composer: androidx.compose.runtime.Composer? [assignable] declared in com.nuzio.newsapp.ui.MainActivity.onCreate.<no name provided>.invoke.<no name provided>.invoke' type=androidx.compose.runtime.Composer? origin=null
                                    sourceInformation: CONST String type=kotlin.String value="CC(remember):MainActivity.kt#9igjgp"
                                VAR IR_TEMPORARY_VARIABLE name:tmp1_group type:@[ExtensionFunctionType] kotlin.Function1<IrErrorType(null), androidx.compose.animation.ExitTransition> [val]
                                  CALL 'public final fun cache <T> (invalid: kotlin.Boolean, block: @[DisallowComposableCalls] kotlin.Function0<T of androidx.compose.runtime.ComposerKt.cache>): T of androidx.compose.runtime.ComposerKt.cache [inline] declared in androidx.compose.runtime.ComposerKt' type=@[ExtensionFunctionType] kotlin.Function1<IrErrorType(null), androidx.compose.animation.ExitTransition> origin=null
                                    <T>: @[ExtensionFunctionType] kotlin.Function1<IrErrorType(null), androidx.compose.animation.ExitTransition>
                                    $receiver: GET_VAR '$composer: androidx.compose.runtime.Composer? [assignable] declared in com.nuzio.newsapp.ui.MainActivity.onCreate.<no name provided>.invoke.<no name provided>.invoke' type=androidx.compose.runtime.Composer? origin=null
                                    invalid: CONST Boolean type=kotlin.Boolean value=false
                                    block: BLOCK type=kotlin.Function0<@[ExtensionFunctionType] kotlin.Function1<IrErrorType(null), androidx.compose.animation.ExitTransition>> origin=LAMBDA
                                      COMPOSITE type=kotlin.Unit origin=null
                                      FUNCTION_REFERENCE 'private final fun invoke$lambda$6 (): @[ExtensionFunctionType] kotlin.Function1<IrErrorType(null), androidx.compose.animation.ExitTransition> declared in com.nuzio.newsapp.ui.MainActivity.onCreate.<no name provided>.invoke.<no name provided>' type=kotlin.Function0<@[ExtensionFunctionType] kotlin.Function1<IrErrorType(null), androidx.compose.animation.ExitTransition>> origin=INLINE_LAMBDA reflectionTarget=null
                                CALL 'public abstract fun endReplaceGroup (): kotlin.Unit declared in androidx.compose.runtime.Composer' type=kotlin.Unit origin=null
                                  $this: GET_VAR '$composer: androidx.compose.runtime.Composer? [assignable] declared in com.nuzio.newsapp.ui.MainActivity.onCreate.<no name provided>.invoke.<no name provided>.invoke' type=androidx.compose.runtime.Composer? origin=null
                                GET_VAR 'val tmp1_group: @[ExtensionFunctionType] kotlin.Function1<IrErrorType(null), androidx.compose.animation.ExitTransition> [val] declared in com.nuzio.newsapp.ui.MainActivity.onCreate.<no name provided>.invoke.<no name provided>.invoke' type=@[ExtensionFunctionType] kotlin.Function1<IrErrorType(null), androidx.compose.animation.ExitTransition> origin=null
                              popEnterTransition: BLOCK type=@[ExtensionFunctionType] kotlin.Function1<IrErrorType(null), androidx.compose.animation.EnterTransition> origin=null
                                BLOCK type=kotlin.Unit origin=null
                                  CALL 'public abstract fun startReplaceGroup (key: kotlin.Int): kotlin.Unit declared in androidx.compose.runtime.Composer' type=kotlin.Unit origin=null
                                    $this: GET_VAR '$composer: androidx.compose.runtime.Composer? [assignable] declared in com.nuzio.newsapp.ui.MainActivity.onCreate.<no name provided>.invoke.<no name provided>.invoke' type=androidx.compose.runtime.Composer? origin=null
                                    key: CONST Int type=kotlin.Int value=-888599719
                                  CALL 'public final fun sourceInformation (composer: androidx.compose.runtime.Composer, sourceInformation: kotlin.String): kotlin.Unit declared in androidx.compose.runtime.ComposerKt' type=kotlin.Unit origin=null
                                    composer: GET_VAR '$composer: androidx.compose.runtime.Composer? [assignable] declared in com.nuzio.newsapp.ui.MainActivity.onCreate.<no name provided>.invoke.<no name provided>.invoke' type=androidx.compose.runtime.Composer? origin=null
                                    sourceInformation: CONST String type=kotlin.String value="CC(remember):MainActivity.kt#9igjgp"
                                VAR IR_TEMPORARY_VARIABLE name:tmp2_group type:@[ExtensionFunctionType] kotlin.Function1<IrErrorType(null), androidx.compose.animation.EnterTransition> [val]
                                  CALL 'public final fun cache <T> (invalid: kotlin.Boolean, block: @[DisallowComposableCalls] kotlin.Function0<T of androidx.compose.runtime.ComposerKt.cache>): T of androidx.compose.runtime.ComposerKt.cache [inline] declared in androidx.compose.runtime.ComposerKt' type=@[ExtensionFunctionType] kotlin.Function1<IrErrorType(null), androidx.compose.animation.EnterTransition> origin=null
                                    <T>: @[ExtensionFunctionType] kotlin.Function1<IrErrorType(null), androidx.compose.animation.EnterTransition>
                                    $receiver: GET_VAR '$composer: androidx.compose.runtime.Composer? [assignable] declared in com.nuzio.newsapp.ui.MainActivity.onCreate.<no name provided>.invoke.<no name provided>.invoke' type=androidx.compose.runtime.Composer? origin=null
                                    invalid: CONST Boolean type=kotlin.Boolean value=false
                                    block: BLOCK type=kotlin.Function0<@[ExtensionFunctionType] kotlin.Function1<IrErrorType(null), androidx.compose.animation.EnterTransition>> origin=LAMBDA
                                      COMPOSITE type=kotlin.Unit origin=null
                                      FUNCTION_REFERENCE 'private final fun invoke$lambda$9 (): @[ExtensionFunctionType] kotlin.Function1<IrErrorType(null), androidx.compose.animation.EnterTransition> declared in com.nuzio.newsapp.ui.MainActivity.onCreate.<no name provided>.invoke.<no name provided>' type=kotlin.Function0<@[ExtensionFunctionType] kotlin.Function1<IrErrorType(null), androidx.compose.animation.EnterTransition>> origin=INLINE_LAMBDA reflectionTarget=null
                                CALL 'public abstract fun endReplaceGroup (): kotlin.Unit declared in androidx.compose.runtime.Composer' type=kotlin.Unit origin=null
                                  $this: GET_VAR '$composer: androidx.compose.runtime.Composer? [assignable] declared in com.nuzio.newsapp.ui.MainActivity.onCreate.<no name provided>.invoke.<no name provided>.invoke' type=androidx.compose.runtime.Composer? origin=null
                                GET_VAR 'val tmp2_group: @[ExtensionFunctionType] kotlin.Function1<IrErrorType(null), androidx.compose.animation.EnterTransition> [val] declared in com.nuzio.newsapp.ui.MainActivity.onCreate.<no name provided>.invoke.<no name provided>.invoke' type=@[ExtensionFunctionType] kotlin.Function1<IrErrorType(null), androidx.compose.animation.EnterTransition> origin=null
                              popExitTransition: BLOCK type=@[ExtensionFunctionType] kotlin.Function1<IrErrorType(null), androidx.compose.animation.ExitTransition> origin=null
                                BLOCK type=kotlin.Unit origin=null
                                  CALL 'public abstract fun startReplaceGroup (key: kotlin.Int): kotlin.Unit declared in androidx.compose.runtime.Composer' type=kotlin.Unit origin=null
                                    $this: GET_VAR '$composer: androidx.compose.runtime.Composer? [assignable] declared in com.nuzio.newsapp.ui.MainActivity.onCreate.<no name provided>.invoke.<no name provided>.invoke' type=androidx.compose.runtime.Composer? origin=null
                                    key: CONST Int type=kotlin.Int value=-888590631
                                  CALL 'public final fun sourceInformation (composer: androidx.compose.runtime.Composer, sourceInformation: kotlin.String): kotlin.Unit declared in androidx.compose.runtime.ComposerKt' type=kotlin.Unit origin=null
                                    composer: GET_VAR '$composer: androidx.compose.runtime.Composer? [assignable] declared in com.nuzio.newsapp.ui.MainActivity.onCreate.<no name provided>.invoke.<no name provided>.invoke' type=androidx.compose.runtime.Composer? origin=null
                                    sourceInformation: CONST String type=kotlin.String value="CC(remember):MainActivity.kt#9igjgp"
                                VAR IR_TEMPORARY_VARIABLE name:tmp3_group type:@[ExtensionFunctionType] kotlin.Function1<IrErrorType(null), androidx.compose.animation.ExitTransition> [val]
                                  CALL 'public final fun cache <T> (invalid: kotlin.Boolean, block: @[DisallowComposableCalls] kotlin.Function0<T of androidx.compose.runtime.ComposerKt.cache>): T of androidx.compose.runtime.ComposerKt.cache [inline] declared in androidx.compose.runtime.ComposerKt' type=@[ExtensionFunctionType] kotlin.Function1<IrErrorType(null), androidx.compose.animation.ExitTransition> origin=null
                                    <T>: @[ExtensionFunctionType] kotlin.Function1<IrErrorType(null), androidx.compose.animation.ExitTransition>
                                    $receiver: GET_VAR '$composer: androidx.compose.runtime.Composer? [assignable] declared in com.nuzio.newsapp.ui.MainActivity.onCreate.<no name provided>.invoke.<no name provided>.invoke' type=androidx.compose.runtime.Composer? origin=null
                                    invalid: CONST Boolean type=kotlin.Boolean value=false
                                    block: BLOCK type=kotlin.Function0<@[ExtensionFunctionType] kotlin.Function1<IrErrorType(null), androidx.compose.animation.ExitTransition>> origin=LAMBDA
                                      COMPOSITE type=kotlin.Unit origin=null
                                      FUNCTION_REFERENCE 'private final fun invoke$lambda$12 (): @[ExtensionFunctionType] kotlin.Function1<IrErrorType(null), androidx.compose.animation.ExitTransition> declared in com.nuzio.newsapp.ui.MainActivity.onCreate.<no name provided>.invoke.<no name provided>' type=kotlin.Function0<@[ExtensionFunctionType] kotlin.Function1<IrErrorType(null), androidx.compose.animation.ExitTransition>> origin=INLINE_LAMBDA reflectionTarget=null
                                CALL 'public abstract fun endReplaceGroup (): kotlin.Unit declared in androidx.compose.runtime.Composer' type=kotlin.Unit origin=null
                                  $this: GET_VAR '$composer: androidx.compose.runtime.Composer? [assignable] declared in com.nuzio.newsapp.ui.MainActivity.onCreate.<no name provided>.invoke.<no name provided>.invoke' type=androidx.compose.runtime.Composer? origin=null
                                GET_VAR 'val tmp3_group: @[ExtensionFunctionType] kotlin.Function1<IrErrorType(null), androidx.compose.animation.ExitTransition> [val] declared in com.nuzio.newsapp.ui.MainActivity.onCreate.<no name provided>.invoke.<no name provided>.invoke' type=@[ExtensionFunctionType] kotlin.Function1<IrErrorType(null), androidx.compose.animation.ExitTransition> origin=null
                              builder: BLOCK type=@[ExtensionFunctionType] kotlin.Function1<androidx.navigation.NavGraphBuilder, kotlin.Unit> origin=null
                                BLOCK type=kotlin.Unit origin=null
                                  CALL 'public abstract fun startReplaceGroup (key: kotlin.Int): kotlin.Unit declared in androidx.compose.runtime.Composer' type=kotlin.Unit origin=null
                                    $this: GET_VAR '$composer: androidx.compose.runtime.Composer? [assignable] declared in com.nuzio.newsapp.ui.MainActivity.onCreate.<no name provided>.invoke.<no name provided>.invoke' type=androidx.compose.runtime.Composer? origin=null
                                    key: CONST Int type=kotlin.Int value=-888580734
                                  CALL 'public final fun sourceInformation (composer: androidx.compose.runtime.Composer, sourceInformation: kotlin.String): kotlin.Unit declared in androidx.compose.runtime.ComposerKt' type=kotlin.Unit origin=null
                                    composer: GET_VAR '$composer: androidx.compose.runtime.Composer? [assignable] declared in com.nuzio.newsapp.ui.MainActivity.onCreate.<no name provided>.invoke.<no name provided>.invoke' type=androidx.compose.runtime.Composer? origin=null
                                    sourceInformation: CONST String type=kotlin.String value="CC(remember):MainActivity.kt#9igjgp"
                                VAR IR_TEMPORARY_VARIABLE name:tmp4_group type:@[ExtensionFunctionType] kotlin.Function1<androidx.navigation.NavGraphBuilder, kotlin.Unit> [val]
                                  CALL 'public final fun cache <T> (invalid: kotlin.Boolean, block: @[DisallowComposableCalls] kotlin.Function0<T of androidx.compose.runtime.ComposerKt.cache>): T of androidx.compose.runtime.ComposerKt.cache [inline] declared in androidx.compose.runtime.ComposerKt' type=@[ExtensionFunctionType] kotlin.Function1<androidx.navigation.NavGraphBuilder, kotlin.Unit> origin=null
                                    <T>: @[ExtensionFunctionType] kotlin.Function1<androidx.navigation.NavGraphBuilder, kotlin.Unit>
                                    $receiver: GET_VAR '$composer: androidx.compose.runtime.Composer? [assignable] declared in com.nuzio.newsapp.ui.MainActivity.onCreate.<no name provided>.invoke.<no name provided>.invoke' type=androidx.compose.runtime.Composer? origin=null
                                    invalid: CALL 'public final fun or (other: kotlin.Boolean): kotlin.Boolean [infix] declared in kotlin.Boolean' type=kotlin.Boolean origin=null
                                      $this: CALL 'public open fun changedInstance (value: kotlin.Any?): kotlin.Boolean declared in androidx.compose.runtime.Composer' type=kotlin.Boolean origin=null
                                        $this: GET_VAR '$composer: androidx.compose.runtime.Composer? [assignable] declared in com.nuzio.newsapp.ui.MainActivity.onCreate.<no name provided>.invoke.<no name provided>.invoke' type=androidx.compose.runtime.Composer? origin=null
                                        value: GET_FIELD 'FIELD FIELD_FOR_CAPTURED_VALUE name:this$0 type:com.nuzio.newsapp.ui.MainActivity visibility:public/*package*/ [final] declared in com.nuzio.newsapp.ui.MainActivity.onCreate.<no name provided>.invoke.<no name provided>' type=com.nuzio.newsapp.ui.MainActivity origin=null
                                          receiver: GET_VAR '<this>: com.nuzio.newsapp.ui.MainActivity.onCreate.<no name provided>.invoke.<no name provided> declared in com.nuzio.newsapp.ui.MainActivity.onCreate.<no name provided>.invoke.<no name provided>.invoke' type=com.nuzio.newsapp.ui.MainActivity.onCreate.<no name provided>.invoke.<no name provided> origin=null
                                      other: CALL 'public open fun changedInstance (value: kotlin.Any?): kotlin.Boolean declared in androidx.compose.runtime.Composer' type=kotlin.Boolean origin=null
                                        $this: GET_VAR '$composer: androidx.compose.runtime.Composer? [assignable] declared in com.nuzio.newsapp.ui.MainActivity.onCreate.<no name provided>.invoke.<no name provided>.invoke' type=androidx.compose.runtime.Composer? origin=null
                                        value: GET_VAR 'val navController: androidx.navigation.NavHostController [val] declared in com.nuzio.newsapp.ui.MainActivity.onCreate.<no name provided>.invoke.<no name provided>.invoke' type=androidx.navigation.NavHostController origin=null
                                    block: BLOCK type=kotlin.Function0<@[ExtensionFunctionType] kotlin.Function1<androidx.navigation.NavGraphBuilder, kotlin.Unit>> origin=LAMBDA
                                      COMPOSITE type=kotlin.Unit origin=null
                                      FUNCTION_REFERENCE 'private final fun invoke$lambda$14 (this$0: com.nuzio.newsapp.ui.MainActivity, $navController: androidx.navigation.NavHostController): @[ExtensionFunctionType] kotlin.Function1<androidx.navigation.NavGraphBuilder, kotlin.Unit> declared in com.nuzio.newsapp.ui.MainActivity.onCreate.<no name provided>.invoke.<no name provided>' type=kotlin.Function0<@[ExtensionFunctionType] kotlin.Function1<androidx.navigation.NavGraphBuilder, kotlin.Unit>> origin=INLINE_LAMBDA reflectionTarget=null
                                        this$0: GET_FIELD 'FIELD FIELD_FOR_CAPTURED_VALUE name:this$0 type:com.nuzio.newsapp.ui.MainActivity visibility:public/*package*/ [final] declared in com.nuzio.newsapp.ui.MainActivity.onCreate.<no name provided>.invoke.<no name provided>' type=com.nuzio.newsapp.ui.MainActivity origin=null
                                          receiver: GET_VAR '<this>: com.nuzio.newsapp.ui.MainActivity.onCreate.<no name provided>.invoke.<no name provided> declared in com.nuzio.newsapp.ui.MainActivity.onCreate.<no name provided>.invoke.<no name provided>.invoke' type=com.nuzio.newsapp.ui.MainActivity.onCreate.<no name provided>.invoke.<no name provided> origin=null
                                        $navController: GET_VAR 'val navController: androidx.navigation.NavHostController [val] declared in com.nuzio.newsapp.ui.MainActivity.onCreate.<no name provided>.invoke.<no name provided>.invoke' type=androidx.navigation.NavHostController origin=null
                                CALL 'public abstract fun endReplaceGroup (): kotlin.Unit declared in androidx.compose.runtime.Composer' type=kotlin.Unit origin=null
                                  $this: GET_VAR '$composer: androidx.compose.runtime.Composer? [assignable] declared in com.nuzio.newsapp.ui.MainActivity.onCreate.<no name provided>.invoke.<no name provided>.invoke' type=androidx.compose.runtime.Composer? origin=null
                                GET_VAR 'val tmp4_group: @[ExtensionFunctionType] kotlin.Function1<androidx.navigation.NavGraphBuilder, kotlin.Unit> [val] declared in com.nuzio.newsapp.ui.MainActivity.onCreate.<no name provided>.invoke.<no name provided>.invoke' type=@[ExtensionFunctionType] kotlin.Function1<androidx.navigation.NavGraphBuilder, kotlin.Unit> origin=null
                              $composer: GET_VAR '$composer: androidx.compose.runtime.Composer? [assignable] declared in com.nuzio.newsapp.ui.MainActivity.onCreate.<no name provided>.invoke.<no name provided>.invoke' type=androidx.compose.runtime.Composer? origin=null
                              $changed: CONST Int type=kotlin.Int value=115015680
                              $default: CONST Int type=kotlin.Int value=28
                            WHEN type=kotlin.Unit origin=IF
                              BRANCH
                                if: CALL 'public final fun isTraceInProgress (): kotlin.Boolean declared in androidx.compose.runtime.ComposerKt' type=kotlin.Boolean origin=null
                                then: CALL 'public final fun traceEventEnd (): kotlin.Unit declared in androidx.compose.runtime.ComposerKt' type=kotlin.Unit origin=null
                        BRANCH
                          if: CONST Boolean type=kotlin.Boolean value=true
                          then: CALL 'public abstract fun skipToGroupEnd (): kotlin.Unit declared in androidx.compose.runtime.Composer' type=kotlin.Unit origin=null
                            $this: GET_VAR '$composer: androidx.compose.runtime.Composer? [assignable] declared in com.nuzio.newsapp.ui.MainActivity.onCreate.<no name provided>.invoke.<no name provided>.invoke' type=androidx.compose.runtime.Composer? origin=null
                  FIELD FIELD_FOR_CAPTURED_VALUE name:this$0 type:com.nuzio.newsapp.ui.MainActivity visibility:public/*package*/ [final]
                  FUN DELEGATED_PROPERTY_ACCESSOR name:invoke$lambda$0 visibility:private modality:FINAL <> ($isSignedIn$delegate:androidx.compose.runtime.State<kotlin.Boolean>) returnType:kotlin.Boolean
                    VALUE_PARAMETER BOUND_VALUE_PARAMETER name:$isSignedIn$delegate index:0 type:androidx.compose.runtime.State<kotlin.Boolean>
                    BLOCK_BODY
                      RETURN type=kotlin.Nothing from='private final fun invoke$lambda$0 ($isSignedIn$delegate: androidx.compose.runtime.State<kotlin.Boolean>): kotlin.Boolean declared in com.nuzio.newsapp.ui.MainActivity.onCreate.<no name provided>.invoke.<no name provided>'
                        CALL 'public final fun getValue <T> (thisObj: kotlin.Any?, property: kotlin.reflect.KProperty<*>): T of androidx.compose.runtime.SnapshotStateKt.getValue [inline,operator] declared in androidx.compose.runtime.SnapshotStateKt' type=kotlin.Boolean origin=null
                          <T>: kotlin.Boolean
                          $receiver: GET_VAR '$isSignedIn$delegate: androidx.compose.runtime.State<kotlin.Boolean> declared in com.nuzio.newsapp.ui.MainActivity.onCreate.<no name provided>.invoke.<no name provided>.invoke$lambda$0' type=androidx.compose.runtime.State<kotlin.Boolean> origin=null
                          thisObj: CONST Null type=kotlin.Nothing? value=null
                          property: CONST Null type=kotlin.reflect.KProperty0<kotlin.Boolean> value=null
                  FUN LOCAL_FUNCTION_FOR_LAMBDA name:invoke$lambda$3$lambda$2$lambda$1 visibility:private modality:FINAL <> (it:kotlin.Int) returnType:kotlin.Int
                    VALUE_PARAMETER name:it index:0 type:kotlin.Int
                    BLOCK_BODY
                      RETURN type=kotlin.Nothing from='private final fun invoke$lambda$3$lambda$2$lambda$1 (it: kotlin.Int): kotlin.Int declared in com.nuzio.newsapp.ui.MainActivity.onCreate.<no name provided>.invoke.<no name provided>'
                        CONST Int type=kotlin.Int value=1000
                  FUN LOCAL_FUNCTION_FOR_LAMBDA name:invoke$lambda$3$lambda$2 visibility:private modality:FINAL <> ($this$AnimatedNavHost:IrErrorType(null)) returnType:androidx.compose.animation.EnterTransition
                    VALUE_PARAMETER name:$this$AnimatedNavHost index:0 type:IrErrorType(null)
                    BLOCK_BODY
                      RETURN type=kotlin.Nothing from='private final fun invoke$lambda$3$lambda$2 ($this$AnimatedNavHost: IrErrorType(null)): androidx.compose.animation.EnterTransition declared in com.nuzio.newsapp.ui.MainActivity.onCreate.<no name provided>.invoke.<no name provided>'
                        CALL 'public final fun plus (enter: androidx.compose.animation.EnterTransition): androidx.compose.animation.EnterTransition [operator] declared in androidx.compose.animation.EnterTransition' type=androidx.compose.animation.EnterTransition origin=PLUS
                          $this: BLOCK type=androidx.compose.animation.EnterTransition origin=ARGUMENTS_REORDERING_FOR_CALL
                            VAR IR_TEMPORARY_VARIABLE name:tmp0_animationSpec type:androidx.compose.animation.core.TweenSpec<androidx.compose.ui.unit.IntOffset> [val]
                              TYPE_OP type=androidx.compose.animation.core.TweenSpec<androidx.compose.ui.unit.IntOffset> origin=IMPLICIT_CAST typeOperand=androidx.compose.animation.core.TweenSpec<androidx.compose.ui.unit.IntOffset>
                                CALL 'public final fun tween$default <T> (durationMillis: kotlin.Int, delayMillis: kotlin.Int, easing: androidx.compose.animation.core.Easing?, $mask0: kotlin.Int, $handler: kotlin.Any?): androidx.compose.animation.core.TweenSpec<T of androidx.compose.animation.core.AnimationSpecKt.tween$default> declared in androidx.compose.animation.core.AnimationSpecKt' type=androidx.compose.animation.core.TweenSpec<T of androidx.compose.animation.core.AnimationSpecKt.tween$default> origin=DEFAULT_DISPATCH_CALL
                                  <T>: androidx.compose.ui.unit.IntOffset
                                  durationMillis: CONST Int type=kotlin.Int value=300
                                  delayMillis: COMPOSITE type=kotlin.Int origin=DEFAULT_VALUE
                                    CONST Int type=kotlin.Int value=0
                                  easing: COMPOSITE type=androidx.compose.animation.core.Easing? origin=DEFAULT_VALUE
                                    CONST Null type=androidx.compose.animation.core.Easing? value=null
                                  $mask0: CONST Int type=kotlin.Int value=6
                                  $handler: CONST Null type=kotlin.Any? value=null
                            CALL 'public final fun slideInHorizontally (animationSpec: androidx.compose.animation.core.FiniteAnimationSpec<androidx.compose.ui.unit.IntOffset>, initialOffsetX: kotlin.Function1<@[ParameterName(name = "fullWidth")] kotlin.Int, kotlin.Int>): androidx.compose.animation.EnterTransition declared in androidx.compose.animation.EnterExitTransitionKt' type=androidx.compose.animation.EnterTransition origin=null
                              animationSpec: GET_VAR 'val tmp0_animationSpec: androidx.compose.animation.core.TweenSpec<androidx.compose.ui.unit.IntOffset> [val] declared in com.nuzio.newsapp.ui.MainActivity.onCreate.<no name provided>.invoke.<no name provided>.invoke$lambda$3$lambda$2' type=androidx.compose.animation.core.TweenSpec<androidx.compose.ui.unit.IntOffset> origin=null
                              initialOffsetX: BLOCK type=kotlin.Function1<kotlin.Int, kotlin.Int> origin=LAMBDA
                                COMPOSITE type=kotlin.Unit origin=null
                                CALL 'public final fun <jvm-indy> <T> (dynamicCall: T of kotlin.jvm.internal.<jvm-indy>, bootstrapMethodHandle: kotlin.Any, vararg bootstrapMethodArguments: kotlin.Any): T of kotlin.jvm.internal.<jvm-indy> declared in kotlin.jvm.internal' type=kotlin.Function1<kotlin.Int, kotlin.Int> origin=null
                                  <T>: kotlin.Function1<kotlin.Int, kotlin.Int>
                                  dynamicCall: CALL 'public final fun invoke (): kotlin.Function1<kotlin.Int, kotlin.Int> declared in kotlin.jvm.internal.invokeDynamic' type=kotlin.Function1<kotlin.Int, kotlin.Int> origin=null
                                  bootstrapMethodHandle: CALL 'public final fun <jvm-method-handle> (tag: kotlin.Int, owner: kotlin.String, name: kotlin.String, descriptor: kotlin.String, isInterface: kotlin.Boolean): kotlin.Any declared in kotlin.jvm.internal' type=kotlin.Any origin=null
                                    tag: CONST Int type=kotlin.Int value=6
                                    owner: CONST String type=kotlin.String value="java/lang/invoke/LambdaMetafactory"
                                    name: CONST String type=kotlin.String value="metafactory"
                                    descriptor: CONST String type=kotlin.String value="(Ljava/lang/invoke/MethodHandles$Lookup;Ljava/lang/String;Ljava/lang/invoke/MethodType;Ljava/lang/invoke/MethodType;Ljava/lang/invoke/MethodHandle;Ljava/lang/invoke/MethodType;)Ljava/lang/invoke/CallSite;"
                                    isInterface: CONST Boolean type=kotlin.Boolean value=false
                                  bootstrapMethodArguments: VARARG type=kotlin.Array<kotlin.Any> varargElementType=kotlin.Any
                                    CALL 'public final fun <jvm-original-method-type> (method: kotlin.Any): kotlin.Any declared in kotlin.jvm.internal' type=kotlin.Any origin=null
                                      method: RAW_FUNCTION_REFERENCE 'public abstract fun invoke (p1: P1 of kotlin.Function1): R of kotlin.Function1 [operator] declared in kotlin.Function1' type=kotlin.Any
                                    RAW_FUNCTION_REFERENCE 'private final fun invoke$lambda$3$lambda$2$lambda$1 (it: kotlin.Int): kotlin.Int declared in com.nuzio.newsapp.ui.MainActivity.onCreate.<no name provided>.invoke.<no name provided>' type=kotlin.Any
                                    CALL 'public final fun <jvm-original-method-type> (method: kotlin.Any): kotlin.Any declared in kotlin.jvm.internal' type=kotlin.Any origin=null
                                      method: RAW_FUNCTION_REFERENCE 'public abstract fun invoke (p1: kotlin.Int?): kotlin.Int? [fake_override,operator] declared in kotlin.jvm.internal.invokeDynamic.<fake>' type=kotlin.Any
                          enter: CALL 'public final fun fadeIn$default (animationSpec: androidx.compose.animation.core.FiniteAnimationSpec<kotlin.Float>?, initialAlpha: kotlin.Float, $mask0: kotlin.Int, $handler: kotlin.Any?): androidx.compose.animation.EnterTransition declared in androidx.compose.animation.EnterExitTransitionKt' type=androidx.compose.animation.EnterTransition origin=DEFAULT_DISPATCH_CALL
                            animationSpec: TYPE_OP type=androidx.compose.animation.core.TweenSpec<kotlin.Float> origin=IMPLICIT_CAST typeOperand=androidx.compose.animation.core.TweenSpec<kotlin.Float>
                              CALL 'public final fun tween$default <T> (durationMillis: kotlin.Int, delayMillis: kotlin.Int, easing: androidx.compose.animation.core.Easing?, $mask0: kotlin.Int, $handler: kotlin.Any?): androidx.compose.animation.core.TweenSpec<T of androidx.compose.animation.core.AnimationSpecKt.tween$default> declared in androidx.compose.animation.core.AnimationSpecKt' type=androidx.compose.animation.core.TweenSpec<T of androidx.compose.animation.core.AnimationSpecKt.tween$default> origin=DEFAULT_DISPATCH_CALL
                                <T>: kotlin.Float
                                durationMillis: CONST Int type=kotlin.Int value=300
                                delayMillis: COMPOSITE type=kotlin.Int origin=DEFAULT_VALUE
                                  CONST Int type=kotlin.Int value=0
                                easing: COMPOSITE type=androidx.compose.animation.core.Easing? origin=DEFAULT_VALUE
                                  CONST Null type=androidx.compose.animation.core.Easing? value=null
                                $mask0: CONST Int type=kotlin.Int value=6
                                $handler: CONST Null type=kotlin.Any? value=null
                            initialAlpha: COMPOSITE type=kotlin.Float origin=DEFAULT_VALUE
                              CONST Float type=kotlin.Float value=0.0
                            $mask0: CONST Int type=kotlin.Int value=2
                            $handler: CONST Null type=kotlin.Any? value=null
                  FUN INLINE_LAMBDA name:invoke$lambda$3 visibility:private modality:FINAL <> () returnType:@[ExtensionFunctionType] kotlin.Function1<IrErrorType(null), androidx.compose.animation.EnterTransition>
                    BLOCK_BODY
                      VAR name:$i$a$-cache-MainActivity$onCreate$1$1$1 type:kotlin.Int [val]
                        CONST Int type=kotlin.Int value=0
                      RETURN type=kotlin.Nothing from='private final fun invoke$lambda$3 (): @[ExtensionFunctionType] kotlin.Function1<IrErrorType(null), androidx.compose.animation.EnterTransition> declared in com.nuzio.newsapp.ui.MainActivity.onCreate.<no name provided>.invoke.<no name provided>'
                        BLOCK type=@[ExtensionFunctionType] kotlin.Function1<IrErrorType(null), androidx.compose.animation.EnterTransition> origin=LAMBDA
                          COMPOSITE type=kotlin.Unit origin=null
                          CALL 'public final fun <jvm-indy> <T> (dynamicCall: T of kotlin.jvm.internal.<jvm-indy>, bootstrapMethodHandle: kotlin.Any, vararg bootstrapMethodArguments: kotlin.Any): T of kotlin.jvm.internal.<jvm-indy> declared in kotlin.jvm.internal' type=@[ExtensionFunctionType] kotlin.Function1<IrErrorType(null), androidx.compose.animation.EnterTransition> origin=null
                            <T>: @[ExtensionFunctionType] kotlin.Function1<IrErrorType(null), androidx.compose.animation.EnterTransition>
                            dynamicCall: CALL 'public final fun invoke (): @[ExtensionFunctionType] kotlin.Function1<IrErrorType(null), androidx.compose.animation.EnterTransition> declared in kotlin.jvm.internal.invokeDynamic' type=@[ExtensionFunctionType] kotlin.Function1<IrErrorType(null), androidx.compose.animation.EnterTransition> origin=null
                            bootstrapMethodHandle: CALL 'public final fun <jvm-method-handle> (tag: kotlin.Int, owner: kotlin.String, name: kotlin.String, descriptor: kotlin.String, isInterface: kotlin.Boolean): kotlin.Any declared in kotlin.jvm.internal' type=kotlin.Any origin=null
                              tag: CONST Int type=kotlin.Int value=6
                              owner: CONST String type=kotlin.String value="java/lang/invoke/LambdaMetafactory"
                              name: CONST String type=kotlin.String value="metafactory"
                              descriptor: CONST String type=kotlin.String value="(Ljava/lang/invoke/MethodHandles$Lookup;Ljava/lang/String;Ljava/lang/invoke/MethodType;Ljava/lang/invoke/MethodType;Ljava/lang/invoke/MethodHandle;Ljava/lang/invoke/MethodType;)Ljava/lang/invoke/CallSite;"
                              isInterface: CONST Boolean type=kotlin.Boolean value=false
                            bootstrapMethodArguments: VARARG type=kotlin.Array<kotlin.Any> varargElementType=kotlin.Any
                              CALL 'public final fun <jvm-original-method-type> (method: kotlin.Any): kotlin.Any declared in kotlin.jvm.internal' type=kotlin.Any origin=null
                                method: RAW_FUNCTION_REFERENCE 'public abstract fun invoke (p1: P1 of kotlin.Function1): R of kotlin.Function1 [operator] declared in kotlin.Function1' type=kotlin.Any
                              RAW_FUNCTION_REFERENCE 'private final fun invoke$lambda$3$lambda$2 ($this$AnimatedNavHost: IrErrorType(null)): androidx.compose.animation.EnterTransition declared in com.nuzio.newsapp.ui.MainActivity.onCreate.<no name provided>.invoke.<no name provided>' type=kotlin.Any
                              CALL 'public final fun <jvm-original-method-type> (method: kotlin.Any): kotlin.Any declared in kotlin.jvm.internal' type=kotlin.Any origin=null
                                method: RAW_FUNCTION_REFERENCE 'public abstract fun invoke (p1: P1 of kotlin.Function1): androidx.compose.animation.EnterTransition [fake_override,operator] declared in kotlin.jvm.internal.invokeDynamic.<fake>' type=kotlin.Any
                  FUN LOCAL_FUNCTION_FOR_LAMBDA name:invoke$lambda$6$lambda$5$lambda$4 visibility:private modality:FINAL <> (it:kotlin.Int) returnType:kotlin.Int
                    VALUE_PARAMETER name:it index:0 type:kotlin.Int
                    BLOCK_BODY
                      RETURN type=kotlin.Nothing from='private final fun invoke$lambda$6$lambda$5$lambda$4 (it: kotlin.Int): kotlin.Int declared in com.nuzio.newsapp.ui.MainActivity.onCreate.<no name provided>.invoke.<no name provided>'
                        CONST Int type=kotlin.Int value=-1000
                  FUN LOCAL_FUNCTION_FOR_LAMBDA name:invoke$lambda$6$lambda$5 visibility:private modality:FINAL <> ($this$AnimatedNavHost:IrErrorType(null)) returnType:androidx.compose.animation.ExitTransition
                    VALUE_PARAMETER name:$this$AnimatedNavHost index:0 type:IrErrorType(null)
                    BLOCK_BODY
                      RETURN type=kotlin.Nothing from='private final fun invoke$lambda$6$lambda$5 ($this$AnimatedNavHost: IrErrorType(null)): androidx.compose.animation.ExitTransition declared in com.nuzio.newsapp.ui.MainActivity.onCreate.<no name provided>.invoke.<no name provided>'
                        CALL 'public final fun plus (exit: androidx.compose.animation.ExitTransition): androidx.compose.animation.ExitTransition [operator] declared in androidx.compose.animation.ExitTransition' type=androidx.compose.animation.ExitTransition origin=PLUS
                          $this: BLOCK type=androidx.compose.animation.ExitTransition origin=ARGUMENTS_REORDERING_FOR_CALL
                            VAR IR_TEMPORARY_VARIABLE name:tmp0_animationSpec type:androidx.compose.animation.core.TweenSpec<androidx.compose.ui.unit.IntOffset> [val]
                              TYPE_OP type=androidx.compose.animation.core.TweenSpec<androidx.compose.ui.unit.IntOffset> origin=IMPLICIT_CAST typeOperand=androidx.compose.animation.core.TweenSpec<androidx.compose.ui.unit.IntOffset>
                                CALL 'public final fun tween$default <T> (durationMillis: kotlin.Int, delayMillis: kotlin.Int, easing: androidx.compose.animation.core.Easing?, $mask0: kotlin.Int, $handler: kotlin.Any?): androidx.compose.animation.core.TweenSpec<T of androidx.compose.animation.core.AnimationSpecKt.tween$default> declared in androidx.compose.animation.core.AnimationSpecKt' type=androidx.compose.animation.core.TweenSpec<T of androidx.compose.animation.core.AnimationSpecKt.tween$default> origin=DEFAULT_DISPATCH_CALL
                                  <T>: androidx.compose.ui.unit.IntOffset
                                  durationMillis: CONST Int type=kotlin.Int value=300
                                  delayMillis: COMPOSITE type=kotlin.Int origin=DEFAULT_VALUE
                                    CONST Int type=kotlin.Int value=0
                                  easing: COMPOSITE type=androidx.compose.animation.core.Easing? origin=DEFAULT_VALUE
                                    CONST Null type=androidx.compose.animation.core.Easing? value=null
                                  $mask0: CONST Int type=kotlin.Int value=6
                                  $handler: CONST Null type=kotlin.Any? value=null
                            CALL 'public final fun slideOutHorizontally (animationSpec: androidx.compose.animation.core.FiniteAnimationSpec<androidx.compose.ui.unit.IntOffset>, targetOffsetX: kotlin.Function1<@[ParameterName(name = "fullWidth")] kotlin.Int, kotlin.Int>): androidx.compose.animation.ExitTransition declared in androidx.compose.animation.EnterExitTransitionKt' type=androidx.compose.animation.ExitTransition origin=null
                              animationSpec: GET_VAR 'val tmp0_animationSpec: androidx.compose.animation.core.TweenSpec<androidx.compose.ui.unit.IntOffset> [val] declared in com.nuzio.newsapp.ui.MainActivity.onCreate.<no name provided>.invoke.<no name provided>.invoke$lambda$6$lambda$5' type=androidx.compose.animation.core.TweenSpec<androidx.compose.ui.unit.IntOffset> origin=null
                              targetOffsetX: BLOCK type=kotlin.Function1<kotlin.Int, kotlin.Int> origin=LAMBDA
                                COMPOSITE type=kotlin.Unit origin=null
                                CALL 'public final fun <jvm-indy> <T> (dynamicCall: T of kotlin.jvm.internal.<jvm-indy>, bootstrapMethodHandle: kotlin.Any, vararg bootstrapMethodArguments: kotlin.Any): T of kotlin.jvm.internal.<jvm-indy> declared in kotlin.jvm.internal' type=kotlin.Function1<kotlin.Int, kotlin.Int> origin=null
                                  <T>: kotlin.Function1<kotlin.Int, kotlin.Int>
                                  dynamicCall: CALL 'public final fun invoke (): kotlin.Function1<kotlin.Int, kotlin.Int> declared in kotlin.jvm.internal.invokeDynamic' type=kotlin.Function1<kotlin.Int, kotlin.Int> origin=null
                                  bootstrapMethodHandle: CALL 'public final fun <jvm-method-handle> (tag: kotlin.Int, owner: kotlin.String, name: kotlin.String, descriptor: kotlin.String, isInterface: kotlin.Boolean): kotlin.Any declared in kotlin.jvm.internal' type=kotlin.Any origin=null
                                    tag: CONST Int type=kotlin.Int value=6
                                    owner: CONST String type=kotlin.String value="java/lang/invoke/LambdaMetafactory"
                                    name: CONST String type=kotlin.String value="metafactory"
                                    descriptor: CONST String type=kotlin.String value="(Ljava/lang/invoke/MethodHandles$Lookup;Ljava/lang/String;Ljava/lang/invoke/MethodType;Ljava/lang/invoke/MethodType;Ljava/lang/invoke/MethodHandle;Ljava/lang/invoke/MethodType;)Ljava/lang/invoke/CallSite;"
                                    isInterface: CONST Boolean type=kotlin.Boolean value=false
                                  bootstrapMethodArguments: VARARG type=kotlin.Array<kotlin.Any> varargElementType=kotlin.Any
                                    CALL 'public final fun <jvm-original-method-type> (method: kotlin.Any): kotlin.Any declared in kotlin.jvm.internal' type=kotlin.Any origin=null
                                      method: RAW_FUNCTION_REFERENCE 'public abstract fun invoke (p1: P1 of kotlin.Function1): R of kotlin.Function1 [operator] declared in kotlin.Function1' type=kotlin.Any
                                    RAW_FUNCTION_REFERENCE 'private final fun invoke$lambda$6$lambda$5$lambda$4 (it: kotlin.Int): kotlin.Int declared in com.nuzio.newsapp.ui.MainActivity.onCreate.<no name provided>.invoke.<no name provided>' type=kotlin.Any
                                    CALL 'public final fun <jvm-original-method-type> (method: kotlin.Any): kotlin.Any declared in kotlin.jvm.internal' type=kotlin.Any origin=null
                                      method: RAW_FUNCTION_REFERENCE 'public abstract fun invoke (p1: kotlin.Int?): kotlin.Int? [fake_override,operator] declared in kotlin.jvm.internal.invokeDynamic.<fake>' type=kotlin.Any
                          exit: CALL 'public final fun fadeOut$default (animationSpec: androidx.compose.animation.core.FiniteAnimationSpec<kotlin.Float>?, targetAlpha: kotlin.Float, $mask0: kotlin.Int, $handler: kotlin.Any?): androidx.compose.animation.ExitTransition declared in androidx.compose.animation.EnterExitTransitionKt' type=androidx.compose.animation.ExitTransition origin=DEFAULT_DISPATCH_CALL
                            animationSpec: TYPE_OP type=androidx.compose.animation.core.TweenSpec<kotlin.Float> origin=IMPLICIT_CAST typeOperand=androidx.compose.animation.core.TweenSpec<kotlin.Float>
                              CALL 'public final fun tween$default <T> (durationMillis: kotlin.Int, delayMillis: kotlin.Int, easing: androidx.compose.animation.core.Easing?, $mask0: kotlin.Int, $handler: kotlin.Any?): androidx.compose.animation.core.TweenSpec<T of androidx.compose.animation.core.AnimationSpecKt.tween$default> declared in androidx.compose.animation.core.AnimationSpecKt' type=androidx.compose.animation.core.TweenSpec<T of androidx.compose.animation.core.AnimationSpecKt.tween$default> origin=DEFAULT_DISPATCH_CALL
                                <T>: kotlin.Float
                                durationMillis: CONST Int type=kotlin.Int value=300
                                delayMillis: COMPOSITE type=kotlin.Int origin=DEFAULT_VALUE
                                  CONST Int type=kotlin.Int value=0
                                easing: COMPOSITE type=androidx.compose.animation.core.Easing? origin=DEFAULT_VALUE
                                  CONST Null type=androidx.compose.animation.core.Easing? value=null
                                $mask0: CONST Int type=kotlin.Int value=6
                                $handler: CONST Null type=kotlin.Any? value=null
                            targetAlpha: COMPOSITE type=kotlin.Float origin=DEFAULT_VALUE
                              CONST Float type=kotlin.Float value=0.0
                            $mask0: CONST Int type=kotlin.Int value=2
                            $handler: CONST Null type=kotlin.Any? value=null
                  FUN INLINE_LAMBDA name:invoke$lambda$6 visibility:private modality:FINAL <> () returnType:@[ExtensionFunctionType] kotlin.Function1<IrErrorType(null), androidx.compose.animation.ExitTransition>
                    BLOCK_BODY
                      VAR name:$i$a$-cache-MainActivity$onCreate$1$1$2 type:kotlin.Int [val]
                        CONST Int type=kotlin.Int value=0
                      RETURN type=kotlin.Nothing from='private final fun invoke$lambda$6 (): @[ExtensionFunctionType] kotlin.Function1<IrErrorType(null), androidx.compose.animation.ExitTransition> declared in com.nuzio.newsapp.ui.MainActivity.onCreate.<no name provided>.invoke.<no name provided>'
                        BLOCK type=@[ExtensionFunctionType] kotlin.Function1<IrErrorType(null), androidx.compose.animation.ExitTransition> origin=LAMBDA
                          COMPOSITE type=kotlin.Unit origin=null
                          CALL 'public final fun <jvm-indy> <T> (dynamicCall: T of kotlin.jvm.internal.<jvm-indy>, bootstrapMethodHandle: kotlin.Any, vararg bootstrapMethodArguments: kotlin.Any): T of kotlin.jvm.internal.<jvm-indy> declared in kotlin.jvm.internal' type=@[ExtensionFunctionType] kotlin.Function1<IrErrorType(null), androidx.compose.animation.ExitTransition> origin=null
                            <T>: @[ExtensionFunctionType] kotlin.Function1<IrErrorType(null), androidx.compose.animation.ExitTransition>
                            dynamicCall: CALL 'public final fun invoke (): @[ExtensionFunctionType] kotlin.Function1<IrErrorType(null), androidx.compose.animation.ExitTransition> declared in kotlin.jvm.internal.invokeDynamic' type=@[ExtensionFunctionType] kotlin.Function1<IrErrorType(null), androidx.compose.animation.ExitTransition> origin=null
                            bootstrapMethodHandle: CALL 'public final fun <jvm-method-handle> (tag: kotlin.Int, owner: kotlin.String, name: kotlin.String, descriptor: kotlin.String, isInterface: kotlin.Boolean): kotlin.Any declared in kotlin.jvm.internal' type=kotlin.Any origin=null
                              tag: CONST Int type=kotlin.Int value=6
                              owner: CONST String type=kotlin.String value="java/lang/invoke/LambdaMetafactory"
                              name: CONST String type=kotlin.String value="metafactory"
                              descriptor: CONST String type=kotlin.String value="(Ljava/lang/invoke/MethodHandles$Lookup;Ljava/lang/String;Ljava/lang/invoke/MethodType;Ljava/lang/invoke/MethodType;Ljava/lang/invoke/MethodHandle;Ljava/lang/invoke/MethodType;)Ljava/lang/invoke/CallSite;"
                              isInterface: CONST Boolean type=kotlin.Boolean value=false
                            bootstrapMethodArguments: VARARG type=kotlin.Array<kotlin.Any> varargElementType=kotlin.Any
                              CALL 'public final fun <jvm-original-method-type> (method: kotlin.Any): kotlin.Any declared in kotlin.jvm.internal' type=kotlin.Any origin=null
                                method: RAW_FUNCTION_REFERENCE 'public abstract fun invoke (p1: P1 of kotlin.Function1): R of kotlin.Function1 [operator] declared in kotlin.Function1' type=kotlin.Any
                              RAW_FUNCTION_REFERENCE 'private final fun invoke$lambda$6$lambda$5 ($this$AnimatedNavHost: IrErrorType(null)): androidx.compose.animation.ExitTransition declared in com.nuzio.newsapp.ui.MainActivity.onCreate.<no name provided>.invoke.<no name provided>' type=kotlin.Any
                              CALL 'public final fun <jvm-original-method-type> (method: kotlin.Any): kotlin.Any declared in kotlin.jvm.internal' type=kotlin.Any origin=null
                                method: RAW_FUNCTION_REFERENCE 'public abstract fun invoke (p1: P1 of kotlin.Function1): androidx.compose.animation.ExitTransition [fake_override,operator] declared in kotlin.jvm.internal.invokeDynamic.<fake>' type=kotlin.Any
                  FUN LOCAL_FUNCTION_FOR_LAMBDA name:invoke$lambda$9$lambda$8$lambda$7 visibility:private modality:FINAL <> (it:kotlin.Int) returnType:kotlin.Int
                    VALUE_PARAMETER name:it index:0 type:kotlin.Int
                    BLOCK_BODY
                      RETURN type=kotlin.Nothing from='private final fun invoke$lambda$9$lambda$8$lambda$7 (it: kotlin.Int): kotlin.Int declared in com.nuzio.newsapp.ui.MainActivity.onCreate.<no name provided>.invoke.<no name provided>'
                        CONST Int type=kotlin.Int value=-1000
                  FUN LOCAL_FUNCTION_FOR_LAMBDA name:invoke$lambda$9$lambda$8 visibility:private modality:FINAL <> ($this$AnimatedNavHost:IrErrorType(null)) returnType:androidx.compose.animation.EnterTransition
                    VALUE_PARAMETER name:$this$AnimatedNavHost index:0 type:IrErrorType(null)
                    BLOCK_BODY
                      RETURN type=kotlin.Nothing from='private final fun invoke$lambda$9$lambda$8 ($this$AnimatedNavHost: IrErrorType(null)): androidx.compose.animation.EnterTransition declared in com.nuzio.newsapp.ui.MainActivity.onCreate.<no name provided>.invoke.<no name provided>'
                        CALL 'public final fun plus (enter: androidx.compose.animation.EnterTransition): androidx.compose.animation.EnterTransition [operator] declared in androidx.compose.animation.EnterTransition' type=androidx.compose.animation.EnterTransition origin=PLUS
                          $this: BLOCK type=androidx.compose.animation.EnterTransition origin=ARGUMENTS_REORDERING_FOR_CALL
                            VAR IR_TEMPORARY_VARIABLE name:tmp0_animationSpec type:androidx.compose.animation.core.TweenSpec<androidx.compose.ui.unit.IntOffset> [val]
                              TYPE_OP type=androidx.compose.animation.core.TweenSpec<androidx.compose.ui.unit.IntOffset> origin=IMPLICIT_CAST typeOperand=androidx.compose.animation.core.TweenSpec<androidx.compose.ui.unit.IntOffset>
                                CALL 'public final fun tween$default <T> (durationMillis: kotlin.Int, delayMillis: kotlin.Int, easing: androidx.compose.animation.core.Easing?, $mask0: kotlin.Int, $handler: kotlin.Any?): androidx.compose.animation.core.TweenSpec<T of androidx.compose.animation.core.AnimationSpecKt.tween$default> declared in androidx.compose.animation.core.AnimationSpecKt' type=androidx.compose.animation.core.TweenSpec<T of androidx.compose.animation.core.AnimationSpecKt.tween$default> origin=DEFAULT_DISPATCH_CALL
                                  <T>: androidx.compose.ui.unit.IntOffset
                                  durationMillis: CONST Int type=kotlin.Int value=300
                                  delayMillis: COMPOSITE type=kotlin.Int origin=DEFAULT_VALUE
                                    CONST Int type=kotlin.Int value=0
                                  easing: COMPOSITE type=androidx.compose.animation.core.Easing? origin=DEFAULT_VALUE
                                    CONST Null type=androidx.compose.animation.core.Easing? value=null
                                  $mask0: CONST Int type=kotlin.Int value=6
                                  $handler: CONST Null type=kotlin.Any? value=null
                            CALL 'public final fun slideInHorizontally (animationSpec: androidx.compose.animation.core.FiniteAnimationSpec<androidx.compose.ui.unit.IntOffset>, initialOffsetX: kotlin.Function1<@[ParameterName(name = "fullWidth")] kotlin.Int, kotlin.Int>): androidx.compose.animation.EnterTransition declared in androidx.compose.animation.EnterExitTransitionKt' type=androidx.compose.animation.EnterTransition origin=null
                              animationSpec: GET_VAR 'val tmp0_animationSpec: androidx.compose.animation.core.TweenSpec<androidx.compose.ui.unit.IntOffset> [val] declared in com.nuzio.newsapp.ui.MainActivity.onCreate.<no name provided>.invoke.<no name provided>.invoke$lambda$9$lambda$8' type=androidx.compose.animation.core.TweenSpec<androidx.compose.ui.unit.IntOffset> origin=null
                              initialOffsetX: BLOCK type=kotlin.Function1<kotlin.Int, kotlin.Int> origin=LAMBDA
                                COMPOSITE type=kotlin.Unit origin=null
                                CALL 'public final fun <jvm-indy> <T> (dynamicCall: T of kotlin.jvm.internal.<jvm-indy>, bootstrapMethodHandle: kotlin.Any, vararg bootstrapMethodArguments: kotlin.Any): T of kotlin.jvm.internal.<jvm-indy> declared in kotlin.jvm.internal' type=kotlin.Function1<kotlin.Int, kotlin.Int> origin=null
                                  <T>: kotlin.Function1<kotlin.Int, kotlin.Int>
                                  dynamicCall: CALL 'public final fun invoke (): kotlin.Function1<kotlin.Int, kotlin.Int> declared in kotlin.jvm.internal.invokeDynamic' type=kotlin.Function1<kotlin.Int, kotlin.Int> origin=null
                                  bootstrapMethodHandle: CALL 'public final fun <jvm-method-handle> (tag: kotlin.Int, owner: kotlin.String, name: kotlin.String, descriptor: kotlin.String, isInterface: kotlin.Boolean): kotlin.Any declared in kotlin.jvm.internal' type=kotlin.Any origin=null
                                    tag: CONST Int type=kotlin.Int value=6
                                    owner: CONST String type=kotlin.String value="java/lang/invoke/LambdaMetafactory"
                                    name: CONST String type=kotlin.String value="metafactory"
                                    descriptor: CONST String type=kotlin.String value="(Ljava/lang/invoke/MethodHandles$Lookup;Ljava/lang/String;Ljava/lang/invoke/MethodType;Ljava/lang/invoke/MethodType;Ljava/lang/invoke/MethodHandle;Ljava/lang/invoke/MethodType;)Ljava/lang/invoke/CallSite;"
                                    isInterface: CONST Boolean type=kotlin.Boolean value=false
                                  bootstrapMethodArguments: VARARG type=kotlin.Array<kotlin.Any> varargElementType=kotlin.Any
                                    CALL 'public final fun <jvm-original-method-type> (method: kotlin.Any): kotlin.Any declared in kotlin.jvm.internal' type=kotlin.Any origin=null
                                      method: RAW_FUNCTION_REFERENCE 'public abstract fun invoke (p1: P1 of kotlin.Function1): R of kotlin.Function1 [operator] declared in kotlin.Function1' type=kotlin.Any
                                    RAW_FUNCTION_REFERENCE 'private final fun invoke$lambda$9$lambda$8$lambda$7 (it: kotlin.Int): kotlin.Int declared in com.nuzio.newsapp.ui.MainActivity.onCreate.<no name provided>.invoke.<no name provided>' type=kotlin.Any
                                    CALL 'public final fun <jvm-original-method-type> (method: kotlin.Any): kotlin.Any declared in kotlin.jvm.internal' type=kotlin.Any origin=null
                                      method: RAW_FUNCTION_REFERENCE 'public abstract fun invoke (p1: kotlin.Int?): kotlin.Int? [fake_override,operator] declared in kotlin.jvm.internal.invokeDynamic.<fake>' type=kotlin.Any
                          enter: CALL 'public final fun fadeIn$default (animationSpec: androidx.compose.animation.core.FiniteAnimationSpec<kotlin.Float>?, initialAlpha: kotlin.Float, $mask0: kotlin.Int, $handler: kotlin.Any?): androidx.compose.animation.EnterTransition declared in androidx.compose.animation.EnterExitTransitionKt' type=androidx.compose.animation.EnterTransition origin=DEFAULT_DISPATCH_CALL
                            animationSpec: TYPE_OP type=androidx.compose.animation.core.TweenSpec<kotlin.Float> origin=IMPLICIT_CAST typeOperand=androidx.compose.animation.core.TweenSpec<kotlin.Float>
                              CALL 'public final fun tween$default <T> (durationMillis: kotlin.Int, delayMillis: kotlin.Int, easing: androidx.compose.animation.core.Easing?, $mask0: kotlin.Int, $handler: kotlin.Any?): androidx.compose.animation.core.TweenSpec<T of androidx.compose.animation.core.AnimationSpecKt.tween$default> declared in androidx.compose.animation.core.AnimationSpecKt' type=androidx.compose.animation.core.TweenSpec<T of androidx.compose.animation.core.AnimationSpecKt.tween$default> origin=DEFAULT_DISPATCH_CALL
                                <T>: kotlin.Float
                                durationMillis: CONST Int type=kotlin.Int value=300
                                delayMillis: COMPOSITE type=kotlin.Int origin=DEFAULT_VALUE
                                  CONST Int type=kotlin.Int value=0
                                easing: COMPOSITE type=androidx.compose.animation.core.Easing? origin=DEFAULT_VALUE
                                  CONST Null type=androidx.compose.animation.core.Easing? value=null
                                $mask0: CONST Int type=kotlin.Int value=6
                                $handler: CONST Null type=kotlin.Any? value=null
                            initialAlpha: COMPOSITE type=kotlin.Float origin=DEFAULT_VALUE
                              CONST Float type=kotlin.Float value=0.0
                            $mask0: CONST Int type=kotlin.Int value=2
                            $handler: CONST Null type=kotlin.Any? value=null
                  FUN INLINE_LAMBDA name:invoke$lambda$9 visibility:private modality:FINAL <> () returnType:@[ExtensionFunctionType] kotlin.Function1<IrErrorType(null), androidx.compose.animation.EnterTransition>
                    BLOCK_BODY
                      VAR name:$i$a$-cache-MainActivity$onCreate$1$1$3 type:kotlin.Int [val]
                        CONST Int type=kotlin.Int value=0
                      RETURN type=kotlin.Nothing from='private final fun invoke$lambda$9 (): @[ExtensionFunctionType] kotlin.Function1<IrErrorType(null), androidx.compose.animation.EnterTransition> declared in com.nuzio.newsapp.ui.MainActivity.onCreate.<no name provided>.invoke.<no name provided>'
                        BLOCK type=@[ExtensionFunctionType] kotlin.Function1<IrErrorType(null), androidx.compose.animation.EnterTransition> origin=LAMBDA
                          COMPOSITE type=kotlin.Unit origin=null
                          CALL 'public final fun <jvm-indy> <T> (dynamicCall: T of kotlin.jvm.internal.<jvm-indy>, bootstrapMethodHandle: kotlin.Any, vararg bootstrapMethodArguments: kotlin.Any): T of kotlin.jvm.internal.<jvm-indy> declared in kotlin.jvm.internal' type=@[ExtensionFunctionType] kotlin.Function1<IrErrorType(null), androidx.compose.animation.EnterTransition> origin=null
                            <T>: @[ExtensionFunctionType] kotlin.Function1<IrErrorType(null), androidx.compose.animation.EnterTransition>
                            dynamicCall: CALL 'public final fun invoke (): @[ExtensionFunctionType] kotlin.Function1<IrErrorType(null), androidx.compose.animation.EnterTransition> declared in kotlin.jvm.internal.invokeDynamic' type=@[ExtensionFunctionType] kotlin.Function1<IrErrorType(null), androidx.compose.animation.EnterTransition> origin=null
                            bootstrapMethodHandle: CALL 'public final fun <jvm-method-handle> (tag: kotlin.Int, owner: kotlin.String, name: kotlin.String, descriptor: kotlin.String, isInterface: kotlin.Boolean): kotlin.Any declared in kotlin.jvm.internal' type=kotlin.Any origin=null
                              tag: CONST Int type=kotlin.Int value=6
                              owner: CONST String type=kotlin.String value="java/lang/invoke/LambdaMetafactory"
                              name: CONST String type=kotlin.String value="metafactory"
                              descriptor: CONST String type=kotlin.String value="(Ljava/lang/invoke/MethodHandles$Lookup;Ljava/lang/String;Ljava/lang/invoke/MethodType;Ljava/lang/invoke/MethodType;Ljava/lang/invoke/MethodHandle;Ljava/lang/invoke/MethodType;)Ljava/lang/invoke/CallSite;"
                              isInterface: CONST Boolean type=kotlin.Boolean value=false
                            bootstrapMethodArguments: VARARG type=kotlin.Array<kotlin.Any> varargElementType=kotlin.Any
                              CALL 'public final fun <jvm-original-method-type> (method: kotlin.Any): kotlin.Any declared in kotlin.jvm.internal' type=kotlin.Any origin=null
                                method: RAW_FUNCTION_REFERENCE 'public abstract fun invoke (p1: P1 of kotlin.Function1): R of kotlin.Function1 [operator] declared in kotlin.Function1' type=kotlin.Any
                              RAW_FUNCTION_REFERENCE 'private final fun invoke$lambda$9$lambda$8 ($this$AnimatedNavHost: IrErrorType(null)): androidx.compose.animation.EnterTransition declared in com.nuzio.newsapp.ui.MainActivity.onCreate.<no name provided>.invoke.<no name provided>' type=kotlin.Any
                              CALL 'public final fun <jvm-original-method-type> (method: kotlin.Any): kotlin.Any declared in kotlin.jvm.internal' type=kotlin.Any origin=null
                                method: RAW_FUNCTION_REFERENCE 'public abstract fun invoke (p1: P1 of kotlin.Function1): androidx.compose.animation.EnterTransition [fake_override,operator] declared in kotlin.jvm.internal.invokeDynamic.<fake>' type=kotlin.Any
                  FUN LOCAL_FUNCTION_FOR_LAMBDA name:invoke$lambda$12$lambda$11$lambda$10 visibility:private modality:FINAL <> (it:kotlin.Int) returnType:kotlin.Int
                    VALUE_PARAMETER name:it index:0 type:kotlin.Int
                    BLOCK_BODY
                      RETURN type=kotlin.Nothing from='private final fun invoke$lambda$12$lambda$11$lambda$10 (it: kotlin.Int): kotlin.Int declared in com.nuzio.newsapp.ui.MainActivity.onCreate.<no name provided>.invoke.<no name provided>'
                        CONST Int type=kotlin.Int value=1000
                  FUN LOCAL_FUNCTION_FOR_LAMBDA name:invoke$lambda$12$lambda$11 visibility:private modality:FINAL <> ($this$AnimatedNavHost:IrErrorType(null)) returnType:androidx.compose.animation.ExitTransition
                    VALUE_PARAMETER name:$this$AnimatedNavHost index:0 type:IrErrorType(null)
                    BLOCK_BODY
                      RETURN type=kotlin.Nothing from='private final fun invoke$lambda$12$lambda$11 ($this$AnimatedNavHost: IrErrorType(null)): androidx.compose.animation.ExitTransition declared in com.nuzio.newsapp.ui.MainActivity.onCreate.<no name provided>.invoke.<no name provided>'
                        CALL 'public final fun plus (exit: androidx.compose.animation.ExitTransition): androidx.compose.animation.ExitTransition [operator] declared in androidx.compose.animation.ExitTransition' type=androidx.compose.animation.ExitTransition origin=PLUS
                          $this: BLOCK type=androidx.compose.animation.ExitTransition origin=ARGUMENTS_REORDERING_FOR_CALL
                            VAR IR_TEMPORARY_VARIABLE name:tmp0_animationSpec type:androidx.compose.animation.core.TweenSpec<androidx.compose.ui.unit.IntOffset> [val]
                              TYPE_OP type=androidx.compose.animation.core.TweenSpec<androidx.compose.ui.unit.IntOffset> origin=IMPLICIT_CAST typeOperand=androidx.compose.animation.core.TweenSpec<androidx.compose.ui.unit.IntOffset>
                                CALL 'public final fun tween$default <T> (durationMillis: kotlin.Int, delayMillis: kotlin.Int, easing: androidx.compose.animation.core.Easing?, $mask0: kotlin.Int, $handler: kotlin.Any?): androidx.compose.animation.core.TweenSpec<T of androidx.compose.animation.core.AnimationSpecKt.tween$default> declared in androidx.compose.animation.core.AnimationSpecKt' type=androidx.compose.animation.core.TweenSpec<T of androidx.compose.animation.core.AnimationSpecKt.tween$default> origin=DEFAULT_DISPATCH_CALL
                                  <T>: androidx.compose.ui.unit.IntOffset
                                  durationMillis: CONST Int type=kotlin.Int value=300
                                  delayMillis: COMPOSITE type=kotlin.Int origin=DEFAULT_VALUE
                                    CONST Int type=kotlin.Int value=0
                                  easing: COMPOSITE type=androidx.compose.animation.core.Easing? origin=DEFAULT_VALUE
                                    CONST Null type=androidx.compose.animation.core.Easing? value=null
                                  $mask0: CONST Int type=kotlin.Int value=6
                                  $handler: CONST Null type=kotlin.Any? value=null
                            CALL 'public final fun slideOutHorizontally (animationSpec: androidx.compose.animation.core.FiniteAnimationSpec<androidx.compose.ui.unit.IntOffset>, targetOffsetX: kotlin.Function1<@[ParameterName(name = "fullWidth")] kotlin.Int, kotlin.Int>): androidx.compose.animation.ExitTransition declared in androidx.compose.animation.EnterExitTransitionKt' type=androidx.compose.animation.ExitTransition origin=null
                              animationSpec: GET_VAR 'val tmp0_animationSpec: androidx.compose.animation.core.TweenSpec<androidx.compose.ui.unit.IntOffset> [val] declared in com.nuzio.newsapp.ui.MainActivity.onCreate.<no name provided>.invoke.<no name provided>.invoke$lambda$12$lambda$11' type=androidx.compose.animation.core.TweenSpec<androidx.compose.ui.unit.IntOffset> origin=null
                              targetOffsetX: BLOCK type=kotlin.Function1<kotlin.Int, kotlin.Int> origin=LAMBDA
                                COMPOSITE type=kotlin.Unit origin=null
                                CALL 'public final fun <jvm-indy> <T> (dynamicCall: T of kotlin.jvm.internal.<jvm-indy>, bootstrapMethodHandle: kotlin.Any, vararg bootstrapMethodArguments: kotlin.Any): T of kotlin.jvm.internal.<jvm-indy> declared in kotlin.jvm.internal' type=kotlin.Function1<kotlin.Int, kotlin.Int> origin=null
                                  <T>: kotlin.Function1<kotlin.Int, kotlin.Int>
                                  dynamicCall: CALL 'public final fun invoke (): kotlin.Function1<kotlin.Int, kotlin.Int> declared in kotlin.jvm.internal.invokeDynamic' type=kotlin.Function1<kotlin.Int, kotlin.Int> origin=null
                                  bootstrapMethodHandle: CALL 'public final fun <jvm-method-handle> (tag: kotlin.Int, owner: kotlin.String, name: kotlin.String, descriptor: kotlin.String, isInterface: kotlin.Boolean): kotlin.Any declared in kotlin.jvm.internal' type=kotlin.Any origin=null
                                    tag: CONST Int type=kotlin.Int value=6
                                    owner: CONST String type=kotlin.String value="java/lang/invoke/LambdaMetafactory"
                                    name: CONST String type=kotlin.String value="metafactory"
                                    descriptor: CONST String type=kotlin.String value="(Ljava/lang/invoke/MethodHandles$Lookup;Ljava/lang/String;Ljava/lang/invoke/MethodType;Ljava/lang/invoke/MethodType;Ljava/lang/invoke/MethodHandle;Ljava/lang/invoke/MethodType;)Ljava/lang/invoke/CallSite;"
                                    isInterface: CONST Boolean type=kotlin.Boolean value=false
                                  bootstrapMethodArguments: VARARG type=kotlin.Array<kotlin.Any> varargElementType=kotlin.Any
                                    CALL 'public final fun <jvm-original-method-type> (method: kotlin.Any): kotlin.Any declared in kotlin.jvm.internal' type=kotlin.Any origin=null
                                      method: RAW_FUNCTION_REFERENCE 'public abstract fun invoke (p1: P1 of kotlin.Function1): R of kotlin.Function1 [operator] declared in kotlin.Function1' type=kotlin.Any
                                    RAW_FUNCTION_REFERENCE 'private final fun invoke$lambda$12$lambda$11$lambda$10 (it: kotlin.Int): kotlin.Int declared in com.nuzio.newsapp.ui.MainActivity.onCreate.<no name provided>.invoke.<no name provided>' type=kotlin.Any
                                    CALL 'public final fun <jvm-original-method-type> (method: kotlin.Any): kotlin.Any declared in kotlin.jvm.internal' type=kotlin.Any origin=null
                                      method: RAW_FUNCTION_REFERENCE 'public abstract fun invoke (p1: kotlin.Int?): kotlin.Int? [fake_override,operator] declared in kotlin.jvm.internal.invokeDynamic.<fake>' type=kotlin.Any
                          exit: CALL 'public final fun fadeOut$default (animationSpec: androidx.compose.animation.core.FiniteAnimationSpec<kotlin.Float>?, targetAlpha: kotlin.Float, $mask0: kotlin.Int, $handler: kotlin.Any?): androidx.compose.animation.ExitTransition declared in androidx.compose.animation.EnterExitTransitionKt' type=androidx.compose.animation.ExitTransition origin=DEFAULT_DISPATCH_CALL
                            animationSpec: TYPE_OP type=androidx.compose.animation.core.TweenSpec<kotlin.Float> origin=IMPLICIT_CAST typeOperand=androidx.compose.animation.core.TweenSpec<kotlin.Float>
                              CALL 'public final fun tween$default <T> (durationMillis: kotlin.Int, delayMillis: kotlin.Int, easing: androidx.compose.animation.core.Easing?, $mask0: kotlin.Int, $handler: kotlin.Any?): androidx.compose.animation.core.TweenSpec<T of androidx.compose.animation.core.AnimationSpecKt.tween$default> declared in androidx.compose.animation.core.AnimationSpecKt' type=androidx.compose.animation.core.TweenSpec<T of androidx.compose.animation.core.AnimationSpecKt.tween$default> origin=DEFAULT_DISPATCH_CALL
                                <T>: kotlin.Float
                                durationMillis: CONST Int type=kotlin.Int value=300
                                delayMillis: COMPOSITE type=kotlin.Int origin=DEFAULT_VALUE
                                  CONST Int type=kotlin.Int value=0
                                easing: COMPOSITE type=androidx.compose.animation.core.Easing? origin=DEFAULT_VALUE
                                  CONST Null type=androidx.compose.animation.core.Easing? value=null
                                $mask0: CONST Int type=kotlin.Int value=6
                                $handler: CONST Null type=kotlin.Any? value=null
                            targetAlpha: COMPOSITE type=kotlin.Float origin=DEFAULT_VALUE
                              CONST Float type=kotlin.Float value=0.0
                            $mask0: CONST Int type=kotlin.Int value=2
                            $handler: CONST Null type=kotlin.Any? value=null
                  FUN INLINE_LAMBDA name:invoke$lambda$12 visibility:private modality:FINAL <> () returnType:@[ExtensionFunctionType] kotlin.Function1<IrErrorType(null), androidx.compose.animation.ExitTransition>
                    BLOCK_BODY
                      VAR name:$i$a$-cache-MainActivity$onCreate$1$1$4 type:kotlin.Int [val]
                        CONST Int type=kotlin.Int value=0
                      RETURN type=kotlin.Nothing from='private final fun invoke$lambda$12 (): @[ExtensionFunctionType] kotlin.Function1<IrErrorType(null), androidx.compose.animation.ExitTransition> declared in com.nuzio.newsapp.ui.MainActivity.onCreate.<no name provided>.invoke.<no name provided>'
                        BLOCK type=@[ExtensionFunctionType] kotlin.Function1<IrErrorType(null), androidx.compose.animation.ExitTransition> origin=LAMBDA
                          COMPOSITE type=kotlin.Unit origin=null
                          CALL 'public final fun <jvm-indy> <T> (dynamicCall: T of kotlin.jvm.internal.<jvm-indy>, bootstrapMethodHandle: kotlin.Any, vararg bootstrapMethodArguments: kotlin.Any): T of kotlin.jvm.internal.<jvm-indy> declared in kotlin.jvm.internal' type=@[ExtensionFunctionType] kotlin.Function1<IrErrorType(null), androidx.compose.animation.ExitTransition> origin=null
                            <T>: @[ExtensionFunctionType] kotlin.Function1<IrErrorType(null), androidx.compose.animation.ExitTransition>
                            dynamicCall: CALL 'public final fun invoke (): @[ExtensionFunctionType] kotlin.Function1<IrErrorType(null), androidx.compose.animation.ExitTransition> declared in kotlin.jvm.internal.invokeDynamic' type=@[ExtensionFunctionType] kotlin.Function1<IrErrorType(null), androidx.compose.animation.ExitTransition> origin=null
                            bootstrapMethodHandle: CALL 'public final fun <jvm-method-handle> (tag: kotlin.Int, owner: kotlin.String, name: kotlin.String, descriptor: kotlin.String, isInterface: kotlin.Boolean): kotlin.Any declared in kotlin.jvm.internal' type=kotlin.Any origin=null
                              tag: CONST Int type=kotlin.Int value=6
                              owner: CONST String type=kotlin.String value="java/lang/invoke/LambdaMetafactory"
                              name: CONST String type=kotlin.String value="metafactory"
                              descriptor: CONST String type=kotlin.String value="(Ljava/lang/invoke/MethodHandles$Lookup;Ljava/lang/String;Ljava/lang/invoke/MethodType;Ljava/lang/invoke/MethodType;Ljava/lang/invoke/MethodHandle;Ljava/lang/invoke/MethodType;)Ljava/lang/invoke/CallSite;"
                              isInterface: CONST Boolean type=kotlin.Boolean value=false
                            bootstrapMethodArguments: VARARG type=kotlin.Array<kotlin.Any> varargElementType=kotlin.Any
                              CALL 'public final fun <jvm-original-method-type> (method: kotlin.Any): kotlin.Any declared in kotlin.jvm.internal' type=kotlin.Any origin=null
                                method: RAW_FUNCTION_REFERENCE 'public abstract fun invoke (p1: P1 of kotlin.Function1): R of kotlin.Function1 [operator] declared in kotlin.Function1' type=kotlin.Any
                              RAW_FUNCTION_REFERENCE 'private final fun invoke$lambda$12$lambda$11 ($this$AnimatedNavHost: IrErrorType(null)): androidx.compose.animation.ExitTransition declared in com.nuzio.newsapp.ui.MainActivity.onCreate.<no name provided>.invoke.<no name provided>' type=kotlin.Any
                              CALL 'public final fun <jvm-original-method-type> (method: kotlin.Any): kotlin.Any declared in kotlin.jvm.internal' type=kotlin.Any origin=null
                                method: RAW_FUNCTION_REFERENCE 'public abstract fun invoke (p1: P1 of kotlin.Function1): androidx.compose.animation.ExitTransition [fake_override,operator] declared in kotlin.jvm.internal.invokeDynamic.<fake>' type=kotlin.Any
                  FUN LOCAL_FUNCTION_FOR_LAMBDA name:invoke$lambda$14$lambda$13 visibility:private modality:FINAL <> (this$0:com.nuzio.newsapp.ui.MainActivity, $navController:androidx.navigation.NavHostController, $this$AnimatedNavHost:androidx.navigation.NavGraphBuilder) returnType:kotlin.Unit?
                    VALUE_PARAMETER BOUND_VALUE_PARAMETER name:this$0 index:0 type:com.nuzio.newsapp.ui.MainActivity
                    VALUE_PARAMETER BOUND_VALUE_PARAMETER name:$navController index:1 type:androidx.navigation.NavHostController
                    VALUE_PARAMETER name:$this$AnimatedNavHost index:2 type:androidx.navigation.NavGraphBuilder
                    BLOCK_BODY
                      CALL 'public final fun composable$default (route: kotlin.String, arguments: kotlin.collections.List<androidx.navigation.NamedNavArgument>?, deepLinks: kotlin.collections.List<androidx.navigation.NavDeepLink>?, enterTransition: @[ExtensionFunctionType] kotlin.Function1<IrErrorType(null), androidx.compose.animation.EnterTransition?>?, exitTransition: @[ExtensionFunctionType] kotlin.Function1<IrErrorType(null), androidx.compose.animation.ExitTransition?>?, popEnterTransition: @[ExtensionFunctionType] kotlin.Function1<IrErrorType(null), androidx.compose.animation.EnterTransition?>?, popExitTransition: @[ExtensionFunctionType] kotlin.Function1<IrErrorType(null), androidx.compose.animation.ExitTransition?>?, content: @[ExtensionFunctionType] kotlin.Function4<androidx.compose.animation.AnimatedVisibilityScope, androidx.navigation.NavBackStackEntry, androidx.compose.runtime.Composer, kotlin.Int, kotlin.Unit>, $mask0: kotlin.Int, $handler: kotlin.Any?): kotlin.Unit declared in com.google.accompanist.navigation.animation.NavGraphBuilderKt' type=kotlin.Unit origin=DEFAULT_DISPATCH_CALL
                        $receiver: GET_VAR '$this$AnimatedNavHost: androidx.navigation.NavGraphBuilder declared in com.nuzio.newsapp.ui.MainActivity.onCreate.<no name provided>.invoke.<no name provided>.invoke$lambda$14$lambda$13' type=androidx.navigation.NavGraphBuilder origin=null
                        route: CALL 'public final fun <get-route> (): kotlin.String [fake_override] declared in com.nuzio.newsapp.ui.Screen.Login' type=kotlin.String origin=GET_PROPERTY
                          $this: GET_FIELD 'FIELD FIELD_FOR_OBJECT_INSTANCE name:INSTANCE type:com.nuzio.newsapp.ui.Screen.Login visibility:public [final,static] declared in com.nuzio.newsapp.ui.Screen.Login' type=com.nuzio.newsapp.ui.Screen.Login origin=null
                        arguments: COMPOSITE type=kotlin.collections.List<androidx.navigation.NamedNavArgument>? origin=DEFAULT_VALUE
                          CONST Null type=kotlin.collections.List<androidx.navigation.NamedNavArgument>? value=null
                        deepLinks: COMPOSITE type=kotlin.collections.List<androidx.navigation.NavDeepLink>? origin=DEFAULT_VALUE
                          CONST Null type=kotlin.collections.List<androidx.navigation.NavDeepLink>? value=null
                        enterTransition: COMPOSITE type=@[ExtensionFunctionType] kotlin.Function1<IrErrorType(null), androidx.compose.animation.EnterTransition?>? origin=DEFAULT_VALUE
                          CONST Null type=@[ExtensionFunctionType] kotlin.Function1<IrErrorType(null), androidx.compose.animation.EnterTransition?>? value=null
                        exitTransition: COMPOSITE type=@[ExtensionFunctionType] kotlin.Function1<IrErrorType(null), androidx.compose.animation.ExitTransition?>? origin=DEFAULT_VALUE
                          CONST Null type=@[ExtensionFunctionType] kotlin.Function1<IrErrorType(null), androidx.compose.animation.ExitTransition?>? value=null
                        popEnterTransition: COMPOSITE type=@[ExtensionFunctionType] kotlin.Function1<IrErrorType(null), androidx.compose.animation.EnterTransition?>? origin=DEFAULT_VALUE
                          CONST Null type=@[ExtensionFunctionType] kotlin.Function1<IrErrorType(null), androidx.compose.animation.EnterTransition?>? value=null
                        popExitTransition: COMPOSITE type=@[ExtensionFunctionType] kotlin.Function1<IrErrorType(null), androidx.compose.animation.ExitTransition?>? origin=DEFAULT_VALUE
                          CONST Null type=@[ExtensionFunctionType] kotlin.Function1<IrErrorType(null), androidx.compose.animation.ExitTransition?>? value=null
                        content: CALL 'public final fun composableLambdaInstance (key: kotlin.Int, tracked: kotlin.Boolean, block: kotlin.Any): androidx.compose.runtime.internal.ComposableLambda declared in androidx.compose.runtime.internal.ComposableLambdaKt' type=androidx.compose.runtime.internal.ComposableLambda origin=null
                          key: CONST Int type=kotlin.Int value=1217146699
                          tracked: CONST Boolean type=kotlin.Boolean value=true
                          block: BLOCK type=com.nuzio.newsapp.ui.MainActivity.onCreate.<no name provided>.invoke.<no name provided>.invoke$lambda$14$lambda$13.<no name provided> origin=null
                            CLASS LAMBDA_IMPL CLASS name:<no name provided> modality:FINAL visibility:public/*package*/ superTypes:[kotlin.Any; kotlin.Function4<androidx.compose.animation.AnimatedVisibilityScope, androidx.navigation.NavBackStackEntry, androidx.compose.runtime.Composer, kotlin.Int, kotlin.Unit>]
                              $this: VALUE_PARAMETER INSTANCE_RECEIVER name:<this> type:com.nuzio.newsapp.ui.MainActivity.onCreate.<no name provided>.invoke.<no name provided>.invoke$lambda$14$lambda$13.<no name provided>
                              CONSTRUCTOR GENERATED_MEMBER_IN_CALLABLE_REFERENCE visibility:public/*package*/ <> (this$0:com.nuzio.newsapp.ui.MainActivity, $navController:androidx.navigation.NavHostController) returnType:com.nuzio.newsapp.ui.MainActivity.onCreate.<no name provided>.invoke.<no name provided>.invoke$lambda$14$lambda$13.<no name provided> [primary]
                                VALUE_PARAMETER BOUND_RECEIVER_PARAMETER name:this$0 index:0 type:com.nuzio.newsapp.ui.MainActivity
                                VALUE_PARAMETER BOUND_VALUE_PARAMETER name:$navController index:1 type:androidx.navigation.NavHostController
                                BLOCK_BODY
                                  SET_FIELD 'FIELD FIELD_FOR_CAPTURED_VALUE name:this$0 type:com.nuzio.newsapp.ui.MainActivity visibility:public/*package*/ [final] declared in com.nuzio.newsapp.ui.MainActivity.onCreate.<no name provided>.invoke.<no name provided>.invoke$lambda$14$lambda$13.<no name provided>' type=kotlin.Unit origin=INITIALIZER_OF_FIELD_FOR_CAPTURED_VALUE
                                    receiver: GET_VAR '<this>: com.nuzio.newsapp.ui.MainActivity.onCreate.<no name provided>.invoke.<no name provided>.invoke$lambda$14$lambda$13.<no name provided> declared in com.nuzio.newsapp.ui.MainActivity.onCreate.<no name provided>.invoke.<no name provided>.invoke$lambda$14$lambda$13.<no name provided>' type=com.nuzio.newsapp.ui.MainActivity.onCreate.<no name provided>.invoke.<no name provided>.invoke$lambda$14$lambda$13.<no name provided> origin=null
                                    value: GET_VAR 'this$0: com.nuzio.newsapp.ui.MainActivity declared in com.nuzio.newsapp.ui.MainActivity.onCreate.<no name provided>.invoke.<no name provided>.invoke$lambda$14$lambda$13.<no name provided>.<init>' type=com.nuzio.newsapp.ui.MainActivity origin=null
                                  SET_FIELD 'FIELD FIELD_FOR_CAPTURED_VALUE name:$navController type:androidx.navigation.NavHostController visibility:public/*package*/ [final] declared in com.nuzio.newsapp.ui.MainActivity.onCreate.<no name provided>.invoke.<no name provided>.invoke$lambda$14$lambda$13.<no name provided>' type=kotlin.Unit origin=INITIALIZER_OF_FIELD_FOR_CAPTURED_VALUE
                                    receiver: GET_VAR '<this>: com.nuzio.newsapp.ui.MainActivity.onCreate.<no name provided>.invoke.<no name provided>.invoke$lambda$14$lambda$13.<no name provided> declared in com.nuzio.newsapp.ui.MainActivity.onCreate.<no name provided>.invoke.<no name provided>.invoke$lambda$14$lambda$13.<no name provided>' type=com.nuzio.newsapp.ui.MainActivity.onCreate.<no name provided>.invoke.<no name provided>.invoke$lambda$14$lambda$13.<no name provided> origin=null
                                    value: GET_VAR '$navController: androidx.navigation.NavHostController declared in com.nuzio.newsapp.ui.MainActivity.onCreate.<no name provided>.invoke.<no name provided>.invoke$lambda$14$lambda$13.<no name provided>.<init>' type=androidx.navigation.NavHostController origin=null
                                  DELEGATING_CONSTRUCTOR_CALL 'public constructor <init> () [primary] declared in kotlin.Any'
                                  BLOCK type=kotlin.Unit origin=null
                              FUN name:invoke visibility:public modality:FINAL <> ($this:com.nuzio.newsapp.ui.MainActivity.onCreate.<no name provided>.invoke.<no name provided>.invoke$lambda$14$lambda$13.<no name provided>, $this$composable:androidx.compose.animation.AnimatedVisibilityScope, it:androidx.navigation.NavBackStackEntry, $composer:androidx.compose.runtime.Composer?, $changed:kotlin.Int) returnType:kotlin.Unit
                                annotations:
                                  Composable
                                  ComposableTarget(applier = "androidx.compose.ui.UiComposable")
                                overridden:
                                  public abstract fun invoke (p1: P1 of kotlin.Function4, p2: P2 of kotlin.Function4, p3: P3 of kotlin.Function4, p4: P4 of kotlin.Function4): R of kotlin.Function4 [operator] declared in kotlin.Function4
                                $this: VALUE_PARAMETER INSTANCE_RECEIVER name:<this> type:com.nuzio.newsapp.ui.MainActivity.onCreate.<no name provided>.invoke.<no name provided>.invoke$lambda$14$lambda$13.<no name provided>
                                VALUE_PARAMETER name:$this$composable index:0 type:androidx.compose.animation.AnimatedVisibilityScope
                                VALUE_PARAMETER name:it index:1 type:androidx.navigation.NavBackStackEntry
                                VALUE_PARAMETER name:$composer index:2 type:androidx.compose.runtime.Composer? [assignable]
                                VALUE_PARAMETER name:$changed index:3 type:kotlin.Int
                                BLOCK_BODY
                                  CALL 'public final fun sourceInformation (composer: androidx.compose.runtime.Composer, sourceInformation: kotlin.String): kotlin.Unit declared in androidx.compose.runtime.ComposerKt' type=kotlin.Unit origin=null
                                    composer: GET_VAR '$composer: androidx.compose.runtime.Composer? [assignable] declared in com.nuzio.newsapp.ui.MainActivity.onCreate.<no name provided>.invoke.<no name provided>.invoke$lambda$14$lambda$13.<no name provided>.invoke' type=androidx.compose.runtime.Composer? origin=null
                                    sourceInformation: CONST String type=kotlin.String value="C86@3523L30,90@3786L300,87@3578L534:MainActivity.kt#mzidje"
                                  COMPOSITE type=kotlin.Unit origin=null
                                    WHEN type=kotlin.Unit origin=IF
                                      BRANCH
                                        if: CALL 'public final fun isTraceInProgress (): kotlin.Boolean declared in androidx.compose.runtime.ComposerKt' type=kotlin.Boolean origin=null
                                        then: CALL 'public final fun traceEventStart (key: kotlin.Int, dirty1: kotlin.Int, dirty2: kotlin.Int, info: kotlin.String): kotlin.Unit declared in androidx.compose.runtime.ComposerKt' type=kotlin.Unit origin=null
                                          key: CONST Int type=kotlin.Int value=1217146699
                                          dirty1: GET_VAR '$changed: kotlin.Int declared in com.nuzio.newsapp.ui.MainActivity.onCreate.<no name provided>.invoke.<no name provided>.invoke$lambda$14$lambda$13.<no name provided>.invoke' type=kotlin.Int origin=null
                                          dirty2: CONST Int type=kotlin.Int value=-1
                                          info: CONST String type=kotlin.String value="com.nuzio.newsapp.ui.MainActivity.onCreate.<anonymous>.<anonymous>.<anonymous>.<anonymous>.<anonymous> (MainActivity.kt:86)"
                                    VAR name:loginAuthViewModel type:com.nuzio.newsapp.ui.viewmodel.AuthViewModel [val]
                                      CALL 'public final fun hiltViewModel <VM> (viewModelStoreOwner: androidx.lifecycle.ViewModelStoreOwner?, key: kotlin.String?, $composer: androidx.compose.runtime.Composer?, $changed: kotlin.Int, $default: kotlin.Int): VM of androidx.hilt.navigation.compose.HiltViewModelKt.hiltViewModel [inline] declared in androidx.hilt.navigation.compose.HiltViewModelKt' type=com.nuzio.newsapp.ui.viewmodel.AuthViewModel origin=null
                                        <VM>: com.nuzio.newsapp.ui.viewmodel.AuthViewModel
                                        viewModelStoreOwner: COMPOSITE type=kotlin.Nothing? origin=DEFAULT_VALUE
                                          CONST Null type=kotlin.Nothing? value=null
                                        key: COMPOSITE type=kotlin.Nothing? origin=DEFAULT_VALUE
                                          CONST Null type=kotlin.Nothing? value=null
                                        $composer: GET_VAR '$composer: androidx.compose.runtime.Composer? [assignable] declared in com.nuzio.newsapp.ui.MainActivity.onCreate.<no name provided>.invoke.<no name provided>.invoke$lambda$14$lambda$13.<no name provided>.invoke' type=androidx.compose.runtime.Composer? origin=null
                                        $changed: CONST Int type=kotlin.Int value=0
                                        $default: CONST Int type=kotlin.Int value=3
                                    CALL 'public final fun SocialLoginScreen (facebookCallbackManager: com.facebook.CallbackManager, authViewModel: com.nuzio.newsapp.ui.viewmodel.AuthViewModel?, onSignInSuccess: kotlin.Function0<kotlin.Unit>, $composer: androidx.compose.runtime.Composer?, $changed: kotlin.Int, $default: kotlin.Int): kotlin.Unit declared in com.nuzio.newsapp.ui.screens.SocialLoginScreenKt' type=kotlin.Unit origin=null
                                      facebookCallbackManager: CALL 'public final fun access$getFacebookCallbackManager ($this: com.nuzio.newsapp.ui.MainActivity): com.facebook.CallbackManager declared in com.nuzio.newsapp.ui.MainActivity' type=com.facebook.CallbackManager origin=GET_PROPERTY
                                        $this: GET_FIELD 'FIELD FIELD_FOR_CAPTURED_VALUE name:this$0 type:com.nuzio.newsapp.ui.MainActivity visibility:public/*package*/ [final] declared in com.nuzio.newsapp.ui.MainActivity.onCreate.<no name provided>.invoke.<no name provided>.invoke$lambda$14$lambda$13.<no name provided>' type=com.nuzio.newsapp.ui.MainActivity origin=null
                                          receiver: GET_VAR '<this>: com.nuzio.newsapp.ui.MainActivity.onCreate.<no name provided>.invoke.<no name provided>.invoke$lambda$14$lambda$13.<no name provided> declared in com.nuzio.newsapp.ui.MainActivity.onCreate.<no name provided>.invoke.<no name provided>.invoke$lambda$14$lambda$13.<no name provided>.invoke' type=com.nuzio.newsapp.ui.MainActivity.onCreate.<no name provided>.invoke.<no name provided>.invoke$lambda$14$lambda$13.<no name provided> origin=null
                                      authViewModel: GET_VAR 'val loginAuthViewModel: com.nuzio.newsapp.ui.viewmodel.AuthViewModel [val] declared in com.nuzio.newsapp.ui.MainActivity.onCreate.<no name provided>.invoke.<no name provided>.invoke$lambda$14$lambda$13.<no name provided>.invoke' type=com.nuzio.newsapp.ui.viewmodel.AuthViewModel origin=null
                                      onSignInSuccess: BLOCK type=kotlin.Function0<kotlin.Unit> origin=null
                                        BLOCK type=kotlin.Unit origin=null
                                          CALL 'public abstract fun startReplaceGroup (key: kotlin.Int): kotlin.Unit declared in androidx.compose.runtime.Composer' type=kotlin.Unit origin=null
                                            $this: GET_VAR '$composer: androidx.compose.runtime.Composer? [assignable] declared in com.nuzio.newsapp.ui.MainActivity.onCreate.<no name provided>.invoke.<no name provided>.invoke$lambda$14$lambda$13.<no name provided>.invoke' type=androidx.compose.runtime.Composer? origin=null
                                            key: CONST Int type=kotlin.Int value=1741990032
                                          CALL 'public final fun sourceInformation (composer: androidx.compose.runtime.Composer, sourceInformation: kotlin.String): kotlin.Unit declared in androidx.compose.runtime.ComposerKt' type=kotlin.Unit origin=null
                                            composer: GET_VAR '$composer: androidx.compose.runtime.Composer? [assignable] declared in com.nuzio.newsapp.ui.MainActivity.onCreate.<no name provided>.invoke.<no name provided>.invoke$lambda$14$lambda$13.<no name provided>.invoke' type=androidx.compose.runtime.Composer? origin=null
                                            sourceInformation: CONST String type=kotlin.String value="CC(remember):MainActivity.kt#9igjgp"
                                        VAR IR_TEMPORARY_VARIABLE name:tmp0_group type:kotlin.Function0<kotlin.Unit> [val]
                                          CALL 'public final fun cache <T> (invalid: kotlin.Boolean, block: @[DisallowComposableCalls] kotlin.Function0<T of androidx.compose.runtime.ComposerKt.cache>): T of androidx.compose.runtime.ComposerKt.cache [inline] declared in androidx.compose.runtime.ComposerKt' type=kotlin.Function0<kotlin.Unit> origin=null
                                            <T>: kotlin.Function0<kotlin.Unit>
                                            $receiver: GET_VAR '$composer: androidx.compose.runtime.Composer? [assignable] declared in com.nuzio.newsapp.ui.MainActivity.onCreate.<no name provided>.invoke.<no name provided>.invoke$lambda$14$lambda$13.<no name provided>.invoke' type=androidx.compose.runtime.Composer? origin=null
                                            invalid: CALL 'public final fun or (other: kotlin.Boolean): kotlin.Boolean [infix] declared in kotlin.Boolean' type=kotlin.Boolean origin=null
                                              $this: CALL 'public open fun changedInstance (value: kotlin.Any?): kotlin.Boolean declared in androidx.compose.runtime.Composer' type=kotlin.Boolean origin=null
                                                $this: GET_VAR '$composer: androidx.compose.runtime.Composer? [assignable] declared in com.nuzio.newsapp.ui.MainActivity.onCreate.<no name provided>.invoke.<no name provided>.invoke$lambda$14$lambda$13.<no name provided>.invoke' type=androidx.compose.runtime.Composer? origin=null
                                                value: GET_VAR 'val loginAuthViewModel: com.nuzio.newsapp.ui.viewmodel.AuthViewModel [val] declared in com.nuzio.newsapp.ui.MainActivity.onCreate.<no name provided>.invoke.<no name provided>.invoke$lambda$14$lambda$13.<no name provided>.invoke' type=com.nuzio.newsapp.ui.viewmodel.AuthViewModel origin=null
                                              other: CALL 'public open fun changedInstance (value: kotlin.Any?): kotlin.Boolean declared in androidx.compose.runtime.Composer' type=kotlin.Boolean origin=null
                                                $this: GET_VAR '$composer: androidx.compose.runtime.Composer? [assignable] declared in com.nuzio.newsapp.ui.MainActivity.onCreate.<no name provided>.invoke.<no name provided>.invoke$lambda$14$lambda$13.<no name provided>.invoke' type=androidx.compose.runtime.Composer? origin=null
                                                value: GET_FIELD 'FIELD FIELD_FOR_CAPTURED_VALUE name:$navController type:androidx.navigation.NavHostController visibility:public/*package*/ [final] declared in com.nuzio.newsapp.ui.MainActivity.onCreate.<no name provided>.invoke.<no name provided>.invoke$lambda$14$lambda$13.<no name provided>' type=androidx.navigation.NavHostController origin=null
                                                  receiver: GET_VAR '<this>: com.nuzio.newsapp.ui.MainActivity.onCreate.<no name provided>.invoke.<no name provided>.invoke$lambda$14$lambda$13.<no name provided> declared in com.nuzio.newsapp.ui.MainActivity.onCreate.<no name provided>.invoke.<no name provided>.invoke$lambda$14$lambda$13.<no name provided>.invoke' type=com.nuzio.newsapp.ui.MainActivity.onCreate.<no name provided>.invoke.<no name provided>.invoke$lambda$14$lambda$13.<no name provided> origin=null
                                            block: BLOCK type=kotlin.Function0<kotlin.Function0<kotlin.Unit>> origin=LAMBDA
                                              COMPOSITE type=kotlin.Unit origin=null
                                              FUNCTION_REFERENCE 'private final fun invoke$lambda$3 ($loginAuthViewModel: com.nuzio.newsapp.ui.viewmodel.AuthViewModel, $navController: androidx.navigation.NavHostController): kotlin.Function0<kotlin.Unit> declared in com.nuzio.newsapp.ui.MainActivity.onCreate.<no name provided>.invoke.<no name provided>.invoke$lambda$14$lambda$13.<no name provided>' type=kotlin.Function0<kotlin.Function0<kotlin.Unit>> origin=INLINE_LAMBDA reflectionTarget=null
                                                $loginAuthViewModel: GET_VAR 'val loginAuthViewModel: com.nuzio.newsapp.ui.viewmodel.AuthViewModel [val] declared in com.nuzio.newsapp.ui.MainActivity.onCreate.<no name provided>.invoke.<no name provided>.invoke$lambda$14$lambda$13.<no name provided>.invoke' type=com.nuzio.newsapp.ui.viewmodel.AuthViewModel origin=null
                                                $navController: GET_FIELD 'FIELD FIELD_FOR_CAPTURED_VALUE name:$navController type:androidx.navigation.NavHostController visibility:public/*package*/ [final] declared in com.nuzio.newsapp.ui.MainActivity.onCreate.<no name provided>.invoke.<no name provided>.invoke$lambda$14$lambda$13.<no name provided>' type=androidx.navigation.NavHostController origin=null
                                                  receiver: GET_VAR '<this>: com.nuzio.newsapp.ui.MainActivity.onCreate.<no name provided>.invoke.<no name provided>.invoke$lambda$14$lambda$13.<no name provided> declared in com.nuzio.newsapp.ui.MainActivity.onCreate.<no name provided>.invoke.<no name provided>.invoke$lambda$14$lambda$13.<no name provided>.invoke' type=com.nuzio.newsapp.ui.MainActivity.onCreate.<no name provided>.invoke.<no name provided>.invoke$lambda$14$lambda$13.<no name provided> origin=null
                                        CALL 'public abstract fun endReplaceGroup (): kotlin.Unit declared in androidx.compose.runtime.Composer' type=kotlin.Unit origin=null
                                          $this: GET_VAR '$composer: androidx.compose.runtime.Composer? [assignable] declared in com.nuzio.newsapp.ui.MainActivity.onCreate.<no name provided>.invoke.<no name provided>.invoke$lambda$14$lambda$13.<no name provided>.invoke' type=androidx.compose.runtime.Composer? origin=null
                                        GET_VAR 'val tmp0_group: kotlin.Function0<kotlin.Unit> [val] declared in com.nuzio.newsapp.ui.MainActivity.onCreate.<no name provided>.invoke.<no name provided>.invoke$lambda$14$lambda$13.<no name provided>.invoke' type=kotlin.Function0<kotlin.Unit> origin=null
                                      $composer: GET_VAR '$composer: androidx.compose.runtime.Composer? [assignable] declared in com.nuzio.newsapp.ui.MainActivity.onCreate.<no name provided>.invoke.<no name provided>.invoke$lambda$14$lambda$13.<no name provided>.invoke' type=androidx.compose.runtime.Composer? origin=null
                                      $changed: CALL 'public final fun shl (bitCount: kotlin.Int): kotlin.Int [infix] declared in kotlin.Int' type=kotlin.Int origin=null
                                        $this: GET_FIELD 'FIELD name:$stable type:kotlin.Int visibility:public [final,static] declared in com.nuzio.newsapp.ui.viewmodel.AuthViewModel' type=kotlin.Int origin=null
                                        bitCount: CONST Int type=kotlin.Int value=3
                                      $default: CONST Int type=kotlin.Int value=0
                                    WHEN type=kotlin.Unit origin=IF
                                      BRANCH
                                        if: CALL 'public final fun isTraceInProgress (): kotlin.Boolean declared in androidx.compose.runtime.ComposerKt' type=kotlin.Boolean origin=null
                                        then: CALL 'public final fun traceEventEnd (): kotlin.Unit declared in androidx.compose.runtime.ComposerKt' type=kotlin.Unit origin=null
                              FIELD FIELD_FOR_CAPTURED_VALUE name:this$0 type:com.nuzio.newsapp.ui.MainActivity visibility:public/*package*/ [final]
                              FIELD FIELD_FOR_CAPTURED_VALUE name:$navController type:androidx.navigation.NavHostController visibility:public/*package*/ [final]
                              FUN LOCAL_FUNCTION_FOR_LAMBDA name:invoke$lambda$3$lambda$2$lambda$1$lambda$0 visibility:private modality:FINAL <> ($this$popUpTo:androidx.navigation.PopUpToBuilder) returnType:kotlin.Unit?
                                VALUE_PARAMETER name:$this$popUpTo index:0 type:androidx.navigation.PopUpToBuilder
                                BLOCK_BODY
                                  CALL 'public final fun <set-inclusive> (value: kotlin.Boolean): kotlin.Unit declared in androidx.navigation.PopUpToBuilder' type=kotlin.Unit origin=EQ
                                    $this: GET_VAR '$this$popUpTo: androidx.navigation.PopUpToBuilder declared in com.nuzio.newsapp.ui.MainActivity.onCreate.<no name provided>.invoke.<no name provided>.invoke$lambda$14$lambda$13.<no name provided>.invoke$lambda$3$lambda$2$lambda$1$lambda$0' type=androidx.navigation.PopUpToBuilder origin=null
                                    value: CONST Boolean type=kotlin.Boolean value=true
                              FUN LOCAL_FUNCTION_FOR_LAMBDA name:invoke$lambda$3$lambda$2$lambda$1 visibility:private modality:FINAL <> ($this$navigate:androidx.navigation.NavOptionsBuilder) returnType:kotlin.Unit?
                                VALUE_PARAMETER name:$this$navigate index:0 type:androidx.navigation.NavOptionsBuilder
                                BLOCK_BODY
                                  CALL 'public final fun popUpTo (route: kotlin.String, popUpToBuilder: @[ExtensionFunctionType] kotlin.Function1<androidx.navigation.PopUpToBuilder, kotlin.Unit>): kotlin.Unit declared in androidx.navigation.NavOptionsBuilder' type=kotlin.Unit origin=null
                                    $this: GET_VAR '$this$navigate: androidx.navigation.NavOptionsBuilder declared in com.nuzio.newsapp.ui.MainActivity.onCreate.<no name provided>.invoke.<no name provided>.invoke$lambda$14$lambda$13.<no name provided>.invoke$lambda$3$lambda$2$lambda$1' type=androidx.navigation.NavOptionsBuilder origin=null
                                    route: CALL 'public final fun <get-route> (): kotlin.String [fake_override] declared in com.nuzio.newsapp.ui.Screen.Login' type=kotlin.String origin=GET_PROPERTY
                                      $this: GET_FIELD 'FIELD FIELD_FOR_OBJECT_INSTANCE name:INSTANCE type:com.nuzio.newsapp.ui.Screen.Login visibility:public [final,static] declared in com.nuzio.newsapp.ui.Screen.Login' type=com.nuzio.newsapp.ui.Screen.Login origin=null
                                    popUpToBuilder: BLOCK type=@[ExtensionFunctionType] kotlin.Function1<androidx.navigation.PopUpToBuilder, kotlin.Unit> origin=LAMBDA
                                      COMPOSITE type=kotlin.Unit origin=null
                                      CALL 'public final fun <jvm-indy> <T> (dynamicCall: T of kotlin.jvm.internal.<jvm-indy>, bootstrapMethodHandle: kotlin.Any, vararg bootstrapMethodArguments: kotlin.Any): T of kotlin.jvm.internal.<jvm-indy> declared in kotlin.jvm.internal' type=@[ExtensionFunctionType] kotlin.Function1<androidx.navigation.PopUpToBuilder, kotlin.Unit> origin=null
                                        <T>: @[ExtensionFunctionType] kotlin.Function1<androidx.navigation.PopUpToBuilder, kotlin.Unit>
                                        dynamicCall: CALL 'public final fun invoke (): @[ExtensionFunctionType] kotlin.Function1<androidx.navigation.PopUpToBuilder, kotlin.Unit> declared in kotlin.jvm.internal.invokeDynamic' type=@[ExtensionFunctionType] kotlin.Function1<androidx.navigation.PopUpToBuilder, kotlin.Unit> origin=null
                                        bootstrapMethodHandle: CALL 'public final fun <jvm-method-handle> (tag: kotlin.Int, owner: kotlin.String, name: kotlin.String, descriptor: kotlin.String, isInterface: kotlin.Boolean): kotlin.Any declared in kotlin.jvm.internal' type=kotlin.Any origin=null
                                          tag: CONST Int type=kotlin.Int value=6
                                          owner: CONST String type=kotlin.String value="java/lang/invoke/LambdaMetafactory"
                                          name: CONST String type=kotlin.String value="metafactory"
                                          descriptor: CONST String type=kotlin.String value="(Ljava/lang/invoke/MethodHandles$Lookup;Ljava/lang/String;Ljava/lang/invoke/MethodType;Ljava/lang/invoke/MethodType;Ljava/lang/invoke/MethodHandle;Ljava/lang/invoke/MethodType;)Ljava/lang/invoke/CallSite;"
                                          isInterface: CONST Boolean type=kotlin.Boolean value=false
                                        bootstrapMethodArguments: VARARG type=kotlin.Array<kotlin.Any> varargElementType=kotlin.Any
                                          CALL 'public final fun <jvm-original-method-type> (method: kotlin.Any): kotlin.Any declared in kotlin.jvm.internal' type=kotlin.Any origin=null
                                            method: RAW_FUNCTION_REFERENCE 'public abstract fun invoke (p1: P1 of kotlin.Function1): R of kotlin.Function1 [operator] declared in kotlin.Function1' type=kotlin.Any
                                          RAW_FUNCTION_REFERENCE 'private final fun invoke$lambda$3$lambda$2$lambda$1$lambda$0 ($this$popUpTo: androidx.navigation.PopUpToBuilder): kotlin.Unit? declared in com.nuzio.newsapp.ui.MainActivity.onCreate.<no name provided>.invoke.<no name provided>.invoke$lambda$14$lambda$13.<no name provided>' type=kotlin.Any
                                          CALL 'public final fun <jvm-original-method-type> (method: kotlin.Any): kotlin.Any declared in kotlin.jvm.internal' type=kotlin.Any origin=null
                                            method: RAW_FUNCTION_REFERENCE 'public abstract fun invoke (p1: androidx.navigation.PopUpToBuilder): kotlin.Unit? [fake_override,operator] declared in kotlin.jvm.internal.invokeDynamic.<fake>' type=kotlin.Any
                              FUN LOCAL_FUNCTION_FOR_LAMBDA name:invoke$lambda$3$lambda$2 visibility:private modality:FINAL <> ($loginAuthViewModel:com.nuzio.newsapp.ui.viewmodel.AuthViewModel, $navController:androidx.navigation.NavHostController) returnType:kotlin.Unit?
                                VALUE_PARAMETER BOUND_VALUE_PARAMETER name:$loginAuthViewModel index:0 type:com.nuzio.newsapp.ui.viewmodel.AuthViewModel
                                VALUE_PARAMETER BOUND_VALUE_PARAMETER name:$navController index:1 type:androidx.navigation.NavHostController
                                BLOCK_BODY
                                  CALL 'public final fun checkCurrentUser (): kotlin.Unit declared in com.nuzio.newsapp.ui.viewmodel.AuthViewModel' type=kotlin.Unit origin=null
                                    $this: GET_VAR '$loginAuthViewModel: com.nuzio.newsapp.ui.viewmodel.AuthViewModel declared in com.nuzio.newsapp.ui.MainActivity.onCreate.<no name provided>.invoke.<no name provided>.invoke$lambda$14$lambda$13.<no name provided>.invoke$lambda$3$lambda$2' type=com.nuzio.newsapp.ui.viewmodel.AuthViewModel origin=null
                                  CALL 'public final fun navigate (route: kotlin.String, builder: @[ExtensionFunctionType] kotlin.Function1<androidx.navigation.NavOptionsBuilder, kotlin.Unit>): kotlin.Unit [fake_override] declared in androidx.navigation.NavHostController' type=kotlin.Unit origin=null
                                    $this: GET_VAR '$navController: androidx.navigation.NavHostController declared in com.nuzio.newsapp.ui.MainActivity.onCreate.<no name provided>.invoke.<no name provided>.invoke$lambda$14$lambda$13.<no name provided>.invoke$lambda$3$lambda$2' type=androidx.navigation.NavHostController origin=null
                                    route: CALL 'public final fun <get-route> (): kotlin.String [fake_override] declared in com.nuzio.newsapp.ui.Screen.NewsList' type=kotlin.String origin=GET_PROPERTY
                                      $this: GET_FIELD 'FIELD FIELD_FOR_OBJECT_INSTANCE name:INSTANCE type:com.nuzio.newsapp.ui.Screen.NewsList visibility:public [final,static] declared in com.nuzio.newsapp.ui.Screen.NewsList' type=com.nuzio.newsapp.ui.Screen.NewsList origin=null
                                    builder: BLOCK type=@[ExtensionFunctionType] kotlin.Function1<androidx.navigation.NavOptionsBuilder, kotlin.Unit> origin=LAMBDA
                                      COMPOSITE type=kotlin.Unit origin=null
                                      CALL 'public final fun <jvm-indy> <T> (dynamicCall: T of kotlin.jvm.internal.<jvm-indy>, bootstrapMethodHandle: kotlin.Any, vararg bootstrapMethodArguments: kotlin.Any): T of kotlin.jvm.internal.<jvm-indy> declared in kotlin.jvm.internal' type=@[ExtensionFunctionType] kotlin.Function1<androidx.navigation.NavOptionsBuilder, kotlin.Unit> origin=null
                                        <T>: @[ExtensionFunctionType] kotlin.Function1<androidx.navigation.NavOptionsBuilder, kotlin.Unit>
                                        dynamicCall: CALL 'public final fun invoke (): @[ExtensionFunctionType] kotlin.Function1<androidx.navigation.NavOptionsBuilder, kotlin.Unit> declared in kotlin.jvm.internal.invokeDynamic' type=@[ExtensionFunctionType] kotlin.Function1<androidx.navigation.NavOptionsBuilder, kotlin.Unit> origin=null
                                        bootstrapMethodHandle: CALL 'public final fun <jvm-method-handle> (tag: kotlin.Int, owner: kotlin.String, name: kotlin.String, descriptor: kotlin.String, isInterface: kotlin.Boolean): kotlin.Any declared in kotlin.jvm.internal' type=kotlin.Any origin=null
                                          tag: CONST Int type=kotlin.Int value=6
                                          owner: CONST String type=kotlin.String value="java/lang/invoke/LambdaMetafactory"
                                          name: CONST String type=kotlin.String value="metafactory"
                                          descriptor: CONST String type=kotlin.String value="(Ljava/lang/invoke/MethodHandles$Lookup;Ljava/lang/String;Ljava/lang/invoke/MethodType;Ljava/lang/invoke/MethodType;Ljava/lang/invoke/MethodHandle;Ljava/lang/invoke/MethodType;)Ljava/lang/invoke/CallSite;"
                                          isInterface: CONST Boolean type=kotlin.Boolean value=false
                                        bootstrapMethodArguments: VARARG type=kotlin.Array<kotlin.Any> varargElementType=kotlin.Any
                                          CALL 'public final fun <jvm-original-method-type> (method: kotlin.Any): kotlin.Any declared in kotlin.jvm.internal' type=kotlin.Any origin=null
                                            method: RAW_FUNCTION_REFERENCE 'public abstract fun invoke (p1: P1 of kotlin.Function1): R of kotlin.Function1 [operator] declared in kotlin.Function1' type=kotlin.Any
                                          RAW_FUNCTION_REFERENCE 'private final fun invoke$lambda$3$lambda$2$lambda$1 ($this$navigate: androidx.navigation.NavOptionsBuilder): kotlin.Unit? declared in com.nuzio.newsapp.ui.MainActivity.onCreate.<no name provided>.invoke.<no name provided>.invoke$lambda$14$lambda$13.<no name provided>' type=kotlin.Any
                                          CALL 'public final fun <jvm-original-method-type> (method: kotlin.Any): kotlin.Any declared in kotlin.jvm.internal' type=kotlin.Any origin=null
                                            method: RAW_FUNCTION_REFERENCE 'public abstract fun invoke (p1: androidx.navigation.NavOptionsBuilder): kotlin.Unit? [fake_override,operator] declared in kotlin.jvm.internal.invokeDynamic.<fake>' type=kotlin.Any
                              FUN INLINE_LAMBDA name:invoke$lambda$3 visibility:private modality:FINAL <> ($loginAuthViewModel:com.nuzio.newsapp.ui.viewmodel.AuthViewModel, $navController:androidx.navigation.NavHostController) returnType:kotlin.Function0<kotlin.Unit>
                                VALUE_PARAMETER BOUND_VALUE_PARAMETER name:$loginAuthViewModel index:0 type:com.nuzio.newsapp.ui.viewmodel.AuthViewModel
                                VALUE_PARAMETER BOUND_VALUE_PARAMETER name:$navController index:1 type:androidx.navigation.NavHostController
                                BLOCK_BODY
                                  VAR name:$i$a$-cache-MainActivity$onCreate$1$1$5$1$1$1 type:kotlin.Int [val]
                                    CONST Int type=kotlin.Int value=0
                                  RETURN type=kotlin.Nothing from='private final fun invoke$lambda$3 ($loginAuthViewModel: com.nuzio.newsapp.ui.viewmodel.AuthViewModel, $navController: androidx.navigation.NavHostController): kotlin.Function0<kotlin.Unit> declared in com.nuzio.newsapp.ui.MainActivity.onCreate.<no name provided>.invoke.<no name provided>.invoke$lambda$14$lambda$13.<no name provided>'
                                    BLOCK type=kotlin.Function0<kotlin.Unit> origin=LAMBDA
                                      COMPOSITE type=kotlin.Unit origin=null
                                      CALL 'public final fun <jvm-indy> <T> (dynamicCall: T of kotlin.jvm.internal.<jvm-indy>, bootstrapMethodHandle: kotlin.Any, vararg bootstrapMethodArguments: kotlin.Any): T of kotlin.jvm.internal.<jvm-indy> declared in kotlin.jvm.internal' type=kotlin.Function0<kotlin.Unit> origin=null
                                        <T>: kotlin.Function0<kotlin.Unit>
                                        dynamicCall: CALL 'public final fun invoke (p0: com.nuzio.newsapp.ui.viewmodel.AuthViewModel, p1: androidx.navigation.NavHostController): kotlin.Function0<kotlin.Unit> declared in kotlin.jvm.internal.invokeDynamic' type=kotlin.Function0<kotlin.Unit> origin=null
                                          p0: GET_VAR '$loginAuthViewModel: com.nuzio.newsapp.ui.viewmodel.AuthViewModel declared in com.nuzio.newsapp.ui.MainActivity.onCreate.<no name provided>.invoke.<no name provided>.invoke$lambda$14$lambda$13.<no name provided>.invoke$lambda$3' type=com.nuzio.newsapp.ui.viewmodel.AuthViewModel origin=null
                                          p1: GET_VAR '$navController: androidx.navigation.NavHostController declared in com.nuzio.newsapp.ui.MainActivity.onCreate.<no name provided>.invoke.<no name provided>.invoke$lambda$14$lambda$13.<no name provided>.invoke$lambda$3' type=androidx.navigation.NavHostController origin=null
                                        bootstrapMethodHandle: CALL 'public final fun <jvm-method-handle> (tag: kotlin.Int, owner: kotlin.String, name: kotlin.String, descriptor: kotlin.String, isInterface: kotlin.Boolean): kotlin.Any declared in kotlin.jvm.internal' type=kotlin.Any origin=null
                                          tag: CONST Int type=kotlin.Int value=6
                                          owner: CONST String type=kotlin.String value="java/lang/invoke/LambdaMetafactory"
                                          name: CONST String type=kotlin.String value="metafactory"
                                          descriptor: CONST String type=kotlin.String value="(Ljava/lang/invoke/MethodHandles$Lookup;Ljava/lang/String;Ljava/lang/invoke/MethodType;Ljava/lang/invoke/MethodType;Ljava/lang/invoke/MethodHandle;Ljava/lang/invoke/MethodType;)Ljava/lang/invoke/CallSite;"
                                          isInterface: CONST Boolean type=kotlin.Boolean value=false
                                        bootstrapMethodArguments: VARARG type=kotlin.Array<kotlin.Any> varargElementType=kotlin.Any
                                          CALL 'public final fun <jvm-original-method-type> (method: kotlin.Any): kotlin.Any declared in kotlin.jvm.internal' type=kotlin.Any origin=null
                                            method: RAW_FUNCTION_REFERENCE 'public abstract fun invoke (): R of kotlin.Function0 [operator] declared in kotlin.Function0' type=kotlin.Any
                                          RAW_FUNCTION_REFERENCE 'private final fun invoke$lambda$3$lambda$2 ($loginAuthViewModel: com.nuzio.newsapp.ui.viewmodel.AuthViewModel, $navController: androidx.navigation.NavHostController): kotlin.Unit? declared in com.nuzio.newsapp.ui.MainActivity.onCreate.<no name provided>.invoke.<no name provided>.invoke$lambda$14$lambda$13.<no name provided>' type=kotlin.Any
                                          CALL 'public final fun <jvm-original-method-type> (method: kotlin.Any): kotlin.Any declared in kotlin.jvm.internal' type=kotlin.Any origin=null
                                            method: RAW_FUNCTION_REFERENCE 'public abstract fun invoke (): kotlin.Unit? [fake_override,operator] declared in kotlin.jvm.internal.invokeDynamic.<fake>' type=kotlin.Any
                              FUN BRIDGE name:invoke visibility:public modality:OPEN <> ($this:com.nuzio.newsapp.ui.MainActivity.onCreate.<no name provided>.invoke.<no name provided>.invoke$lambda$14$lambda$13.<no name provided>, p1:kotlin.Any?, p2:kotlin.Any?, p3:kotlin.Any?, p4:kotlin.Any?) returnType:kotlin.Any?
                                $this: VALUE_PARAMETER INSTANCE_RECEIVER name:<this> type:com.nuzio.newsapp.ui.MainActivity.onCreate.<no name provided>.invoke.<no name provided>.invoke$lambda$14$lambda$13.<no name provided>
                                VALUE_PARAMETER BRIDGE name:p1 index:0 type:kotlin.Any?
                                VALUE_PARAMETER BRIDGE name:p2 index:1 type:kotlin.Any?
                                VALUE_PARAMETER BRIDGE name:p3 index:2 type:kotlin.Any?
                                VALUE_PARAMETER BRIDGE name:p4 index:3 type:kotlin.Any?
                                EXPRESSION_BODY
                                  RETURN type=kotlin.Nothing from='public open fun invoke (p1: kotlin.Any?, p2: kotlin.Any?, p3: kotlin.Any?, p4: kotlin.Any?): kotlin.Any? declared in com.nuzio.newsapp.ui.MainActivity.onCreate.<no name provided>.invoke.<no name provided>.invoke$lambda$14$lambda$13.<no name provided>'
                                    CALL 'public final fun invoke ($this$composable: androidx.compose.animation.AnimatedVisibilityScope, it: androidx.navigation.NavBackStackEntry, $composer: androidx.compose.runtime.Composer?, $changed: kotlin.Int): kotlin.Unit declared in com.nuzio.newsapp.ui.MainActivity.onCreate.<no name provided>.invoke.<no name provided>.invoke$lambda$14$lambda$13.<no name provided>' type=kotlin.Unit origin=BRIDGE_DELEGATION
                                      $this: GET_VAR '<this>: com.nuzio.newsapp.ui.MainActivity.onCreate.<no name provided>.invoke.<no name provided>.invoke$lambda$14$lambda$13.<no name provided> declared in com.nuzio.newsapp.ui.MainActivity.onCreate.<no name provided>.invoke.<no name provided>.invoke$lambda$14$lambda$13.<no name provided>.invoke' type=com.nuzio.newsapp.ui.MainActivity.onCreate.<no name provided>.invoke.<no name provided>.invoke$lambda$14$lambda$13.<no name provided> origin=null
                                      $this$composable: TYPE_OP type=androidx.compose.animation.AnimatedVisibilityScope origin=IMPLICIT_CAST typeOperand=androidx.compose.animation.AnimatedVisibilityScope
                                        GET_VAR 'p1: kotlin.Any? declared in com.nuzio.newsapp.ui.MainActivity.onCreate.<no name provided>.invoke.<no name provided>.invoke$lambda$14$lambda$13.<no name provided>.invoke' type=kotlin.Any? origin=null
                                      it: TYPE_OP type=androidx.navigation.NavBackStackEntry origin=IMPLICIT_CAST typeOperand=androidx.navigation.NavBackStackEntry
                                        GET_VAR 'p2: kotlin.Any? declared in com.nuzio.newsapp.ui.MainActivity.onCreate.<no name provided>.invoke.<no name provided>.invoke$lambda$14$lambda$13.<no name provided>.invoke' type=kotlin.Any? origin=null
                                      $composer: TYPE_OP type=androidx.compose.runtime.Composer origin=IMPLICIT_CAST typeOperand=androidx.compose.runtime.Composer
                                        GET_VAR 'p3: kotlin.Any? declared in com.nuzio.newsapp.ui.MainActivity.onCreate.<no name provided>.invoke.<no name provided>.invoke$lambda$14$lambda$13.<no name provided>.invoke' type=kotlin.Any? origin=null
                                      $changed: TYPE_OP type=kotlin.Int origin=IMPLICIT_CAST typeOperand=kotlin.Int
                                        GET_VAR 'p4: kotlin.Any? declared in com.nuzio.newsapp.ui.MainActivity.onCreate.<no name provided>.invoke.<no name provided>.invoke$lambda$14$lambda$13.<no name provided>.invoke' type=kotlin.Any? origin=null
                            CONSTRUCTOR_CALL 'public/*package*/ constructor <init> (this$0: com.nuzio.newsapp.ui.MainActivity, $navController: androidx.navigation.NavHostController) [primary] declared in com.nuzio.newsapp.ui.MainActivity.onCreate.<no name provided>.invoke.<no name provided>.invoke$lambda$14$lambda$13.<no name provided>' type=com.nuzio.newsapp.ui.MainActivity.onCreate.<no name provided>.invoke.<no name provided>.invoke$lambda$14$lambda$13.<no name provided> origin=null
                              this$0: GET_VAR 'this$0: com.nuzio.newsapp.ui.MainActivity declared in com.nuzio.newsapp.ui.MainActivity.onCreate.<no name provided>.invoke.<no name provided>.invoke$lambda$14$lambda$13' type=com.nuzio.newsapp.ui.MainActivity origin=null
                              $navController: GET_VAR '$navController: androidx.navigation.NavHostController declared in com.nuzio.newsapp.ui.MainActivity.onCreate.<no name provided>.invoke.<no name provided>.invoke$lambda$14$lambda$13' type=androidx.navigation.NavHostController origin=null
                        $mask0: CONST Int type=kotlin.Int value=126
                        $handler: CONST Null type=kotlin.Any? value=null
                      CALL 'public final fun composable$default (route: kotlin.String, arguments: kotlin.collections.List<androidx.navigation.NamedNavArgument>?, deepLinks: kotlin.collections.List<androidx.navigation.NavDeepLink>?, enterTransition: @[ExtensionFunctionType] kotlin.Function1<IrErrorType(null), androidx.compose.animation.EnterTransition?>?, exitTransition: @[ExtensionFunctionType] kotlin.Function1<IrErrorType(null), androidx.compose.animation.ExitTransition?>?, popEnterTransition: @[ExtensionFunctionType] kotlin.Function1<IrErrorType(null), androidx.compose.animation.EnterTransition?>?, popExitTransition: @[ExtensionFunctionType] kotlin.Function1<IrErrorType(null), androidx.compose.animation.ExitTransition?>?, content: @[ExtensionFunctionType] kotlin.Function4<androidx.compose.animation.AnimatedVisibilityScope, androidx.navigation.NavBackStackEntry, androidx.compose.runtime.Composer, kotlin.Int, kotlin.Unit>, $mask0: kotlin.Int, $handler: kotlin.Any?): kotlin.Unit declared in com.google.accompanist.navigation.animation.NavGraphBuilderKt' type=kotlin.Unit origin=DEFAULT_DISPATCH_CALL
                        $receiver: GET_VAR '$this$AnimatedNavHost: androidx.navigation.NavGraphBuilder declared in com.nuzio.newsapp.ui.MainActivity.onCreate.<no name provided>.invoke.<no name provided>.invoke$lambda$14$lambda$13' type=androidx.navigation.NavGraphBuilder origin=null
                        route: CALL 'public final fun <get-route> (): kotlin.String [fake_override] declared in com.nuzio.newsapp.ui.Screen.NewsList' type=kotlin.String origin=GET_PROPERTY
                          $this: GET_FIELD 'FIELD FIELD_FOR_OBJECT_INSTANCE name:INSTANCE type:com.nuzio.newsapp.ui.Screen.NewsList visibility:public [final,static] declared in com.nuzio.newsapp.ui.Screen.NewsList' type=com.nuzio.newsapp.ui.Screen.NewsList origin=null
                        arguments: COMPOSITE type=kotlin.collections.List<androidx.navigation.NamedNavArgument>? origin=DEFAULT_VALUE
                          CONST Null type=kotlin.collections.List<androidx.navigation.NamedNavArgument>? value=null
                        deepLinks: COMPOSITE type=kotlin.collections.List<androidx.navigation.NavDeepLink>? origin=DEFAULT_VALUE
                          CONST Null type=kotlin.collections.List<androidx.navigation.NavDeepLink>? value=null
                        enterTransition: COMPOSITE type=@[ExtensionFunctionType] kotlin.Function1<IrErrorType(null), androidx.compose.animation.EnterTransition?>? origin=DEFAULT_VALUE
                          CONST Null type=@[ExtensionFunctionType] kotlin.Function1<IrErrorType(null), androidx.compose.animation.EnterTransition?>? value=null
                        exitTransition: COMPOSITE type=@[ExtensionFunctionType] kotlin.Function1<IrErrorType(null), androidx.compose.animation.ExitTransition?>? origin=DEFAULT_VALUE
                          CONST Null type=@[ExtensionFunctionType] kotlin.Function1<IrErrorType(null), androidx.compose.animation.ExitTransition?>? value=null
                        popEnterTransition: COMPOSITE type=@[ExtensionFunctionType] kotlin.Function1<IrErrorType(null), androidx.compose.animation.EnterTransition?>? origin=DEFAULT_VALUE
                          CONST Null type=@[ExtensionFunctionType] kotlin.Function1<IrErrorType(null), androidx.compose.animation.EnterTransition?>? value=null
                        popExitTransition: COMPOSITE type=@[ExtensionFunctionType] kotlin.Function1<IrErrorType(null), androidx.compose.animation.ExitTransition?>? origin=DEFAULT_VALUE
                          CONST Null type=@[ExtensionFunctionType] kotlin.Function1<IrErrorType(null), androidx.compose.animation.ExitTransition?>? value=null
                        content: CALL 'public final fun composableLambdaInstance (key: kotlin.Int, tracked: kotlin.Boolean, block: kotlin.Any): androidx.compose.runtime.internal.ComposableLambda declared in androidx.compose.runtime.internal.ComposableLambdaKt' type=androidx.compose.runtime.internal.ComposableLambda origin=null
                          key: CONST Int type=kotlin.Int value=382445300
                          tracked: CONST Boolean type=kotlin.Boolean value=true
                          block: BLOCK type=com.nuzio.newsapp.ui.MainActivity.onCreate.<no name provided>.invoke.<no name provided>.invoke$lambda$14$lambda$13.<no name provided> origin=null
                            CLASS LAMBDA_IMPL CLASS name:<no name provided> modality:FINAL visibility:public/*package*/ superTypes:[kotlin.Any; kotlin.Function4<androidx.compose.animation.AnimatedVisibilityScope, androidx.navigation.NavBackStackEntry, androidx.compose.runtime.Composer, kotlin.Int, kotlin.Unit>]
                              $this: VALUE_PARAMETER INSTANCE_RECEIVER name:<this> type:com.nuzio.newsapp.ui.MainActivity.onCreate.<no name provided>.invoke.<no name provided>.invoke$lambda$14$lambda$13.<no name provided>
                              CONSTRUCTOR GENERATED_MEMBER_IN_CALLABLE_REFERENCE visibility:public/*package*/ <> (this$0:com.nuzio.newsapp.ui.MainActivity, $navController:androidx.navigation.NavHostController) returnType:com.nuzio.newsapp.ui.MainActivity.onCreate.<no name provided>.invoke.<no name provided>.invoke$lambda$14$lambda$13.<no name provided> [primary]
                                VALUE_PARAMETER BOUND_RECEIVER_PARAMETER name:this$0 index:0 type:com.nuzio.newsapp.ui.MainActivity
                                VALUE_PARAMETER BOUND_VALUE_PARAMETER name:$navController index:1 type:androidx.navigation.NavHostController
                                BLOCK_BODY
                                  SET_FIELD 'FIELD FIELD_FOR_CAPTURED_VALUE name:this$0 type:com.nuzio.newsapp.ui.MainActivity visibility:public/*package*/ [final] declared in com.nuzio.newsapp.ui.MainActivity.onCreate.<no name provided>.invoke.<no name provided>.invoke$lambda$14$lambda$13.<no name provided>' type=kotlin.Unit origin=INITIALIZER_OF_FIELD_FOR_CAPTURED_VALUE
                                    receiver: GET_VAR '<this>: com.nuzio.newsapp.ui.MainActivity.onCreate.<no name provided>.invoke.<no name provided>.invoke$lambda$14$lambda$13.<no name provided> declared in com.nuzio.newsapp.ui.MainActivity.onCreate.<no name provided>.invoke.<no name provided>.invoke$lambda$14$lambda$13.<no name provided>' type=com.nuzio.newsapp.ui.MainActivity.onCreate.<no name provided>.invoke.<no name provided>.invoke$lambda$14$lambda$13.<no name provided> origin=null
                                    value: GET_VAR 'this$0: com.nuzio.newsapp.ui.MainActivity declared in com.nuzio.newsapp.ui.MainActivity.onCreate.<no name provided>.invoke.<no name provided>.invoke$lambda$14$lambda$13.<no name provided>.<init>' type=com.nuzio.newsapp.ui.MainActivity origin=null
                                  SET_FIELD 'FIELD FIELD_FOR_CAPTURED_VALUE name:$navController type:androidx.navigation.NavHostController visibility:public/*package*/ [final] declared in com.nuzio.newsapp.ui.MainActivity.onCreate.<no name provided>.invoke.<no name provided>.invoke$lambda$14$lambda$13.<no name provided>' type=kotlin.Unit origin=INITIALIZER_OF_FIELD_FOR_CAPTURED_VALUE
                                    receiver: GET_VAR '<this>: com.nuzio.newsapp.ui.MainActivity.onCreate.<no name provided>.invoke.<no name provided>.invoke$lambda$14$lambda$13.<no name provided> declared in com.nuzio.newsapp.ui.MainActivity.onCreate.<no name provided>.invoke.<no name provided>.invoke$lambda$14$lambda$13.<no name provided>' type=com.nuzio.newsapp.ui.MainActivity.onCreate.<no name provided>.invoke.<no name provided>.invoke$lambda$14$lambda$13.<no name provided> origin=null
                                    value: GET_VAR '$navController: androidx.navigation.NavHostController declared in com.nuzio.newsapp.ui.MainActivity.onCreate.<no name provided>.invoke.<no name provided>.invoke$lambda$14$lambda$13.<no name provided>.<init>' type=androidx.navigation.NavHostController origin=null
                                  DELEGATING_CONSTRUCTOR_CALL 'public constructor <init> () [primary] declared in kotlin.Any'
                                  BLOCK type=kotlin.Unit origin=null
                              FUN name:invoke visibility:public modality:FINAL <> ($this:com.nuzio.newsapp.ui.MainActivity.onCreate.<no name provided>.invoke.<no name provided>.invoke$lambda$14$lambda$13.<no name provided>, $this$composable:androidx.compose.animation.AnimatedVisibilityScope, it:androidx.navigation.NavBackStackEntry, $composer:androidx.compose.runtime.Composer?, $changed:kotlin.Int) returnType:kotlin.Unit
                                annotations:
                                  Composable
                                  ComposableTarget(applier = "androidx.compose.ui.UiComposable")
                                overridden:
                                  public abstract fun invoke (p1: P1 of kotlin.Function4, p2: P2 of kotlin.Function4, p3: P3 of kotlin.Function4, p4: P4 of kotlin.Function4): R of kotlin.Function4 [operator] declared in kotlin.Function4
                                $this: VALUE_PARAMETER INSTANCE_RECEIVER name:<this> type:com.nuzio.newsapp.ui.MainActivity.onCreate.<no name provided>.invoke.<no name provided>.invoke$lambda$14$lambda$13.<no name provided>
                                VALUE_PARAMETER name:$this$composable index:0 type:androidx.compose.animation.AnimatedVisibilityScope
                                VALUE_PARAMETER name:it index:1 type:androidx.navigation.NavBackStackEntry
                                VALUE_PARAMETER name:$composer index:2 type:androidx.compose.runtime.Composer? [assignable]
                                VALUE_PARAMETER name:$changed index:3 type:kotlin.Int
                                BLOCK_BODY
                                  CALL 'public final fun sourceInformation (composer: androidx.compose.runtime.Composer, sourceInformation: kotlin.String): kotlin.Unit declared in androidx.compose.runtime.ComposerKt' type=kotlin.Unit origin=null
                                    composer: GET_VAR '$composer: androidx.compose.runtime.Composer? [assignable] declared in com.nuzio.newsapp.ui.MainActivity.onCreate.<no name provided>.invoke.<no name provided>.invoke$lambda$14$lambda$13.<no name provided>.invoke' type=androidx.compose.runtime.Composer? origin=null
                                    sourceInformation: CONST String type=kotlin.String value="C100@4251L15,101@4330L15,106@4551L589,103@4371L795:MainActivity.kt#mzidje"
                                  COMPOSITE type=kotlin.Unit origin=null
                                    WHEN type=kotlin.Unit origin=IF
                                      BRANCH
                                        if: CALL 'public final fun isTraceInProgress (): kotlin.Boolean declared in androidx.compose.runtime.ComposerKt' type=kotlin.Boolean origin=null
                                        then: CALL 'public final fun traceEventStart (key: kotlin.Int, dirty1: kotlin.Int, dirty2: kotlin.Int, info: kotlin.String): kotlin.Unit declared in androidx.compose.runtime.ComposerKt' type=kotlin.Unit origin=null
                                          key: CONST Int type=kotlin.Int value=382445300
                                          dirty1: GET_VAR '$changed: kotlin.Int declared in com.nuzio.newsapp.ui.MainActivity.onCreate.<no name provided>.invoke.<no name provided>.invoke$lambda$14$lambda$13.<no name provided>.invoke' type=kotlin.Int origin=null
                                          dirty2: CONST Int type=kotlin.Int value=-1
                                          info: CONST String type=kotlin.String value="com.nuzio.newsapp.ui.MainActivity.onCreate.<anonymous>.<anonymous>.<anonymous>.<anonymous>.<anonymous> (MainActivity.kt:100)"
                                    VAR name:newsViewModel type:com.nuzio.newsapp.ui.viewmodel.NewsViewModel [val]
                                      CALL 'public final fun hiltViewModel <VM> (viewModelStoreOwner: androidx.lifecycle.ViewModelStoreOwner?, key: kotlin.String?, $composer: androidx.compose.runtime.Composer?, $changed: kotlin.Int, $default: kotlin.Int): VM of androidx.hilt.navigation.compose.HiltViewModelKt.hiltViewModel [inline] declared in androidx.hilt.navigation.compose.HiltViewModelKt' type=com.nuzio.newsapp.ui.viewmodel.NewsViewModel origin=null
                                        <VM>: com.nuzio.newsapp.ui.viewmodel.NewsViewModel
                                        viewModelStoreOwner: COMPOSITE type=kotlin.Nothing? origin=DEFAULT_VALUE
                                          CONST Null type=kotlin.Nothing? value=null
                                        key: COMPOSITE type=kotlin.Nothing? origin=DEFAULT_VALUE
                                          CONST Null type=kotlin.Nothing? value=null
                                        $composer: GET_VAR '$composer: androidx.compose.runtime.Composer? [assignable] declared in com.nuzio.newsapp.ui.MainActivity.onCreate.<no name provided>.invoke.<no name provided>.invoke$lambda$14$lambda$13.<no name provided>.invoke' type=androidx.compose.runtime.Composer? origin=null
                                        $changed: CONST Int type=kotlin.Int value=0
                                        $default: CONST Int type=kotlin.Int value=3
                                    VAR name:newsAuthViewModel type:com.nuzio.newsapp.ui.viewmodel.AuthViewModel [val]
                                      CALL 'public final fun hiltViewModel <VM> (viewModelStoreOwner: androidx.lifecycle.ViewModelStoreOwner?, key: kotlin.String?, $composer: androidx.compose.runtime.Composer?, $changed: kotlin.Int, $default: kotlin.Int): VM of androidx.hilt.navigation.compose.HiltViewModelKt.hiltViewModel [inline] declared in androidx.hilt.navigation.compose.HiltViewModelKt' type=com.nuzio.newsapp.ui.viewmodel.AuthViewModel origin=null
                                        <VM>: com.nuzio.newsapp.ui.viewmodel.AuthViewModel
                                        viewModelStoreOwner: COMPOSITE type=kotlin.Nothing? origin=DEFAULT_VALUE
                                          CONST Null type=kotlin.Nothing? value=null
                                        key: COMPOSITE type=kotlin.Nothing? origin=DEFAULT_VALUE
                                          CONST Null type=kotlin.Nothing? value=null
                                        $composer: GET_VAR '$composer: androidx.compose.runtime.Composer? [assignable] declared in com.nuzio.newsapp.ui.MainActivity.onCreate.<no name provided>.invoke.<no name provided>.invoke$lambda$14$lambda$13.<no name provided>.invoke' type=androidx.compose.runtime.Composer? origin=null
                                        $changed: CONST Int type=kotlin.Int value=0
                                        $default: CONST Int type=kotlin.Int value=3
                                    CALL 'public final fun NewsListScreen (viewModel: com.nuzio.newsapp.ui.viewmodel.NewsViewModel, authViewModel: com.nuzio.newsapp.ui.viewmodel.AuthViewModel, onLogoutSuccess: kotlin.Function0<kotlin.Unit>, $composer: androidx.compose.runtime.Composer?, $changed: kotlin.Int): kotlin.Unit declared in com.nuzio.newsapp.ui.screens.NewsListScreenKt' type=kotlin.Unit origin=null
                                      viewModel: GET_VAR 'val newsViewModel: com.nuzio.newsapp.ui.viewmodel.NewsViewModel [val] declared in com.nuzio.newsapp.ui.MainActivity.onCreate.<no name provided>.invoke.<no name provided>.invoke$lambda$14$lambda$13.<no name provided>.invoke' type=com.nuzio.newsapp.ui.viewmodel.NewsViewModel origin=null
                                      authViewModel: GET_VAR 'val newsAuthViewModel: com.nuzio.newsapp.ui.viewmodel.AuthViewModel [val] declared in com.nuzio.newsapp.ui.MainActivity.onCreate.<no name provided>.invoke.<no name provided>.invoke$lambda$14$lambda$13.<no name provided>.invoke' type=com.nuzio.newsapp.ui.viewmodel.AuthViewModel origin=null
                                      onLogoutSuccess: BLOCK type=kotlin.Function0<kotlin.Unit> origin=null
                                        BLOCK type=kotlin.Unit origin=null
                                          CALL 'public abstract fun startReplaceGroup (key: kotlin.Int): kotlin.Unit declared in androidx.compose.runtime.Composer' type=kotlin.Unit origin=null
                                            $this: GET_VAR '$composer: androidx.compose.runtime.Composer? [assignable] declared in com.nuzio.newsapp.ui.MainActivity.onCreate.<no name provided>.invoke.<no name provided>.invoke$lambda$14$lambda$13.<no name provided>.invoke' type=androidx.compose.runtime.Composer? origin=null
                                            key: CONST Int type=kotlin.Int value=1742014801
                                          CALL 'public final fun sourceInformation (composer: androidx.compose.runtime.Composer, sourceInformation: kotlin.String): kotlin.Unit declared in androidx.compose.runtime.ComposerKt' type=kotlin.Unit origin=null
                                            composer: GET_VAR '$composer: androidx.compose.runtime.Composer? [assignable] declared in com.nuzio.newsapp.ui.MainActivity.onCreate.<no name provided>.invoke.<no name provided>.invoke$lambda$14$lambda$13.<no name provided>.invoke' type=androidx.compose.runtime.Composer? origin=null
                                            sourceInformation: CONST String type=kotlin.String value="CC(remember):MainActivity.kt#9igjgp"
                                        VAR IR_TEMPORARY_VARIABLE name:tmp0_group type:kotlin.Function0<kotlin.Unit> [val]
                                          CALL 'public final fun cache <T> (invalid: kotlin.Boolean, block: @[DisallowComposableCalls] kotlin.Function0<T of androidx.compose.runtime.ComposerKt.cache>): T of androidx.compose.runtime.ComposerKt.cache [inline] declared in androidx.compose.runtime.ComposerKt' type=kotlin.Function0<kotlin.Unit> origin=null
                                            <T>: kotlin.Function0<kotlin.Unit>
                                            $receiver: GET_VAR '$composer: androidx.compose.runtime.Composer? [assignable] declared in com.nuzio.newsapp.ui.MainActivity.onCreate.<no name provided>.invoke.<no name provided>.invoke$lambda$14$lambda$13.<no name provided>.invoke' type=androidx.compose.runtime.Composer? origin=null
                                            invalid: CALL 'public final fun or (other: kotlin.Boolean): kotlin.Boolean [infix] declared in kotlin.Boolean' type=kotlin.Boolean origin=null
                                              $this: CALL 'public final fun or (other: kotlin.Boolean): kotlin.Boolean [infix] declared in kotlin.Boolean' type=kotlin.Boolean origin=null
                                                $this: CALL 'public open fun changedInstance (value: kotlin.Any?): kotlin.Boolean declared in androidx.compose.runtime.Composer' type=kotlin.Boolean origin=null
                                                  $this: GET_VAR '$composer: androidx.compose.runtime.Composer? [assignable] declared in com.nuzio.newsapp.ui.MainActivity.onCreate.<no name provided>.invoke.<no name provided>.invoke$lambda$14$lambda$13.<no name provided>.invoke' type=androidx.compose.runtime.Composer? origin=null
                                                  value: GET_FIELD 'FIELD FIELD_FOR_CAPTURED_VALUE name:this$0 type:com.nuzio.newsapp.ui.MainActivity visibility:public/*package*/ [final] declared in com.nuzio.newsapp.ui.MainActivity.onCreate.<no name provided>.invoke.<no name provided>.invoke$lambda$14$lambda$13.<no name provided>' type=com.nuzio.newsapp.ui.MainActivity origin=null
                                                    receiver: GET_VAR '<this>: com.nuzio.newsapp.ui.MainActivity.onCreate.<no name provided>.invoke.<no name provided>.invoke$lambda$14$lambda$13.<no name provided> declared in com.nuzio.newsapp.ui.MainActivity.onCreate.<no name provided>.invoke.<no name provided>.invoke$lambda$14$lambda$13.<no name provided>.invoke' type=com.nuzio.newsapp.ui.MainActivity.onCreate.<no name provided>.invoke.<no name provided>.invoke$lambda$14$lambda$13.<no name provided> origin=null
                                                other: CALL 'public open fun changedInstance (value: kotlin.Any?): kotlin.Boolean declared in androidx.compose.runtime.Composer' type=kotlin.Boolean origin=null
                                                  $this: GET_VAR '$composer: androidx.compose.runtime.Composer? [assignable] declared in com.nuzio.newsapp.ui.MainActivity.onCreate.<no name provided>.invoke.<no name provided>.invoke$lambda$14$lambda$13.<no name provided>.invoke' type=androidx.compose.runtime.Composer? origin=null
                                                  value: GET_VAR 'val newsAuthViewModel: com.nuzio.newsapp.ui.viewmodel.AuthViewModel [val] declared in com.nuzio.newsapp.ui.MainActivity.onCreate.<no name provided>.invoke.<no name provided>.invoke$lambda$14$lambda$13.<no name provided>.invoke' type=com.nuzio.newsapp.ui.viewmodel.AuthViewModel origin=null
                                              other: CALL 'public open fun changedInstance (value: kotlin.Any?): kotlin.Boolean declared in androidx.compose.runtime.Composer' type=kotlin.Boolean origin=null
                                                $this: GET_VAR '$composer: androidx.compose.runtime.Composer? [assignable] declared in com.nuzio.newsapp.ui.MainActivity.onCreate.<no name provided>.invoke.<no name provided>.invoke$lambda$14$lambda$13.<no name provided>.invoke' type=androidx.compose.runtime.Composer? origin=null
                                                value: GET_FIELD 'FIELD FIELD_FOR_CAPTURED_VALUE name:$navController type:androidx.navigation.NavHostController visibility:public/*package*/ [final] declared in com.nuzio.newsapp.ui.MainActivity.onCreate.<no name provided>.invoke.<no name provided>.invoke$lambda$14$lambda$13.<no name provided>' type=androidx.navigation.NavHostController origin=null
                                                  receiver: GET_VAR '<this>: com.nuzio.newsapp.ui.MainActivity.onCreate.<no name provided>.invoke.<no name provided>.invoke$lambda$14$lambda$13.<no name provided> declared in com.nuzio.newsapp.ui.MainActivity.onCreate.<no name provided>.invoke.<no name provided>.invoke$lambda$14$lambda$13.<no name provided>.invoke' type=com.nuzio.newsapp.ui.MainActivity.onCreate.<no name provided>.invoke.<no name provided>.invoke$lambda$14$lambda$13.<no name provided> origin=null
                                            block: BLOCK type=kotlin.Function0<kotlin.Function0<kotlin.Unit>> origin=LAMBDA
                                              COMPOSITE type=kotlin.Unit origin=null
                                              FUNCTION_REFERENCE 'private final fun invoke$lambda$3 (this$0: com.nuzio.newsapp.ui.MainActivity, $navController: androidx.navigation.NavHostController, $newsAuthViewModel: com.nuzio.newsapp.ui.viewmodel.AuthViewModel): kotlin.Function0<kotlin.Unit> declared in com.nuzio.newsapp.ui.MainActivity.onCreate.<no name provided>.invoke.<no name provided>.invoke$lambda$14$lambda$13.<no name provided>' type=kotlin.Function0<kotlin.Function0<kotlin.Unit>> origin=INLINE_LAMBDA reflectionTarget=null
                                                this$0: GET_FIELD 'FIELD FIELD_FOR_CAPTURED_VALUE name:this$0 type:com.nuzio.newsapp.ui.MainActivity visibility:public/*package*/ [final] declared in com.nuzio.newsapp.ui.MainActivity.onCreate.<no name provided>.invoke.<no name provided>.invoke$lambda$14$lambda$13.<no name provided>' type=com.nuzio.newsapp.ui.MainActivity origin=null
                                                  receiver: GET_VAR '<this>: com.nuzio.newsapp.ui.MainActivity.onCreate.<no name provided>.invoke.<no name provided>.invoke$lambda$14$lambda$13.<no name provided> declared in com.nuzio.newsapp.ui.MainActivity.onCreate.<no name provided>.invoke.<no name provided>.invoke$lambda$14$lambda$13.<no name provided>.invoke' type=com.nuzio.newsapp.ui.MainActivity.onCreate.<no name provided>.invoke.<no name provided>.invoke$lambda$14$lambda$13.<no name provided> origin=null
                                                $navController: GET_FIELD 'FIELD FIELD_FOR_CAPTURED_VALUE name:$navController type:androidx.navigation.NavHostController visibility:public/*package*/ [final] declared in com.nuzio.newsapp.ui.MainActivity.onCreate.<no name provided>.invoke.<no name provided>.invoke$lambda$14$lambda$13.<no name provided>' type=androidx.navigation.NavHostController origin=null
                                                  receiver: GET_VAR '<this>: com.nuzio.newsapp.ui.MainActivity.onCreate.<no name provided>.invoke.<no name provided>.invoke$lambda$14$lambda$13.<no name provided> declared in com.nuzio.newsapp.ui.MainActivity.onCreate.<no name provided>.invoke.<no name provided>.invoke$lambda$14$lambda$13.<no name provided>.invoke' type=com.nuzio.newsapp.ui.MainActivity.onCreate.<no name provided>.invoke.<no name provided>.invoke$lambda$14$lambda$13.<no name provided> origin=null
                                                $newsAuthViewModel: GET_VAR 'val newsAuthViewModel: com.nuzio.newsapp.ui.viewmodel.AuthViewModel [val] declared in com.nuzio.newsapp.ui.MainActivity.onCreate.<no name provided>.invoke.<no name provided>.invoke$lambda$14$lambda$13.<no name provided>.invoke' type=com.nuzio.newsapp.ui.viewmodel.AuthViewModel origin=null
                                        CALL 'public abstract fun endReplaceGroup (): kotlin.Unit declared in androidx.compose.runtime.Composer' type=kotlin.Unit origin=null
                                          $this: GET_VAR '$composer: androidx.compose.runtime.Composer? [assignable] declared in com.nuzio.newsapp.ui.MainActivity.onCreate.<no name provided>.invoke.<no name provided>.invoke$lambda$14$lambda$13.<no name provided>.invoke' type=androidx.compose.runtime.Composer? origin=null
                                        GET_VAR 'val tmp0_group: kotlin.Function0<kotlin.Unit> [val] declared in com.nuzio.newsapp.ui.MainActivity.onCreate.<no name provided>.invoke.<no name provided>.invoke$lambda$14$lambda$13.<no name provided>.invoke' type=kotlin.Function0<kotlin.Unit> origin=null
                                      $composer: GET_VAR '$composer: androidx.compose.runtime.Composer? [assignable] declared in com.nuzio.newsapp.ui.MainActivity.onCreate.<no name provided>.invoke.<no name provided>.invoke$lambda$14$lambda$13.<no name provided>.invoke' type=androidx.compose.runtime.Composer? origin=null
                                      $changed: CALL 'public final fun or (other: kotlin.Int): kotlin.Int [infix] declared in kotlin.Int' type=kotlin.Int origin=null
                                        $this: GET_FIELD 'FIELD name:$stable type:kotlin.Int visibility:public [final,static] declared in com.nuzio.newsapp.ui.viewmodel.NewsViewModel' type=kotlin.Int origin=null
                                        other: CALL 'public final fun shl (bitCount: kotlin.Int): kotlin.Int [infix] declared in kotlin.Int' type=kotlin.Int origin=null
                                          $this: GET_FIELD 'FIELD name:$stable type:kotlin.Int visibility:public [final,static] declared in com.nuzio.newsapp.ui.viewmodel.AuthViewModel' type=kotlin.Int origin=null
                                          bitCount: CONST Int type=kotlin.Int value=3
                                    WHEN type=kotlin.Unit origin=IF
                                      BRANCH
                                        if: CALL 'public final fun isTraceInProgress (): kotlin.Boolean declared in androidx.compose.runtime.ComposerKt' type=kotlin.Boolean origin=null
                                        then: CALL 'public final fun traceEventEnd (): kotlin.Unit declared in androidx.compose.runtime.ComposerKt' type=kotlin.Unit origin=null
                              FIELD FIELD_FOR_CAPTURED_VALUE name:this$0 type:com.nuzio.newsapp.ui.MainActivity visibility:public/*package*/ [final]
                              FIELD FIELD_FOR_CAPTURED_VALUE name:$navController type:androidx.navigation.NavHostController visibility:public/*package*/ [final]
                              FUN LOCAL_FUNCTION_FOR_LAMBDA name:invoke$lambda$3$lambda$2$lambda$1$lambda$0 visibility:private modality:FINAL <> ($this$popUpTo:androidx.navigation.PopUpToBuilder) returnType:kotlin.Unit?
                                VALUE_PARAMETER name:$this$popUpTo index:0 type:androidx.navigation.PopUpToBuilder
                                BLOCK_BODY
                                  CALL 'public final fun <set-inclusive> (value: kotlin.Boolean): kotlin.Unit declared in androidx.navigation.PopUpToBuilder' type=kotlin.Unit origin=EQ
                                    $this: GET_VAR '$this$popUpTo: androidx.navigation.PopUpToBuilder declared in com.nuzio.newsapp.ui.MainActivity.onCreate.<no name provided>.invoke.<no name provided>.invoke$lambda$14$lambda$13.<no name provided>.invoke$lambda$3$lambda$2$lambda$1$lambda$0' type=androidx.navigation.PopUpToBuilder origin=null
                                    value: CONST Boolean type=kotlin.Boolean value=true
                              FUN LOCAL_FUNCTION_FOR_LAMBDA name:invoke$lambda$3$lambda$2$lambda$1 visibility:private modality:FINAL <> ($this$navigate:androidx.navigation.NavOptionsBuilder) returnType:kotlin.Unit?
                                VALUE_PARAMETER name:$this$navigate index:0 type:androidx.navigation.NavOptionsBuilder
                                BLOCK_BODY
                                  CALL 'public final fun popUpTo (route: kotlin.String, popUpToBuilder: @[ExtensionFunctionType] kotlin.Function1<androidx.navigation.PopUpToBuilder, kotlin.Unit>): kotlin.Unit declared in androidx.navigation.NavOptionsBuilder' type=kotlin.Unit origin=null
                                    $this: GET_VAR '$this$navigate: androidx.navigation.NavOptionsBuilder declared in com.nuzio.newsapp.ui.MainActivity.onCreate.<no name provided>.invoke.<no name provided>.invoke$lambda$14$lambda$13.<no name provided>.invoke$lambda$3$lambda$2$lambda$1' type=androidx.navigation.NavOptionsBuilder origin=null
                                    route: CALL 'public final fun <get-route> (): kotlin.String [fake_override] declared in com.nuzio.newsapp.ui.Screen.NewsList' type=kotlin.String origin=GET_PROPERTY
                                      $this: GET_FIELD 'FIELD FIELD_FOR_OBJECT_INSTANCE name:INSTANCE type:com.nuzio.newsapp.ui.Screen.NewsList visibility:public [final,static] declared in com.nuzio.newsapp.ui.Screen.NewsList' type=com.nuzio.newsapp.ui.Screen.NewsList origin=null
                                    popUpToBuilder: BLOCK type=@[ExtensionFunctionType] kotlin.Function1<androidx.navigation.PopUpToBuilder, kotlin.Unit> origin=LAMBDA
                                      COMPOSITE type=kotlin.Unit origin=null
                                      CALL 'public final fun <jvm-indy> <T> (dynamicCall: T of kotlin.jvm.internal.<jvm-indy>, bootstrapMethodHandle: kotlin.Any, vararg bootstrapMethodArguments: kotlin.Any): T of kotlin.jvm.internal.<jvm-indy> declared in kotlin.jvm.internal' type=@[ExtensionFunctionType] kotlin.Function1<androidx.navigation.PopUpToBuilder, kotlin.Unit> origin=null
                                        <T>: @[ExtensionFunctionType] kotlin.Function1<androidx.navigation.PopUpToBuilder, kotlin.Unit>
                                        dynamicCall: CALL 'public final fun invoke (): @[ExtensionFunctionType] kotlin.Function1<androidx.navigation.PopUpToBuilder, kotlin.Unit> declared in kotlin.jvm.internal.invokeDynamic' type=@[ExtensionFunctionType] kotlin.Function1<androidx.navigation.PopUpToBuilder, kotlin.Unit> origin=null
                                        bootstrapMethodHandle: CALL 'public final fun <jvm-method-handle> (tag: kotlin.Int, owner: kotlin.String, name: kotlin.String, descriptor: kotlin.String, isInterface: kotlin.Boolean): kotlin.Any declared in kotlin.jvm.internal' type=kotlin.Any origin=null
                                          tag: CONST Int type=kotlin.Int value=6
                                          owner: CONST String type=kotlin.String value="java/lang/invoke/LambdaMetafactory"
                                          name: CONST String type=kotlin.String value="metafactory"
                                          descriptor: CONST String type=kotlin.String value="(Ljava/lang/invoke/MethodHandles$Lookup;Ljava/lang/String;Ljava/lang/invoke/MethodType;Ljava/lang/invoke/MethodType;Ljava/lang/invoke/MethodHandle;Ljava/lang/invoke/MethodType;)Ljava/lang/invoke/CallSite;"
                                          isInterface: CONST Boolean type=kotlin.Boolean value=false
                                        bootstrapMethodArguments: VARARG type=kotlin.Array<kotlin.Any> varargElementType=kotlin.Any
                                          CALL 'public final fun <jvm-original-method-type> (method: kotlin.Any): kotlin.Any declared in kotlin.jvm.internal' type=kotlin.Any origin=null
                                            method: RAW_FUNCTION_REFERENCE 'public abstract fun invoke (p1: P1 of kotlin.Function1): R of kotlin.Function1 [operator] declared in kotlin.Function1' type=kotlin.Any
                                          RAW_FUNCTION_REFERENCE 'private final fun invoke$lambda$3$lambda$2$lambda$1$lambda$0 ($this$popUpTo: androidx.navigation.PopUpToBuilder): kotlin.Unit? declared in com.nuzio.newsapp.ui.MainActivity.onCreate.<no name provided>.invoke.<no name provided>.invoke$lambda$14$lambda$13.<no name provided>' type=kotlin.Any
                                          CALL 'public final fun <jvm-original-method-type> (method: kotlin.Any): kotlin.Any declared in kotlin.jvm.internal' type=kotlin.Any origin=null
                                            method: RAW_FUNCTION_REFERENCE 'public abstract fun invoke (p1: androidx.navigation.PopUpToBuilder): kotlin.Unit? [fake_override,operator] declared in kotlin.jvm.internal.invokeDynamic.<fake>' type=kotlin.Any
                              FUN LOCAL_FUNCTION_FOR_LAMBDA name:invoke$lambda$3$lambda$2 visibility:private modality:FINAL <> (this$0:com.nuzio.newsapp.ui.MainActivity, $navController:androidx.navigation.NavHostController, $newsAuthViewModel:com.nuzio.newsapp.ui.viewmodel.AuthViewModel) returnType:kotlin.Unit?
                                VALUE_PARAMETER BOUND_VALUE_PARAMETER name:this$0 index:0 type:com.nuzio.newsapp.ui.MainActivity
                                VALUE_PARAMETER BOUND_VALUE_PARAMETER name:$navController index:1 type:androidx.navigation.NavHostController
                                VALUE_PARAMETER BOUND_VALUE_PARAMETER name:$newsAuthViewModel index:2 type:com.nuzio.newsapp.ui.viewmodel.AuthViewModel
                                BLOCK_BODY
                                  COMPOSITE type=kotlin.Unit origin=null
                                    CALL 'public final fun launch$default (context: kotlin.coroutines.CoroutineContext?, start: kotlinx.coroutines.CoroutineStart?, block: @[ExtensionFunctionType] kotlin.coroutines.SuspendFunction1<kotlinx.coroutines.CoroutineScope, kotlin.Unit>, $mask0: kotlin.Int, $handler: kotlin.Any?): kotlinx.coroutines.Job declared in kotlinx.coroutines.BuildersKt' type=kotlinx.coroutines.Job origin=DEFAULT_DISPATCH_CALL
                                      $receiver: CALL 'public final fun <get-lifecycleScope> (): androidx.lifecycle.LifecycleCoroutineScope declared in androidx.lifecycle.LifecycleOwnerKt' type=androidx.lifecycle.LifecycleCoroutineScope origin=GET_PROPERTY
                                        $receiver: GET_VAR 'this$0: com.nuzio.newsapp.ui.MainActivity declared in com.nuzio.newsapp.ui.MainActivity.onCreate.<no name provided>.invoke.<no name provided>.invoke$lambda$14$lambda$13.<no name provided>.invoke$lambda$3$lambda$2' type=com.nuzio.newsapp.ui.MainActivity origin=null
                                      context: COMPOSITE type=kotlin.coroutines.CoroutineContext? origin=DEFAULT_VALUE
                                        CONST Null type=kotlin.coroutines.CoroutineContext? value=null
                                      start: COMPOSITE type=kotlinx.coroutines.CoroutineStart? origin=DEFAULT_VALUE
                                        CONST Null type=kotlinx.coroutines.CoroutineStart? value=null
                                      block: BLOCK type=com.nuzio.newsapp.ui.MainActivity.onCreate.<no name provided>.invoke.<no name provided>.invoke$lambda$14$lambda$13.<no name provided>.invoke$lambda$3$lambda$2.<no name provided> origin=null
                                        CLASS SUSPEND_LAMBDA CLASS name:<no name provided> modality:FINAL visibility:public/*package*/ superTypes:[kotlin.coroutines.jvm.internal.SuspendLambda; kotlin.jvm.functions.Function2<kotlinx.coroutines.CoroutineScope, kotlin.coroutines.Continuation<kotlin.Unit>?, kotlin.Any?>]
                                          $this: VALUE_PARAMETER INSTANCE_RECEIVER name:<this> type:com.nuzio.newsapp.ui.MainActivity.onCreate.<no name provided>.invoke.<no name provided>.invoke$lambda$14$lambda$13.<no name provided>.invoke$lambda$3$lambda$2.<no name provided>
                                          FIELD name:label type:kotlin.Int visibility:public/*package*/
                                          CONSTRUCTOR SUSPEND_LAMBDA visibility:public/*package*/ <> ($newsAuthViewModel:com.nuzio.newsapp.ui.viewmodel.AuthViewModel, $completion:kotlin.coroutines.Continuation<com.nuzio.newsapp.ui.MainActivity.onCreate.<no name provided>.invoke.<no name provided>.invoke$lambda$14$lambda$13.<no name provided>.invoke$lambda$3$lambda$2.<no name provided>>?) returnType:com.nuzio.newsapp.ui.MainActivity.onCreate.<no name provided>.invoke.<no name provided>.invoke$lambda$14$lambda$13.<no name provided>.invoke$lambda$3$lambda$2.<no name provided> [primary]
                                            VALUE_PARAMETER BOUND_VALUE_PARAMETER name:$newsAuthViewModel index:0 type:com.nuzio.newsapp.ui.viewmodel.AuthViewModel
                                            VALUE_PARAMETER name:$completion index:1 type:kotlin.coroutines.Continuation<com.nuzio.newsapp.ui.MainActivity.onCreate.<no name provided>.invoke.<no name provided>.invoke$lambda$14$lambda$13.<no name provided>.invoke$lambda$3$lambda$2.<no name provided>>?
                                            BLOCK_BODY
                                              SET_FIELD 'FIELD FIELD_FOR_CAPTURED_VALUE name:$newsAuthViewModel type:com.nuzio.newsapp.ui.viewmodel.AuthViewModel visibility:public/*package*/ [final] declared in com.nuzio.newsapp.ui.MainActivity.onCreate.<no name provided>.invoke.<no name provided>.invoke$lambda$14$lambda$13.<no name provided>.invoke$lambda$3$lambda$2.<no name provided>' type=kotlin.Unit origin=INITIALIZER_OF_FIELD_FOR_CAPTURED_VALUE
                                                receiver: GET_VAR '<this>: com.nuzio.newsapp.ui.MainActivity.onCreate.<no name provided>.invoke.<no name provided>.invoke$lambda$14$lambda$13.<no name provided>.invoke$lambda$3$lambda$2.<no name provided> declared in com.nuzio.newsapp.ui.MainActivity.onCreate.<no name provided>.invoke.<no name provided>.invoke$lambda$14$lambda$13.<no name provided>.invoke$lambda$3$lambda$2.<no name provided>' type=com.nuzio.newsapp.ui.MainActivity.onCreate.<no name provided>.invoke.<no name provided>.invoke$lambda$14$lambda$13.<no name provided>.invoke$lambda$3$lambda$2.<no name provided> origin=null
                                                value: GET_VAR '$newsAuthViewModel: com.nuzio.newsapp.ui.viewmodel.AuthViewModel declared in com.nuzio.newsapp.ui.MainActivity.onCreate.<no name provided>.invoke.<no name provided>.invoke$lambda$14$lambda$13.<no name provided>.invoke$lambda$3$lambda$2.<no name provided>.<init>' type=com.nuzio.newsapp.ui.viewmodel.AuthViewModel origin=null
                                              DELEGATING_CONSTRUCTOR_CALL 'public constructor <init> (arity: kotlin.Int, $completion: kotlin.coroutines.Continuation<kotlin.Any?>?) declared in kotlin.coroutines.jvm.internal.SuspendLambda'
                                                arity: CONST Int type=kotlin.Int value=2
                                                $completion: GET_VAR '$completion: kotlin.coroutines.Continuation<com.nuzio.newsapp.ui.MainActivity.onCreate.<no name provided>.invoke.<no name provided>.invoke$lambda$14$lambda$13.<no name provided>.invoke$lambda$3$lambda$2.<no name provided>>? declared in com.nuzio.newsapp.ui.MainActivity.onCreate.<no name provided>.invoke.<no name provided>.invoke$lambda$14$lambda$13.<no name provided>.invoke$lambda$3$lambda$2.<no name provided>.<init>' type=kotlin.coroutines.Continuation<com.nuzio.newsapp.ui.MainActivity.onCreate.<no name provided>.invoke.<no name provided>.invoke$lambda$14$lambda$13.<no name provided>.invoke$lambda$3$lambda$2.<no name provided>>? origin=null
                                              BLOCK type=kotlin.Unit origin=null
                                          FUN name:invokeSuspend visibility:public modality:FINAL <> ($this:com.nuzio.newsapp.ui.MainActivity.onCreate.<no name provided>.invoke.<no name provided>.invoke$lambda$14$lambda$13.<no name provided>.invoke$lambda$3$lambda$2.<no name provided>, $result:kotlin.Result<kotlin.Any?>) returnType:kotlin.Any?
                                            overridden:
                                              protected abstract fun invokeSuspend ($result: kotlin.Result<kotlin.Any?>): kotlin.Any? declared in kotlin.coroutines.jvm.internal.SuspendLambda
                                            $this: VALUE_PARAMETER INSTANCE_RECEIVER name:<this> type:com.nuzio.newsapp.ui.MainActivity.onCreate.<no name provided>.invoke.<no name provided>.invoke$lambda$14$lambda$13.<no name provided>.invoke$lambda$3$lambda$2.<no name provided>
                                            VALUE_PARAMETER name:$result index:0 type:kotlin.Result<kotlin.Any?>
                                            BLOCK_BODY
                                              TRY type=kotlin.Unit
                                                try: BLOCK type=kotlin.Unit origin=null
                                                  CALL 'public final fun signOut (): kotlin.Unit declared in com.nuzio.newsapp.ui.viewmodel.AuthViewModel' type=kotlin.Unit origin=null
                                                    $this: GET_FIELD 'FIELD FIELD_FOR_CAPTURED_VALUE name:$newsAuthViewModel type:com.nuzio.newsapp.ui.viewmodel.AuthViewModel visibility:public/*package*/ [final] declared in com.nuzio.newsapp.ui.MainActivity.onCreate.<no name provided>.invoke.<no name provided>.invoke$lambda$14$lambda$13.<no name provided>.invoke$lambda$3$lambda$2.<no name provided>' type=com.nuzio.newsapp.ui.viewmodel.AuthViewModel origin=null
                                                      receiver: GET_VAR '<this>: com.nuzio.newsapp.ui.MainActivity.onCreate.<no name provided>.invoke.<no name provided>.invoke$lambda$14$lambda$13.<no name provided>.invoke$lambda$3$lambda$2.<no name provided> declared in com.nuzio.newsapp.ui.MainActivity.onCreate.<no name provided>.invoke.<no name provided>.invoke$lambda$14$lambda$13.<no name provided>.invoke$lambda$3$lambda$2.<no name provided>.invokeSuspend' type=com.nuzio.newsapp.ui.MainActivity.onCreate.<no name provided>.invoke.<no name provided>.invoke$lambda$14$lambda$13.<no name provided>.invoke$lambda$3$lambda$2.<no name provided> origin=null
                                                CATCH parameter=val e: java.lang.Exception [val] declared in com.nuzio.newsapp.ui.MainActivity.onCreate.<no name provided>.invoke.<no name provided>.invoke$lambda$14$lambda$13.<no name provided>.invoke$lambda$3$lambda$2.<no name provided>.invokeSuspend
                                                  VAR CATCH_PARAMETER name:e type:java.lang.Exception [val]
                                                  BLOCK type=kotlin.Unit origin=null
                                                    CALL 'public open fun printStackTrace (): kotlin.Unit [fake_override] declared in java.lang.Exception' type=kotlin.Unit origin=null
                                                      $this: GET_VAR 'val e: java.lang.Exception [val] declared in com.nuzio.newsapp.ui.MainActivity.onCreate.<no name provided>.invoke.<no name provided>.invoke$lambda$14$lambda$13.<no name provided>.invoke$lambda$3$lambda$2.<no name provided>.invokeSuspend' type=java.lang.Exception origin=null
                                          FUN name:create visibility:public modality:FINAL <> ($this:com.nuzio.newsapp.ui.MainActivity.onCreate.<no name provided>.invoke.<no name provided>.invoke$lambda$14$lambda$13.<no name provided>.invoke$lambda$3$lambda$2.<no name provided>, value:kotlin.Any?, $completion:kotlin.coroutines.Continuation<kotlin.Nothing>) returnType:kotlin.coroutines.Continuation<kotlin.Unit>
                                            overridden:
                                              public open fun create (value: kotlin.Any?, $completion: kotlin.coroutines.Continuation<kotlin.Nothing>): kotlin.coroutines.Continuation<kotlin.Unit> declared in kotlin.coroutines.jvm.internal.SuspendLambda
                                            $this: VALUE_PARAMETER INSTANCE_RECEIVER name:<this> type:com.nuzio.newsapp.ui.MainActivity.onCreate.<no name provided>.invoke.<no name provided>.invoke$lambda$14$lambda$13.<no name provided>.invoke$lambda$3$lambda$2.<no name provided>
                                            VALUE_PARAMETER name:value index:0 type:kotlin.Any?
                                            VALUE_PARAMETER name:$completion index:1 type:kotlin.coroutines.Continuation<kotlin.Nothing>
                                            BLOCK_BODY
                                              RETURN type=kotlin.Nothing from='public final fun create (value: kotlin.Any?, $completion: kotlin.coroutines.Continuation<kotlin.Nothing>): kotlin.coroutines.Continuation<kotlin.Unit> declared in com.nuzio.newsapp.ui.MainActivity.onCreate.<no name provided>.invoke.<no name provided>.invoke$lambda$14$lambda$13.<no name provided>.invoke$lambda$3$lambda$2.<no name provided>'
                                                CONSTRUCTOR_CALL 'public/*package*/ constructor <init> ($newsAuthViewModel: com.nuzio.newsapp.ui.viewmodel.AuthViewModel, $completion: kotlin.coroutines.Continuation<com.nuzio.newsapp.ui.MainActivity.onCreate.<no name provided>.invoke.<no name provided>.invoke$lambda$14$lambda$13.<no name provided>.invoke$lambda$3$lambda$2.<no name provided>>?) [primary] declared in com.nuzio.newsapp.ui.MainActivity.onCreate.<no name provided>.invoke.<no name provided>.invoke$lambda$14$lambda$13.<no name provided>.invoke$lambda$3$lambda$2.<no name provided>' type=com.nuzio.newsapp.ui.MainActivity.onCreate.<no name provided>.invoke.<no name provided>.invoke$lambda$14$lambda$13.<no name provided>.invoke$lambda$3$lambda$2.<no name provided> origin=null
                                                  $newsAuthViewModel: GET_FIELD 'FIELD FIELD_FOR_CAPTURED_VALUE name:$newsAuthViewModel type:com.nuzio.newsapp.ui.viewmodel.AuthViewModel visibility:public/*package*/ [final] declared in com.nuzio.newsapp.ui.MainActivity.onCreate.<no name provided>.invoke.<no name provided>.invoke$lambda$14$lambda$13.<no name provided>.invoke$lambda$3$lambda$2.<no name provided>' type=com.nuzio.newsapp.ui.viewmodel.AuthViewModel origin=null
                                                    receiver: GET_VAR '<this>: com.nuzio.newsapp.ui.MainActivity.onCreate.<no name provided>.invoke.<no name provided>.invoke$lambda$14$lambda$13.<no name provided>.invoke$lambda$3$lambda$2.<no name provided> declared in com.nuzio.newsapp.ui.MainActivity.onCreate.<no name provided>.invoke.<no name provided>.invoke$lambda$14$lambda$13.<no name provided>.invoke$lambda$3$lambda$2.<no name provided>.create' type=com.nuzio.newsapp.ui.MainActivity.onCreate.<no name provided>.invoke.<no name provided>.invoke$lambda$14$lambda$13.<no name provided>.invoke$lambda$3$lambda$2.<no name provided> origin=null
                                                  $completion: GET_VAR '$completion: kotlin.coroutines.Continuation<kotlin.Nothing> declared in com.nuzio.newsapp.ui.MainActivity.onCreate.<no name provided>.invoke.<no name provided>.invoke$lambda$14$lambda$13.<no name provided>.invoke$lambda$3$lambda$2.<no name provided>.create' type=kotlin.coroutines.Continuation<kotlin.Nothing> origin=null
                                          FUN name:invoke visibility:public modality:FINAL <> ($this:com.nuzio.newsapp.ui.MainActivity.onCreate.<no name provided>.invoke.<no name provided>.invoke$lambda$14$lambda$13.<no name provided>.invoke$lambda$3$lambda$2.<no name provided>, p1:kotlinx.coroutines.CoroutineScope, p2:kotlin.coroutines.Continuation<kotlin.Unit>?) returnType:kotlin.Any?
                                            overridden:
                                              public abstract fun invoke (p1: P1 of kotlin.jvm.functions.Function2, p2: P2 of kotlin.jvm.functions.Function2): R of kotlin.jvm.functions.Function2 declared in kotlin.jvm.functions.Function2
                                            $this: VALUE_PARAMETER INSTANCE_RECEIVER name:<this> type:com.nuzio.newsapp.ui.MainActivity.onCreate.<no name provided>.invoke.<no name provided>.invoke$lambda$14$lambda$13.<no name provided>.invoke$lambda$3$lambda$2.<no name provided>
                                            VALUE_PARAMETER name:p1 index:0 type:kotlinx.coroutines.CoroutineScope
                                            VALUE_PARAMETER name:p2 index:1 type:kotlin.coroutines.Continuation<kotlin.Unit>?
                                            BLOCK_BODY
                                              RETURN type=kotlin.Nothing from='public final fun invoke (p1: kotlinx.coroutines.CoroutineScope, p2: kotlin.coroutines.Continuation<kotlin.Unit>?): kotlin.Any? declared in com.nuzio.newsapp.ui.MainActivity.onCreate.<no name provided>.invoke.<no name provided>.invoke$lambda$14$lambda$13.<no name provided>.invoke$lambda$3$lambda$2.<no name provided>'
                                                CALL 'public final fun invokeSuspend ($result: kotlin.Result<kotlin.Any?>): kotlin.Any? declared in com.nuzio.newsapp.ui.MainActivity.onCreate.<no name provided>.invoke.<no name provided>.invoke$lambda$14$lambda$13.<no name provided>.invoke$lambda$3$lambda$2.<no name provided>' type=kotlin.Any? origin=null
                                                  $this: TYPE_OP type=com.nuzio.newsapp.ui.MainActivity.onCreate.<no name provided>.invoke.<no name provided>.invoke$lambda$14$lambda$13.<no name provided>.invoke$lambda$3$lambda$2.<no name provided> origin=IMPLICIT_CAST typeOperand=com.nuzio.newsapp.ui.MainActivity.onCreate.<no name provided>.invoke.<no name provided>.invoke$lambda$14$lambda$13.<no name provided>.invoke$lambda$3$lambda$2.<no name provided>
                                                    CALL 'public final fun create (value: kotlin.Any?, $completion: kotlin.coroutines.Continuation<kotlin.Nothing>): kotlin.coroutines.Continuation<kotlin.Unit> declared in com.nuzio.newsapp.ui.MainActivity.onCreate.<no name provided>.invoke.<no name provided>.invoke$lambda$14$lambda$13.<no name provided>.invoke$lambda$3$lambda$2.<no name provided>' type=kotlin.coroutines.Continuation<kotlin.Unit> origin=null
                                                      $this: GET_VAR '<this>: com.nuzio.newsapp.ui.MainActivity.onCreate.<no name provided>.invoke.<no name provided>.invoke$lambda$14$lambda$13.<no name provided>.invoke$lambda$3$lambda$2.<no name provided> declared in com.nuzio.newsapp.ui.MainActivity.onCreate.<no name provided>.invoke.<no name provided>.invoke$lambda$14$lambda$13.<no name provided>.invoke$lambda$3$lambda$2.<no name provided>.invoke' type=com.nuzio.newsapp.ui.MainActivity.onCreate.<no name provided>.invoke.<no name provided>.invoke$lambda$14$lambda$13.<no name provided>.invoke$lambda$3$lambda$2.<no name provided> origin=null
                                                      value: GET_VAR 'p1: kotlinx.coroutines.CoroutineScope declared in com.nuzio.newsapp.ui.MainActivity.onCreate.<no name provided>.invoke.<no name provided>.invoke$lambda$14$lambda$13.<no name provided>.invoke$lambda$3$lambda$2.<no name provided>.invoke' type=kotlinx.coroutines.CoroutineScope origin=null
                                                      $completion: GET_VAR 'p2: kotlin.coroutines.Continuation<kotlin.Unit>? declared in com.nuzio.newsapp.ui.MainActivity.onCreate.<no name provided>.invoke.<no name provided>.invoke$lambda$14$lambda$13.<no name provided>.invoke$lambda$3$lambda$2.<no name provided>.invoke' type=kotlin.coroutines.Continuation<kotlin.Unit>? origin=null
                                                  $result: CALL 'public final fun <unsafe-coerce> <T, R> (v: T of kotlin.jvm.internal.<unsafe-coerce>): R of kotlin.jvm.internal.<unsafe-coerce> declared in kotlin.jvm.internal' type=kotlin.Result<kotlin.Any?> origin=null
                                                    <T>: kotlin.Any?
                                                    <R>: kotlin.Result<kotlin.Any?>
                                                    v: GET_FIELD 'FIELD FIELD_FOR_OBJECT_INSTANCE name:INSTANCE type:kotlin.Unit visibility:public [final,static] declared in kotlin.Unit' type=kotlin.Unit origin=null
                                          FIELD FIELD_FOR_CAPTURED_VALUE name:$newsAuthViewModel type:com.nuzio.newsapp.ui.viewmodel.AuthViewModel visibility:public/*package*/ [final]
                                          FUN BRIDGE name:invoke visibility:public modality:OPEN <> ($this:com.nuzio.newsapp.ui.MainActivity.onCreate.<no name provided>.invoke.<no name provided>.invoke$lambda$14$lambda$13.<no name provided>.invoke$lambda$3$lambda$2.<no name provided>, p1:kotlin.Any?, p2:kotlin.Any?) returnType:kotlin.Any?
                                            $this: VALUE_PARAMETER INSTANCE_RECEIVER name:<this> type:com.nuzio.newsapp.ui.MainActivity.onCreate.<no name provided>.invoke.<no name provided>.invoke$lambda$14$lambda$13.<no name provided>.invoke$lambda$3$lambda$2.<no name provided>
                                            VALUE_PARAMETER BRIDGE name:p1 index:0 type:kotlin.Any?
                                            VALUE_PARAMETER BRIDGE name:p2 index:1 type:kotlin.Any?
                                            EXPRESSION_BODY
                                              RETURN type=kotlin.Nothing from='public open fun invoke (p1: kotlin.Any?, p2: kotlin.Any?): kotlin.Any? declared in com.nuzio.newsapp.ui.MainActivity.onCreate.<no name provided>.invoke.<no name provided>.invoke$lambda$14$lambda$13.<no name provided>.invoke$lambda$3$lambda$2.<no name provided>'
                                                CALL 'public final fun invoke (p1: kotlinx.coroutines.CoroutineScope, p2: kotlin.coroutines.Continuation<kotlin.Unit>?): kotlin.Any? declared in com.nuzio.newsapp.ui.MainActivity.onCreate.<no name provided>.invoke.<no name provided>.invoke$lambda$14$lambda$13.<no name provided>.invoke$lambda$3$lambda$2.<no name provided>' type=kotlin.Any? origin=BRIDGE_DELEGATION
                                                  $this: GET_VAR '<this>: com.nuzio.newsapp.ui.MainActivity.onCreate.<no name provided>.invoke.<no name provided>.invoke$lambda$14$lambda$13.<no name provided>.invoke$lambda$3$lambda$2.<no name provided> declared in com.nuzio.newsapp.ui.MainActivity.onCreate.<no name provided>.invoke.<no name provided>.invoke$lambda$14$lambda$13.<no name provided>.invoke$lambda$3$lambda$2.<no name provided>.invoke' type=com.nuzio.newsapp.ui.MainActivity.onCreate.<no name provided>.invoke.<no name provided>.invoke$lambda$14$lambda$13.<no name provided>.invoke$lambda$3$lambda$2.<no name provided> origin=null
                                                  p1: TYPE_OP type=kotlinx.coroutines.CoroutineScope origin=IMPLICIT_CAST typeOperand=kotlinx.coroutines.CoroutineScope
                                                    GET_VAR 'p1: kotlin.Any? declared in com.nuzio.newsapp.ui.MainActivity.onCreate.<no name provided>.invoke.<no name provided>.invoke$lambda$14$lambda$13.<no name provided>.invoke$lambda$3$lambda$2.<no name provided>.invoke' type=kotlin.Any? origin=null
                                                  p2: TYPE_OP type=kotlin.coroutines.Continuation<*> origin=IMPLICIT_CAST typeOperand=kotlin.coroutines.Continuation<*>
                                                    GET_VAR 'p2: kotlin.Any? declared in com.nuzio.newsapp.ui.MainActivity.onCreate.<no name provided>.invoke.<no name provided>.invoke$lambda$14$lambda$13.<no name provided>.invoke$lambda$3$lambda$2.<no name provided>.invoke' type=kotlin.Any? origin=null
                                        CONSTRUCTOR_CALL 'public/*package*/ constructor <init> ($newsAuthViewModel: com.nuzio.newsapp.ui.viewmodel.AuthViewModel, $completion: kotlin.coroutines.Continuation<com.nuzio.newsapp.ui.MainActivity.onCreate.<no name provided>.invoke.<no name provided>.invoke$lambda$14$lambda$13.<no name provided>.invoke$lambda$3$lambda$2.<no name provided>>?) [primary] declared in com.nuzio.newsapp.ui.MainActivity.onCreate.<no name provided>.invoke.<no name provided>.invoke$lambda$14$lambda$13.<no name provided>.invoke$lambda$3$lambda$2.<no name provided>' type=com.nuzio.newsapp.ui.MainActivity.onCreate.<no name provided>.invoke.<no name provided>.invoke$lambda$14$lambda$13.<no name provided>.invoke$lambda$3$lambda$2.<no name provided> origin=null
                                          $newsAuthViewModel: GET_VAR '$newsAuthViewModel: com.nuzio.newsapp.ui.viewmodel.AuthViewModel declared in com.nuzio.newsapp.ui.MainActivity.onCreate.<no name provided>.invoke.<no name provided>.invoke$lambda$14$lambda$13.<no name provided>.invoke$lambda$3$lambda$2' type=com.nuzio.newsapp.ui.viewmodel.AuthViewModel origin=null
                                          $completion: CONST Null type=kotlin.Nothing? value=null
                                      $mask0: CONST Int type=kotlin.Int value=3
                                      $handler: CONST Null type=kotlin.Any? value=null
                                    COMPOSITE type=kotlin.Unit origin=null
                                  CALL 'public final fun navigate (route: kotlin.String, builder: @[ExtensionFunctionType] kotlin.Function1<androidx.navigation.NavOptionsBuilder, kotlin.Unit>): kotlin.Unit [fake_override] declared in androidx.navigation.NavHostController' type=kotlin.Unit origin=null
                                    $this: GET_VAR '$navController: androidx.navigation.NavHostController declared in com.nuzio.newsapp.ui.MainActivity.onCreate.<no name provided>.invoke.<no name provided>.invoke$lambda$14$lambda$13.<no name provided>.invoke$lambda$3$lambda$2' type=androidx.navigation.NavHostController origin=null
                                    route: CALL 'public final fun <get-route> (): kotlin.String [fake_override] declared in com.nuzio.newsapp.ui.Screen.Login' type=kotlin.String origin=GET_PROPERTY
                                      $this: GET_FIELD 'FIELD FIELD_FOR_OBJECT_INSTANCE name:INSTANCE type:com.nuzio.newsapp.ui.Screen.Login visibility:public [final,static] declared in com.nuzio.newsapp.ui.Screen.Login' type=com.nuzio.newsapp.ui.Screen.Login origin=null
                                    builder: BLOCK type=@[ExtensionFunctionType] kotlin.Function1<androidx.navigation.NavOptionsBuilder, kotlin.Unit> origin=LAMBDA
                                      COMPOSITE type=kotlin.Unit origin=null
                                      CALL 'public final fun <jvm-indy> <T> (dynamicCall: T of kotlin.jvm.internal.<jvm-indy>, bootstrapMethodHandle: kotlin.Any, vararg bootstrapMethodArguments: kotlin.Any): T of kotlin.jvm.internal.<jvm-indy> declared in kotlin.jvm.internal' type=@[ExtensionFunctionType] kotlin.Function1<androidx.navigation.NavOptionsBuilder, kotlin.Unit> origin=null
                                        <T>: @[ExtensionFunctionType] kotlin.Function1<androidx.navigation.NavOptionsBuilder, kotlin.Unit>
                                        dynamicCall: CALL 'public final fun invoke (): @[ExtensionFunctionType] kotlin.Function1<androidx.navigation.NavOptionsBuilder, kotlin.Unit> declared in kotlin.jvm.internal.invokeDynamic' type=@[ExtensionFunctionType] kotlin.Function1<androidx.navigation.NavOptionsBuilder, kotlin.Unit> origin=null
                                        bootstrapMethodHandle: CALL 'public final fun <jvm-method-handle> (tag: kotlin.Int, owner: kotlin.String, name: kotlin.String, descriptor: kotlin.String, isInterface: kotlin.Boolean): kotlin.Any declared in kotlin.jvm.internal' type=kotlin.Any origin=null
                                          tag: CONST Int type=kotlin.Int value=6
                                          owner: CONST String type=kotlin.String value="java/lang/invoke/LambdaMetafactory"
                                          name: CONST String type=kotlin.String value="metafactory"
                                          descriptor: CONST String type=kotlin.String value="(Ljava/lang/invoke/MethodHandles$Lookup;Ljava/lang/String;Ljava/lang/invoke/MethodType;Ljava/lang/invoke/MethodType;Ljava/lang/invoke/MethodHandle;Ljava/lang/invoke/MethodType;)Ljava/lang/invoke/CallSite;"
                                          isInterface: CONST Boolean type=kotlin.Boolean value=false
                                        bootstrapMethodArguments: VARARG type=kotlin.Array<kotlin.Any> varargElementType=kotlin.Any
                                          CALL 'public final fun <jvm-original-method-type> (method: kotlin.Any): kotlin.Any declared in kotlin.jvm.internal' type=kotlin.Any origin=null
                                            method: RAW_FUNCTION_REFERENCE 'public abstract fun invoke (p1: P1 of kotlin.Function1): R of kotlin.Function1 [operator] declared in kotlin.Function1' type=kotlin.Any
                                          RAW_FUNCTION_REFERENCE 'private final fun invoke$lambda$3$lambda$2$lambda$1 ($this$navigate: androidx.navigation.NavOptionsBuilder): kotlin.Unit? declared in com.nuzio.newsapp.ui.MainActivity.onCreate.<no name provided>.invoke.<no name provided>.invoke$lambda$14$lambda$13.<no name provided>' type=kotlin.Any
                                          CALL 'public final fun <jvm-original-method-type> (method: kotlin.Any): kotlin.Any declared in kotlin.jvm.internal' type=kotlin.Any origin=null
                                            method: RAW_FUNCTION_REFERENCE 'public abstract fun invoke (p1: androidx.navigation.NavOptionsBuilder): kotlin.Unit? [fake_override,operator] declared in kotlin.jvm.internal.invokeDynamic.<fake>' type=kotlin.Any
                              FUN INLINE_LAMBDA name:invoke$lambda$3 visibility:private modality:FINAL <> (this$0:com.nuzio.newsapp.ui.MainActivity, $navController:androidx.navigation.NavHostController, $newsAuthViewModel:com.nuzio.newsapp.ui.viewmodel.AuthViewModel) returnType:kotlin.Function0<kotlin.Unit>
                                VALUE_PARAMETER BOUND_VALUE_PARAMETER name:this$0 index:0 type:com.nuzio.newsapp.ui.MainActivity
                                VALUE_PARAMETER BOUND_VALUE_PARAMETER name:$navController index:1 type:androidx.navigation.NavHostController
                                VALUE_PARAMETER BOUND_VALUE_PARAMETER name:$newsAuthViewModel index:2 type:com.nuzio.newsapp.ui.viewmodel.AuthViewModel
                                BLOCK_BODY
                                  VAR name:$i$a$-cache-MainActivity$onCreate$1$1$5$1$2$1 type:kotlin.Int [val]
                                    CONST Int type=kotlin.Int value=0
                                  RETURN type=kotlin.Nothing from='private final fun invoke$lambda$3 (this$0: com.nuzio.newsapp.ui.MainActivity, $navController: androidx.navigation.NavHostController, $newsAuthViewModel: com.nuzio.newsapp.ui.viewmodel.AuthViewModel): kotlin.Function0<kotlin.Unit> declared in com.nuzio.newsapp.ui.MainActivity.onCreate.<no name provided>.invoke.<no name provided>.invoke$lambda$14$lambda$13.<no name provided>'
                                    BLOCK type=kotlin.Function0<kotlin.Unit> origin=LAMBDA
                                      COMPOSITE type=kotlin.Unit origin=null
                                      CALL 'public final fun <jvm-indy> <T> (dynamicCall: T of kotlin.jvm.internal.<jvm-indy>, bootstrapMethodHandle: kotlin.Any, vararg bootstrapMethodArguments: kotlin.Any): T of kotlin.jvm.internal.<jvm-indy> declared in kotlin.jvm.internal' type=kotlin.Function0<kotlin.Unit> origin=null
                                        <T>: kotlin.Function0<kotlin.Unit>
                                        dynamicCall: CALL 'public final fun invoke (p0: com.nuzio.newsapp.ui.MainActivity, p1: androidx.navigation.NavHostController, p2: com.nuzio.newsapp.ui.viewmodel.AuthViewModel): kotlin.Function0<kotlin.Unit> declared in kotlin.jvm.internal.invokeDynamic' type=kotlin.Function0<kotlin.Unit> origin=null
                                          p0: GET_VAR 'this$0: com.nuzio.newsapp.ui.MainActivity declared in com.nuzio.newsapp.ui.MainActivity.onCreate.<no name provided>.invoke.<no name provided>.invoke$lambda$14$lambda$13.<no name provided>.invoke$lambda$3' type=com.nuzio.newsapp.ui.MainActivity origin=null
                                          p1: GET_VAR '$navController: androidx.navigation.NavHostController declared in com.nuzio.newsapp.ui.MainActivity.onCreate.<no name provided>.invoke.<no name provided>.invoke$lambda$14$lambda$13.<no name provided>.invoke$lambda$3' type=androidx.navigation.NavHostController origin=null
                                          p2: GET_VAR '$newsAuthViewModel: com.nuzio.newsapp.ui.viewmodel.AuthViewModel declared in com.nuzio.newsapp.ui.MainActivity.onCreate.<no name provided>.invoke.<no name provided>.invoke$lambda$14$lambda$13.<no name provided>.invoke$lambda$3' type=com.nuzio.newsapp.ui.viewmodel.AuthViewModel origin=null
                                        bootstrapMethodHandle: CALL 'public final fun <jvm-method-handle> (tag: kotlin.Int, owner: kotlin.String, name: kotlin.String, descriptor: kotlin.String, isInterface: kotlin.Boolean): kotlin.Any declared in kotlin.jvm.internal' type=kotlin.Any origin=null
                                          tag: CONST Int type=kotlin.Int value=6
                                          owner: CONST String type=kotlin.String value="java/lang/invoke/LambdaMetafactory"
                                          name: CONST String type=kotlin.String value="metafactory"
                                          descriptor: CONST String type=kotlin.String value="(Ljava/lang/invoke/MethodHandles$Lookup;Ljava/lang/String;Ljava/lang/invoke/MethodType;Ljava/lang/invoke/MethodType;Ljava/lang/invoke/MethodHandle;Ljava/lang/invoke/MethodType;)Ljava/lang/invoke/CallSite;"
                                          isInterface: CONST Boolean type=kotlin.Boolean value=false
                                        bootstrapMethodArguments: VARARG type=kotlin.Array<kotlin.Any> varargElementType=kotlin.Any
                                          CALL 'public final fun <jvm-original-method-type> (method: kotlin.Any): kotlin.Any declared in kotlin.jvm.internal' type=kotlin.Any origin=null
                                            method: RAW_FUNCTION_REFERENCE 'public abstract fun invoke (): R of kotlin.Function0 [operator] declared in kotlin.Function0' type=kotlin.Any
                                          RAW_FUNCTION_REFERENCE 'private final fun invoke$lambda$3$lambda$2 (this$0: com.nuzio.newsapp.ui.MainActivity, $navController: androidx.navigation.NavHostController, $newsAuthViewModel: com.nuzio.newsapp.ui.viewmodel.AuthViewModel): kotlin.Unit? declared in com.nuzio.newsapp.ui.MainActivity.onCreate.<no name provided>.invoke.<no name provided>.invoke$lambda$14$lambda$13.<no name provided>' type=kotlin.Any
                                          CALL 'public final fun <jvm-original-method-type> (method: kotlin.Any): kotlin.Any declared in kotlin.jvm.internal' type=kotlin.Any origin=null
                                            method: RAW_FUNCTION_REFERENCE 'public abstract fun invoke (): kotlin.Unit? [fake_override,operator] declared in kotlin.jvm.internal.invokeDynamic.<fake>' type=kotlin.Any
                              FUN BRIDGE name:invoke visibility:public modality:OPEN <> ($this:com.nuzio.newsapp.ui.MainActivity.onCreate.<no name provided>.invoke.<no name provided>.invoke$lambda$14$lambda$13.<no name provided>, p1:kotlin.Any?, p2:kotlin.Any?, p3:kotlin.Any?, p4:kotlin.Any?) returnType:kotlin.Any?
                                $this: VALUE_PARAMETER INSTANCE_RECEIVER name:<this> type:com.nuzio.newsapp.ui.MainActivity.onCreate.<no name provided>.invoke.<no name provided>.invoke$lambda$14$lambda$13.<no name provided>
                                VALUE_PARAMETER BRIDGE name:p1 index:0 type:kotlin.Any?
                                VALUE_PARAMETER BRIDGE name:p2 index:1 type:kotlin.Any?
                                VALUE_PARAMETER BRIDGE name:p3 index:2 type:kotlin.Any?
                                VALUE_PARAMETER BRIDGE name:p4 index:3 type:kotlin.Any?
                                EXPRESSION_BODY
                                  RETURN type=kotlin.Nothing from='public open fun invoke (p1: kotlin.Any?, p2: kotlin.Any?, p3: kotlin.Any?, p4: kotlin.Any?): kotlin.Any? declared in com.nuzio.newsapp.ui.MainActivity.onCreate.<no name provided>.invoke.<no name provided>.invoke$lambda$14$lambda$13.<no name provided>'
                                    CALL 'public final fun invoke ($this$composable: androidx.compose.animation.AnimatedVisibilityScope, it: androidx.navigation.NavBackStackEntry, $composer: androidx.compose.runtime.Composer?, $changed: kotlin.Int): kotlin.Unit declared in com.nuzio.newsapp.ui.MainActivity.onCreate.<no name provided>.invoke.<no name provided>.invoke$lambda$14$lambda$13.<no name provided>' type=kotlin.Unit origin=BRIDGE_DELEGATION
                                      $this: GET_VAR '<this>: com.nuzio.newsapp.ui.MainActivity.onCreate.<no name provided>.invoke.<no name provided>.invoke$lambda$14$lambda$13.<no name provided> declared in com.nuzio.newsapp.ui.MainActivity.onCreate.<no name provided>.invoke.<no name provided>.invoke$lambda$14$lambda$13.<no name provided>.invoke' type=com.nuzio.newsapp.ui.MainActivity.onCreate.<no name provided>.invoke.<no name provided>.invoke$lambda$14$lambda$13.<no name provided> origin=null
                                      $this$composable: TYPE_OP type=androidx.compose.animation.AnimatedVisibilityScope origin=IMPLICIT_CAST typeOperand=androidx.compose.animation.AnimatedVisibilityScope
                                        GET_VAR 'p1: kotlin.Any? declared in com.nuzio.newsapp.ui.MainActivity.onCreate.<no name provided>.invoke.<no name provided>.invoke$lambda$14$lambda$13.<no name provided>.invoke' type=kotlin.Any? origin=null
                                      it: TYPE_OP type=androidx.navigation.NavBackStackEntry origin=IMPLICIT_CAST typeOperand=androidx.navigation.NavBackStackEntry
                                        GET_VAR 'p2: kotlin.Any? declared in com.nuzio.newsapp.ui.MainActivity.onCreate.<no name provided>.invoke.<no name provided>.invoke$lambda$14$lambda$13.<no name provided>.invoke' type=kotlin.Any? origin=null
                                      $composer: TYPE_OP type=androidx.compose.runtime.Composer origin=IMPLICIT_CAST typeOperand=androidx.compose.runtime.Composer
                                        GET_VAR 'p3: kotlin.Any? declared in com.nuzio.newsapp.ui.MainActivity.onCreate.<no name provided>.invoke.<no name provided>.invoke$lambda$14$lambda$13.<no name provided>.invoke' type=kotlin.Any? origin=null
                                      $changed: TYPE_OP type=kotlin.Int origin=IMPLICIT_CAST typeOperand=kotlin.Int
                                        GET_VAR 'p4: kotlin.Any? declared in com.nuzio.newsapp.ui.MainActivity.onCreate.<no name provided>.invoke.<no name provided>.invoke$lambda$14$lambda$13.<no name provided>.invoke' type=kotlin.Any? origin=null
                            CONSTRUCTOR_CALL 'public/*package*/ constructor <init> (this$0: com.nuzio.newsapp.ui.MainActivity, $navController: androidx.navigation.NavHostController) [primary] declared in com.nuzio.newsapp.ui.MainActivity.onCreate.<no name provided>.invoke.<no name provided>.invoke$lambda$14$lambda$13.<no name provided>' type=com.nuzio.newsapp.ui.MainActivity.onCreate.<no name provided>.invoke.<no name provided>.invoke$lambda$14$lambda$13.<no name provided> origin=null
                              this$0: GET_VAR 'this$0: com.nuzio.newsapp.ui.MainActivity declared in com.nuzio.newsapp.ui.MainActivity.onCreate.<no name provided>.invoke.<no name provided>.invoke$lambda$14$lambda$13' type=com.nuzio.newsapp.ui.MainActivity origin=null
                              $navController: GET_VAR '$navController: androidx.navigation.NavHostController declared in com.nuzio.newsapp.ui.MainActivity.onCreate.<no name provided>.invoke.<no name provided>.invoke$lambda$14$lambda$13' type=androidx.navigation.NavHostController origin=null
                        $mask0: CONST Int type=kotlin.Int value=126
                        $handler: CONST Null type=kotlin.Any? value=null
                  FUN INLINE_LAMBDA name:invoke$lambda$14 visibility:private modality:FINAL <> (this$0:com.nuzio.newsapp.ui.MainActivity, $navController:androidx.navigation.NavHostController) returnType:@[ExtensionFunctionType] kotlin.Function1<androidx.navigation.NavGraphBuilder, kotlin.Unit>
                    VALUE_PARAMETER BOUND_VALUE_PARAMETER name:this$0 index:0 type:com.nuzio.newsapp.ui.MainActivity
                    VALUE_PARAMETER BOUND_VALUE_PARAMETER name:$navController index:1 type:androidx.navigation.NavHostController
                    BLOCK_BODY
                      VAR name:$i$a$-cache-MainActivity$onCreate$1$1$5 type:kotlin.Int [val]
                        CONST Int type=kotlin.Int value=0
                      RETURN type=kotlin.Nothing from='private final fun invoke$lambda$14 (this$0: com.nuzio.newsapp.ui.MainActivity, $navController: androidx.navigation.NavHostController): @[ExtensionFunctionType] kotlin.Function1<androidx.navigation.NavGraphBuilder, kotlin.Unit> declared in com.nuzio.newsapp.ui.MainActivity.onCreate.<no name provided>.invoke.<no name provided>'
                        BLOCK type=@[ExtensionFunctionType] kotlin.Function1<androidx.navigation.NavGraphBuilder, kotlin.Unit> origin=LAMBDA
                          COMPOSITE type=kotlin.Unit origin=null
                          CALL 'public final fun <jvm-indy> <T> (dynamicCall: T of kotlin.jvm.internal.<jvm-indy>, bootstrapMethodHandle: kotlin.Any, vararg bootstrapMethodArguments: kotlin.Any): T of kotlin.jvm.internal.<jvm-indy> declared in kotlin.jvm.internal' type=@[ExtensionFunctionType] kotlin.Function1<androidx.navigation.NavGraphBuilder, kotlin.Unit> origin=null
                            <T>: @[ExtensionFunctionType] kotlin.Function1<androidx.navigation.NavGraphBuilder, kotlin.Unit>
                            dynamicCall: CALL 'public final fun invoke (p0: com.nuzio.newsapp.ui.MainActivity, p1: androidx.navigation.NavHostController): @[ExtensionFunctionType] kotlin.Function1<androidx.navigation.NavGraphBuilder, kotlin.Unit> declared in kotlin.jvm.internal.invokeDynamic' type=@[ExtensionFunctionType] kotlin.Function1<androidx.navigation.NavGraphBuilder, kotlin.Unit> origin=null
                              p0: GET_VAR 'this$0: com.nuzio.newsapp.ui.MainActivity declared in com.nuzio.newsapp.ui.MainActivity.onCreate.<no name provided>.invoke.<no name provided>.invoke$lambda$14' type=com.nuzio.newsapp.ui.MainActivity origin=null
                              p1: GET_VAR '$navController: androidx.navigation.NavHostController declared in com.nuzio.newsapp.ui.MainActivity.onCreate.<no name provided>.invoke.<no name provided>.invoke$lambda$14' type=androidx.navigation.NavHostController origin=null
                            bootstrapMethodHandle: CALL 'public final fun <jvm-method-handle> (tag: kotlin.Int, owner: kotlin.String, name: kotlin.String, descriptor: kotlin.String, isInterface: kotlin.Boolean): kotlin.Any declared in kotlin.jvm.internal' type=kotlin.Any origin=null
                              tag: CONST Int type=kotlin.Int value=6
                              owner: CONST String type=kotlin.String value="java/lang/invoke/LambdaMetafactory"
                              name: CONST String type=kotlin.String value="metafactory"
                              descriptor: CONST String type=kotlin.String value="(Ljava/lang/invoke/MethodHandles$Lookup;Ljava/lang/String;Ljava/lang/invoke/MethodType;Ljava/lang/invoke/MethodType;Ljava/lang/invoke/MethodHandle;Ljava/lang/invoke/MethodType;)Ljava/lang/invoke/CallSite;"
                              isInterface: CONST Boolean type=kotlin.Boolean value=false
                            bootstrapMethodArguments: VARARG type=kotlin.Array<kotlin.Any> varargElementType=kotlin.Any
                              CALL 'public final fun <jvm-original-method-type> (method: kotlin.Any): kotlin.Any declared in kotlin.jvm.internal' type=kotlin.Any origin=null
                                method: RAW_FUNCTION_REFERENCE 'public abstract fun invoke (p1: P1 of kotlin.Function1): R of kotlin.Function1 [operator] declared in kotlin.Function1' type=kotlin.Any
                              RAW_FUNCTION_REFERENCE 'private final fun invoke$lambda$14$lambda$13 (this$0: com.nuzio.newsapp.ui.MainActivity, $navController: androidx.navigation.NavHostController, $this$AnimatedNavHost: androidx.navigation.NavGraphBuilder): kotlin.Unit? declared in com.nuzio.newsapp.ui.MainActivity.onCreate.<no name provided>.invoke.<no name provided>' type=kotlin.Any
                              CALL 'public final fun <jvm-original-method-type> (method: kotlin.Any): kotlin.Any declared in kotlin.jvm.internal' type=kotlin.Any origin=null
                                method: RAW_FUNCTION_REFERENCE 'public abstract fun invoke (p1: androidx.navigation.NavGraphBuilder): kotlin.Unit? [fake_override,operator] declared in kotlin.jvm.internal.invokeDynamic.<fake>' type=kotlin.Any
                  FUN BRIDGE name:invoke visibility:public modality:OPEN <> ($this:com.nuzio.newsapp.ui.MainActivity.onCreate.<no name provided>.invoke.<no name provided>, p1:kotlin.Any?, p2:kotlin.Any?) returnType:kotlin.Any?
                    $this: VALUE_PARAMETER INSTANCE_RECEIVER name:<this> type:com.nuzio.newsapp.ui.MainActivity.onCreate.<no name provided>.invoke.<no name provided>
                    VALUE_PARAMETER BRIDGE name:p1 index:0 type:kotlin.Any?
                    VALUE_PARAMETER BRIDGE name:p2 index:1 type:kotlin.Any?
                    EXPRESSION_BODY
                      RETURN type=kotlin.Nothing from='public open fun invoke (p1: kotlin.Any?, p2: kotlin.Any?): kotlin.Any? declared in com.nuzio.newsapp.ui.MainActivity.onCreate.<no name provided>.invoke.<no name provided>'
                        CALL 'public final fun invoke ($composer: androidx.compose.runtime.Composer?, $changed: kotlin.Int): kotlin.Unit declared in com.nuzio.newsapp.ui.MainActivity.onCreate.<no name provided>.invoke.<no name provided>' type=kotlin.Unit origin=BRIDGE_DELEGATION
                          $this: GET_VAR '<this>: com.nuzio.newsapp.ui.MainActivity.onCreate.<no name provided>.invoke.<no name provided> declared in com.nuzio.newsapp.ui.MainActivity.onCreate.<no name provided>.invoke.<no name provided>.invoke' type=com.nuzio.newsapp.ui.MainActivity.onCreate.<no name provided>.invoke.<no name provided> origin=null
                          $composer: TYPE_OP type=androidx.compose.runtime.Composer origin=IMPLICIT_CAST typeOperand=androidx.compose.runtime.Composer
                            GET_VAR 'p1: kotlin.Any? declared in com.nuzio.newsapp.ui.MainActivity.onCreate.<no name provided>.invoke.<no name provided>.invoke' type=kotlin.Any? origin=null
                          $changed: TYPE_OP type=kotlin.Int origin=IMPLICIT_CAST typeOperand=kotlin.Int
                            GET_VAR 'p2: kotlin.Any? declared in com.nuzio.newsapp.ui.MainActivity.onCreate.<no name provided>.invoke.<no name provided>.invoke' type=kotlin.Any? origin=null
                CONSTRUCTOR_CALL 'public/*package*/ constructor <init> (this$0: com.nuzio.newsapp.ui.MainActivity) [primary] declared in com.nuzio.newsapp.ui.MainActivity.onCreate.<no name provided>.invoke.<no name provided>' type=com.nuzio.newsapp.ui.MainActivity.onCreate.<no name provided>.invoke.<no name provided> origin=null
                  this$0: GET_FIELD 'FIELD FIELD_FOR_CAPTURED_VALUE name:this$0 type:com.nuzio.newsapp.ui.MainActivity visibility:public/*package*/ [final] declared in com.nuzio.newsapp.ui.MainActivity.onCreate.<no name provided>' type=com.nuzio.newsapp.ui.MainActivity origin=null
                    receiver: GET_VAR '<this>: com.nuzio.newsapp.ui.MainActivity.onCreate.<no name provided> declared in com.nuzio.newsapp.ui.MainActivity.onCreate.<no name provided>.invoke' type=com.nuzio.newsapp.ui.MainActivity.onCreate.<no name provided> origin=null
              $composer: GET_VAR '$composer: androidx.compose.runtime.Composer? [assignable] declared in com.nuzio.newsapp.ui.MainActivity.onCreate.<no name provided>.invoke' type=androidx.compose.runtime.Composer? origin=null
              $changed: CONST Int type=kotlin.Int value=54
            $composer: GET_VAR '$composer: androidx.compose.runtime.Composer? [assignable] declared in com.nuzio.newsapp.ui.MainActivity.onCreate.<no name provided>.invoke' type=androidx.compose.runtime.Composer? origin=null
            $changed: CONST Int type=kotlin.Int value=384
            $default: CONST Int type=kotlin.Int value=3
          WHEN type=kotlin.Unit origin=IF
            BRANCH
              if: CALL 'public final fun isTraceInProgress (): kotlin.Boolean declared in androidx.compose.runtime.ComposerKt' type=kotlin.Boolean origin=null
              then: CALL 'public final fun traceEventEnd (): kotlin.Unit declared in androidx.compose.runtime.ComposerKt' type=kotlin.Unit origin=null
      BRANCH
        if: CONST Boolean type=kotlin.Boolean value=true
        then: CALL 'public abstract fun skipToGroupEnd (): kotlin.Unit declared in androidx.compose.runtime.Composer' type=kotlin.Unit origin=null
          $this: GET_VAR '$composer: androidx.compose.runtime.Composer? [assignable] declared in com.nuzio.newsapp.ui.MainActivity.onCreate.<no name provided>.invoke' type=androidx.compose.runtime.Composer? origin=null

	at org.jetbrains.kotlin.backend.jvm.codegen.FunctionCodegen.generate(FunctionCodegen.kt:47)
	at org.jetbrains.kotlin.backend.jvm.codegen.FunctionCodegen.generate$default(FunctionCodegen.kt:40)
	at org.jetbrains.kotlin.backend.jvm.codegen.ClassCodegen.generateMethodNode(ClassCodegen.kt:406)
	at org.jetbrains.kotlin.backend.jvm.codegen.ClassCodegen.generateMethod(ClassCodegen.kt:423)
	at org.jetbrains.kotlin.backend.jvm.codegen.ClassCodegen.generate(ClassCodegen.kt:168)
	at org.jetbrains.kotlin.backend.jvm.codegen.ExpressionCodegen.visitClass(ExpressionCodegen.kt:1000)
	at org.jetbrains.kotlin.backend.jvm.codegen.ExpressionCodegen.visitClass(ExpressionCodegen.kt:138)
	at org.jetbrains.kotlin.ir.declarations.IrClass.accept(IrClass.kt:72)
	at org.jetbrains.kotlin.backend.jvm.codegen.ExpressionCodegen.visitStatementContainer(ExpressionCodegen.kt:579)
	at org.jetbrains.kotlin.backend.jvm.codegen.ExpressionCodegen.visitContainerExpression(ExpressionCodegen.kt:593)
	at org.jetbrains.kotlin.backend.jvm.codegen.ExpressionCodegen.visitContainerExpression(ExpressionCodegen.kt:138)
	at org.jetbrains.kotlin.ir.visitors.IrElementVisitor$DefaultImpls.visitBlock(IrElementVisitor.kt:122)
	at org.jetbrains.kotlin.backend.jvm.codegen.ExpressionCodegen.visitBlock(ExpressionCodegen.kt:413)
	at org.jetbrains.kotlin.backend.jvm.codegen.ExpressionCodegen.visitBlock(ExpressionCodegen.kt:138)
	at org.jetbrains.kotlin.ir.expressions.IrBlock.accept(IrBlock.kt:18)
	at org.jetbrains.kotlin.backend.jvm.codegen.ExpressionCodegen.gen(ExpressionCodegen.kt:217)
	at org.jetbrains.kotlin.backend.jvm.codegen.IrCallGenerator.genValueAndPut(IrCallGenerator.kt:48)
	at org.jetbrains.kotlin.backend.jvm.codegen.ExpressionCodegen.visitCall$handleParameter(ExpressionCodegen.kt:616)
	at org.jetbrains.kotlin.backend.jvm.codegen.ExpressionCodegen.visitCall(ExpressionCodegen.kt:644)
	at org.jetbrains.kotlin.backend.jvm.codegen.ExpressionCodegen.visitCall(ExpressionCodegen.kt:138)
	at org.jetbrains.kotlin.ir.expressions.IrCall.accept(IrCall.kt:24)
	at org.jetbrains.kotlin.backend.jvm.codegen.ExpressionCodegen.gen(ExpressionCodegen.kt:217)
	at org.jetbrains.kotlin.backend.jvm.codegen.IrCallGenerator.genValueAndPut(IrCallGenerator.kt:48)
	at org.jetbrains.kotlin.backend.jvm.codegen.ExpressionCodegen.visitCall$handleParameter(ExpressionCodegen.kt:616)
	at org.jetbrains.kotlin.backend.jvm.codegen.ExpressionCodegen.visitCall(ExpressionCodegen.kt:644)
	at org.jetbrains.kotlin.backend.jvm.codegen.ExpressionCodegen.visitCall(ExpressionCodegen.kt:138)
	at org.jetbrains.kotlin.ir.expressions.IrCall.accept(IrCall.kt:24)
	at org.jetbrains.kotlin.backend.jvm.codegen.ExpressionCodegen.visitStatementContainer(ExpressionCodegen.kt:579)
	at org.jetbrains.kotlin.backend.jvm.codegen.ExpressionCodegen.visitBlockBody(ExpressionCodegen.kt:584)
	at org.jetbrains.kotlin.backend.jvm.codegen.ExpressionCodegen.visitBlockBody(ExpressionCodegen.kt:138)
	at org.jetbrains.kotlin.ir.expressions.IrBlockBody.accept(IrBlockBody.kt:20)
	at org.jetbrains.kotlin.backend.jvm.codegen.ExpressionCodegen.generate(ExpressionCodegen.kt:240)
	at org.jetbrains.kotlin.backend.jvm.codegen.FunctionCodegen.doGenerate(FunctionCodegen.kt:123)
	at org.jetbrains.kotlin.backend.jvm.codegen.FunctionCodegen.generate(FunctionCodegen.kt:44)
	... 54 more
Caused by: java.lang.RuntimeException: Exception while generating code for:
FUN name:invoke visibility:public modality:FINAL <> ($this:com.nuzio.newsapp.ui.MainActivity.onCreate.<no name provided>.invoke.<no name provided>, $composer:androidx.compose.runtime.Composer?, $changed:kotlin.Int) returnType:kotlin.Unit
  annotations:
    Composable
    ComposableTarget(applier = "androidx.compose.ui.UiComposable")
  overridden:
    public abstract fun invoke (p1: P1 of kotlin.Function2, p2: P2 of kotlin.Function2): R of kotlin.Function2 [operator] declared in kotlin.Function2
  $this: VALUE_PARAMETER INSTANCE_RECEIVER name:<this> type:com.nuzio.newsapp.ui.MainActivity.onCreate.<no name provided>.invoke.<no name provided>
  VALUE_PARAMETER name:$composer index:0 type:androidx.compose.runtime.Composer? [assignable]
  VALUE_PARAMETER name:$changed index:1 type:kotlin.Int
  BLOCK_BODY
    CALL 'public final fun sourceInformation (composer: androidx.compose.runtime.Composer, sourceInformation: kotlin.String): kotlin.Unit declared in androidx.compose.runtime.ComposerKt' type=kotlin.Unit origin=null
      composer: GET_VAR '$composer: androidx.compose.runtime.Composer? [assignable] declared in com.nuzio.newsapp.ui.MainActivity.onCreate.<no name provided>.invoke.<no name provided>.invoke' type=androidx.compose.runtime.Composer? origin=null
      sourceInformation: CONST String type=kotlin.String value="C49@1746L31,52@1919L15,53@1994L16,60@2308L241,66@2588L243,72@2874L242,78@3158L242,84@3419L1787,55@2028L3178:MainActivity.kt#mzidje"
    WHEN type=kotlin.Unit origin=IF
      BRANCH
        if: CALL 'public final fun OROR (arg0: kotlin.Boolean, arg1: kotlin.Boolean): kotlin.Boolean declared in kotlin.internal.ir' type=kotlin.Boolean origin=null
          arg0: CALL 'public final fun not (): kotlin.Boolean [operator] declared in kotlin.Boolean' type=kotlin.Boolean origin=null
            $this: CALL 'public final fun EQEQ (arg0: kotlin.Any?, arg1: kotlin.Any?): kotlin.Boolean declared in kotlin.internal.ir' type=kotlin.Boolean origin=null
              arg0: CALL 'public final fun and (other: kotlin.Int): kotlin.Int [infix] declared in kotlin.Int' type=kotlin.Int origin=null
                $this: GET_VAR '$changed: kotlin.Int declared in com.nuzio.newsapp.ui.MainActivity.onCreate.<no name provided>.invoke.<no name provided>.invoke' type=kotlin.Int origin=null
                other: CONST Int type=kotlin.Int value=3
              arg1: CONST Int type=kotlin.Int value=2
          arg1: CALL 'public final fun not (): kotlin.Boolean [operator] declared in kotlin.Boolean' type=kotlin.Boolean origin=null
            $this: CALL 'public abstract fun <get-skipping> (): kotlin.Boolean declared in androidx.compose.runtime.Composer' type=kotlin.Boolean origin=null
              $this: GET_VAR '$composer: androidx.compose.runtime.Composer? [assignable] declared in com.nuzio.newsapp.ui.MainActivity.onCreate.<no name provided>.invoke.<no name provided>.invoke' type=androidx.compose.runtime.Composer? origin=null
        then: BLOCK type=kotlin.Unit origin=null
          WHEN type=kotlin.Unit origin=IF
            BRANCH
              if: CALL 'public final fun isTraceInProgress (): kotlin.Boolean declared in androidx.compose.runtime.ComposerKt' type=kotlin.Boolean origin=null
              then: CALL 'public final fun traceEventStart (key: kotlin.Int, dirty1: kotlin.Int, dirty2: kotlin.Int, info: kotlin.String): kotlin.Unit declared in androidx.compose.runtime.ComposerKt' type=kotlin.Unit origin=null
                key: CONST Int type=kotlin.Int value=-1314670389
                dirty1: GET_VAR '$changed: kotlin.Int declared in com.nuzio.newsapp.ui.MainActivity.onCreate.<no name provided>.invoke.<no name provided>.invoke' type=kotlin.Int origin=null
                dirty2: CONST Int type=kotlin.Int value=-1
                info: CONST String type=kotlin.String value="com.nuzio.newsapp.ui.MainActivity.onCreate.<anonymous>.<anonymous> (MainActivity.kt:49)"
          VAR name:navController type:androidx.navigation.NavHostController [val]
            CALL 'public final fun rememberAnimatedNavController (vararg navigators: androidx.navigation.Navigator<out androidx.navigation.NavDestination>, $composer: androidx.compose.runtime.Composer?, $changed: kotlin.Int): androidx.navigation.NavHostController declared in com.google.accompanist.navigation.animation.NavHostControllerKt' type=androidx.navigation.NavHostController origin=null
              navigators: CALL 'public final fun arrayOfNulls <T> (size: kotlin.Int): kotlin.Array<T of kotlin.arrayOfNulls?> declared in kotlin' type=kotlin.Array<out androidx.navigation.Navigator<out androidx.navigation.NavDestination>> origin=null
                <T>: androidx.navigation.Navigator<out androidx.navigation.NavDestination>
                size: CONST Int type=kotlin.Int value=0
              $composer: GET_VAR '$composer: androidx.compose.runtime.Composer? [assignable] declared in com.nuzio.newsapp.ui.MainActivity.onCreate.<no name provided>.invoke.<no name provided>.invoke' type=androidx.compose.runtime.Composer? origin=null
              $changed: CONST Int type=kotlin.Int value=0
          VAR name:authViewModel type:com.nuzio.newsapp.ui.viewmodel.AuthViewModel [val]
            CALL 'public final fun hiltViewModel <VM> (viewModelStoreOwner: androidx.lifecycle.ViewModelStoreOwner?, key: kotlin.String?, $composer: androidx.compose.runtime.Composer?, $changed: kotlin.Int, $default: kotlin.Int): VM of androidx.hilt.navigation.compose.HiltViewModelKt.hiltViewModel [inline] declared in androidx.hilt.navigation.compose.HiltViewModelKt' type=com.nuzio.newsapp.ui.viewmodel.AuthViewModel origin=null
              <VM>: com.nuzio.newsapp.ui.viewmodel.AuthViewModel
              viewModelStoreOwner: COMPOSITE type=kotlin.Nothing? origin=DEFAULT_VALUE
                CONST Null type=kotlin.Nothing? value=null
              key: COMPOSITE type=kotlin.Nothing? origin=DEFAULT_VALUE
                CONST Null type=kotlin.Nothing? value=null
              $composer: GET_VAR '$composer: androidx.compose.runtime.Composer? [assignable] declared in com.nuzio.newsapp.ui.MainActivity.onCreate.<no name provided>.invoke.<no name provided>.invoke' type=androidx.compose.runtime.Composer? origin=null
              $changed: CONST Int type=kotlin.Int value=0
              $default: CONST Int type=kotlin.Int value=3
          VAR PROPERTY_DELEGATE name:isSignedIn$delegate type:androidx.compose.runtime.State<kotlin.Boolean> [val]
            CALL 'public final fun collectAsState <T> (context: kotlin.coroutines.CoroutineContext?, $composer: androidx.compose.runtime.Composer?, $changed: kotlin.Int, $default: kotlin.Int): androidx.compose.runtime.State<T of androidx.compose.runtime.SnapshotStateKt.collectAsState> declared in androidx.compose.runtime.SnapshotStateKt' type=androidx.compose.runtime.State<kotlin.Boolean> origin=null
              <T>: kotlin.Boolean
              $receiver: CALL 'public final fun <get-isSignedIn> (): kotlinx.coroutines.flow.StateFlow<kotlin.Boolean> declared in com.nuzio.newsapp.ui.viewmodel.AuthViewModel' type=kotlinx.coroutines.flow.StateFlow<kotlin.Boolean> origin=GET_PROPERTY
                $this: GET_VAR 'val authViewModel: com.nuzio.newsapp.ui.viewmodel.AuthViewModel [val] declared in com.nuzio.newsapp.ui.MainActivity.onCreate.<no name provided>.invoke.<no name provided>.invoke' type=com.nuzio.newsapp.ui.viewmodel.AuthViewModel origin=null
              context: COMPOSITE type=kotlin.Nothing? origin=DEFAULT_VALUE
                CONST Null type=kotlin.Nothing? value=null
              $composer: GET_VAR '$composer: androidx.compose.runtime.Composer? [assignable] declared in com.nuzio.newsapp.ui.MainActivity.onCreate.<no name provided>.invoke.<no name provided>.invoke' type=androidx.compose.runtime.Composer? origin=null
              $changed: CONST Int type=kotlin.Int value=0
              $default: CONST Int type=kotlin.Int value=1
          CALL 'public final fun AnimatedNavHost (navController: androidx.navigation.NavHostController, startDestination: kotlin.String, modifier: androidx.compose.ui.Modifier?, contentAlignment: androidx.compose.ui.Alignment?, route: kotlin.String?, enterTransition: @[ExtensionFunctionType] kotlin.Function1<IrErrorType(null), androidx.compose.animation.EnterTransition>?, exitTransition: @[ExtensionFunctionType] kotlin.Function1<IrErrorType(null), androidx.compose.animation.ExitTransition>?, popEnterTransition: @[ExtensionFunctionType] kotlin.Function1<IrErrorType(null), androidx.compose.animation.EnterTransition>?, popExitTransition: @[ExtensionFunctionType] kotlin.Function1<IrErrorType(null), androidx.compose.animation.ExitTransition>?, builder: @[ExtensionFunctionType] kotlin.Function1<androidx.navigation.NavGraphBuilder, kotlin.Unit>, $composer: androidx.compose.runtime.Composer?, $changed: kotlin.Int, $default: kotlin.Int): kotlin.Unit declared in com.google.accompanist.navigation.animation.AnimatedNavHostKt' type=kotlin.Unit origin=null
            navController: GET_VAR 'val navController: androidx.navigation.NavHostController [val] declared in com.nuzio.newsapp.ui.MainActivity.onCreate.<no name provided>.invoke.<no name provided>.invoke' type=androidx.navigation.NavHostController origin=null
            startDestination: WHEN type=kotlin.String origin=IF
              BRANCH
                if: CALL 'private final fun invoke$lambda$0 ($isSignedIn$delegate: androidx.compose.runtime.State<kotlin.Boolean>): kotlin.Boolean declared in com.nuzio.newsapp.ui.MainActivity.onCreate.<no name provided>.invoke.<no name provided>' type=kotlin.Boolean origin=GET_LOCAL_PROPERTY
                  $isSignedIn$delegate: GET_VAR 'val isSignedIn$delegate: androidx.compose.runtime.State<kotlin.Boolean> [val] declared in com.nuzio.newsapp.ui.MainActivity.onCreate.<no name provided>.invoke.<no name provided>.invoke' type=androidx.compose.runtime.State<kotlin.Boolean> origin=null
                then: CALL 'public final fun <get-route> (): kotlin.String [fake_override] declared in com.nuzio.newsapp.ui.Screen.NewsList' type=kotlin.String origin=GET_PROPERTY
                  $this: GET_FIELD 'FIELD FIELD_FOR_OBJECT_INSTANCE name:INSTANCE type:com.nuzio.newsapp.ui.Screen.NewsList visibility:public [final,static] declared in com.nuzio.newsapp.ui.Screen.NewsList' type=com.nuzio.newsapp.ui.Screen.NewsList origin=null
              BRANCH
                if: CONST Boolean type=kotlin.Boolean value=true
                then: CALL 'public final fun <get-route> (): kotlin.String [fake_override] declared in com.nuzio.newsapp.ui.Screen.Login' type=kotlin.String origin=GET_PROPERTY
                  $this: GET_FIELD 'FIELD FIELD_FOR_OBJECT_INSTANCE name:INSTANCE type:com.nuzio.newsapp.ui.Screen.Login visibility:public [final,static] declared in com.nuzio.newsapp.ui.Screen.Login' type=com.nuzio.newsapp.ui.Screen.Login origin=null
            modifier: COMPOSITE type=kotlin.Nothing? origin=DEFAULT_VALUE
              CONST Null type=kotlin.Nothing? value=null
            contentAlignment: COMPOSITE type=kotlin.Nothing? origin=DEFAULT_VALUE
              CONST Null type=kotlin.Nothing? value=null
            route: COMPOSITE type=kotlin.Nothing? origin=DEFAULT_VALUE
              CONST Null type=kotlin.Nothing? value=null
            enterTransition: BLOCK type=@[ExtensionFunctionType] kotlin.Function1<IrErrorType(null), androidx.compose.animation.EnterTransition> origin=null
              BLOCK type=kotlin.Unit origin=null
                CALL 'public abstract fun startReplaceGroup (key: kotlin.Int): kotlin.Unit declared in androidx.compose.runtime.Composer' type=kotlin.Unit origin=null
                  $this: GET_VAR '$composer: androidx.compose.runtime.Composer? [assignable] declared in com.nuzio.newsapp.ui.MainActivity.onCreate.<no name provided>.invoke.<no name provided>.invoke' type=androidx.compose.runtime.Composer? origin=null
                  key: CONST Int type=kotlin.Int value=-888617832
                CALL 'public final fun sourceInformation (composer: androidx.compose.runtime.Composer, sourceInformation: kotlin.String): kotlin.Unit declared in androidx.compose.runtime.ComposerKt' type=kotlin.Unit origin=null
                  composer: GET_VAR '$composer: androidx.compose.runtime.Composer? [assignable] declared in com.nuzio.newsapp.ui.MainActivity.onCreate.<no name provided>.invoke.<no name provided>.invoke' type=androidx.compose.runtime.Composer? origin=null
                  sourceInformation: CONST String type=kotlin.String value="CC(remember):MainActivity.kt#9igjgp"
              VAR IR_TEMPORARY_VARIABLE name:tmp0_group type:@[ExtensionFunctionType] kotlin.Function1<IrErrorType(null), androidx.compose.animation.EnterTransition> [val]
                CALL 'public final fun cache <T> (invalid: kotlin.Boolean, block: @[DisallowComposableCalls] kotlin.Function0<T of androidx.compose.runtime.ComposerKt.cache>): T of androidx.compose.runtime.ComposerKt.cache [inline] declared in androidx.compose.runtime.ComposerKt' type=@[ExtensionFunctionType] kotlin.Function1<IrErrorType(null), androidx.compose.animation.EnterTransition> origin=null
                  <T>: @[ExtensionFunctionType] kotlin.Function1<IrErrorType(null), androidx.compose.animation.EnterTransition>
                  $receiver: GET_VAR '$composer: androidx.compose.runtime.Composer? [assignable] declared in com.nuzio.newsapp.ui.MainActivity.onCreate.<no name provided>.invoke.<no name provided>.invoke' type=androidx.compose.runtime.Composer? origin=null
                  invalid: CONST Boolean type=kotlin.Boolean value=false
                  block: BLOCK type=kotlin.Function0<@[ExtensionFunctionType] kotlin.Function1<IrErrorType(null), androidx.compose.animation.EnterTransition>> origin=LAMBDA
                    COMPOSITE type=kotlin.Unit origin=null
                    FUNCTION_REFERENCE 'private final fun invoke$lambda$3 (): @[ExtensionFunctionType] kotlin.Function1<IrErrorType(null), androidx.compose.animation.EnterTransition> declared in com.nuzio.newsapp.ui.MainActivity.onCreate.<no name provided>.invoke.<no name provided>' type=kotlin.Function0<@[ExtensionFunctionType] kotlin.Function1<IrErrorType(null), androidx.compose.animation.EnterTransition>> origin=INLINE_LAMBDA reflectionTarget=null
              CALL 'public abstract fun endReplaceGroup (): kotlin.Unit declared in androidx.compose.runtime.Composer' type=kotlin.Unit origin=null
                $this: GET_VAR '$composer: androidx.compose.runtime.Composer? [assignable] declared in com.nuzio.newsapp.ui.MainActivity.onCreate.<no name provided>.invoke.<no name provided>.invoke' type=androidx.compose.runtime.Composer? origin=null
              GET_VAR 'val tmp0_group: @[ExtensionFunctionType] kotlin.Function1<IrErrorType(null), androidx.compose.animation.EnterTransition> [val] declared in com.nuzio.newsapp.ui.MainActivity.onCreate.<no name provided>.invoke.<no name provided>.invoke' type=@[ExtensionFunctionType] kotlin.Function1<IrErrorType(null), androidx.compose.animation.EnterTransition> origin=null
            exitTransition: BLOCK type=@[ExtensionFunctionType] kotlin.Function1<IrErrorType(null), androidx.compose.animation.ExitTransition> origin=null
              BLOCK type=kotlin.Unit origin=null
                CALL 'public abstract fun startReplaceGroup (key: kotlin.Int): kotlin.Unit declared in androidx.compose.runtime.Composer' type=kotlin.Unit origin=null
                  $this: GET_VAR '$composer: androidx.compose.runtime.Composer? [assignable] declared in com.nuzio.newsapp.ui.MainActivity.onCreate.<no name provided>.invoke.<no name provided>.invoke' type=androidx.compose.runtime.Composer? origin=null
                  key: CONST Int type=kotlin.Int value=-888608870
                CALL 'public final fun sourceInformation (composer: androidx.compose.runtime.Composer, sourceInformation: kotlin.String): kotlin.Unit declared in androidx.compose.runtime.ComposerKt' type=kotlin.Unit origin=null
                  composer: GET_VAR '$composer: androidx.compose.runtime.Composer? [assignable] declared in com.nuzio.newsapp.ui.MainActivity.onCreate.<no name provided>.invoke.<no name provided>.invoke' type=androidx.compose.runtime.Composer? origin=null
                  sourceInformation: CONST String type=kotlin.String value="CC(remember):MainActivity.kt#9igjgp"
              VAR IR_TEMPORARY_VARIABLE name:tmp1_group type:@[ExtensionFunctionType] kotlin.Function1<IrErrorType(null), androidx.compose.animation.ExitTransition> [val]
                CALL 'public final fun cache <T> (invalid: kotlin.Boolean, block: @[DisallowComposableCalls] kotlin.Function0<T of androidx.compose.runtime.ComposerKt.cache>): T of androidx.compose.runtime.ComposerKt.cache [inline] declared in androidx.compose.runtime.ComposerKt' type=@[ExtensionFunctionType] kotlin.Function1<IrErrorType(null), androidx.compose.animation.ExitTransition> origin=null
                  <T>: @[ExtensionFunctionType] kotlin.Function1<IrErrorType(null), androidx.compose.animation.ExitTransition>
                  $receiver: GET_VAR '$composer: androidx.compose.runtime.Composer? [assignable] declared in com.nuzio.newsapp.ui.MainActivity.onCreate.<no name provided>.invoke.<no name provided>.invoke' type=androidx.compose.runtime.Composer? origin=null
                  invalid: CONST Boolean type=kotlin.Boolean value=false
                  block: BLOCK type=kotlin.Function0<@[ExtensionFunctionType] kotlin.Function1<IrErrorType(null), androidx.compose.animation.ExitTransition>> origin=LAMBDA
                    COMPOSITE type=kotlin.Unit origin=null
                    FUNCTION_REFERENCE 'private final fun invoke$lambda$6 (): @[ExtensionFunctionType] kotlin.Function1<IrErrorType(null), androidx.compose.animation.ExitTransition> declared in com.nuzio.newsapp.ui.MainActivity.onCreate.<no name provided>.invoke.<no name provided>' type=kotlin.Function0<@[ExtensionFunctionType] kotlin.Function1<IrErrorType(null), androidx.compose.animation.ExitTransition>> origin=INLINE_LAMBDA reflectionTarget=null
              CALL 'public abstract fun endReplaceGroup (): kotlin.Unit declared in androidx.compose.runtime.Composer' type=kotlin.Unit origin=null
                $this: GET_VAR '$composer: androidx.compose.runtime.Composer? [assignable] declared in com.nuzio.newsapp.ui.MainActivity.onCreate.<no name provided>.invoke.<no name provided>.invoke' type=androidx.compose.runtime.Composer? origin=null
              GET_VAR 'val tmp1_group: @[ExtensionFunctionType] kotlin.Function1<IrErrorType(null), androidx.compose.animation.ExitTransition> [val] declared in com.nuzio.newsapp.ui.MainActivity.onCreate.<no name provided>.invoke.<no name provided>.invoke' type=@[ExtensionFunctionType] kotlin.Function1<IrErrorType(null), androidx.compose.animation.ExitTransition> origin=null
            popEnterTransition: BLOCK type=@[ExtensionFunctionType] kotlin.Function1<IrErrorType(null), androidx.compose.animation.EnterTransition> origin=null
              BLOCK type=kotlin.Unit origin=null
                CALL 'public abstract fun startReplaceGroup (key: kotlin.Int): kotlin.Unit declared in androidx.compose.runtime.Composer' type=kotlin.Unit origin=null
                  $this: GET_VAR '$composer: androidx.compose.runtime.Composer? [assignable] declared in com.nuzio.newsapp.ui.MainActivity.onCreate.<no name provided>.invoke.<no name provided>.invoke' type=androidx.compose.runtime.Composer? origin=null
                  key: CONST Int type=kotlin.Int value=-888599719
                CALL 'public final fun sourceInformation (composer: androidx.compose.runtime.Composer, sourceInformation: kotlin.String): kotlin.Unit declared in androidx.compose.runtime.ComposerKt' type=kotlin.Unit origin=null
                  composer: GET_VAR '$composer: androidx.compose.runtime.Composer? [assignable] declared in com.nuzio.newsapp.ui.MainActivity.onCreate.<no name provided>.invoke.<no name provided>.invoke' type=androidx.compose.runtime.Composer? origin=null
                  sourceInformation: CONST String type=kotlin.String value="CC(remember):MainActivity.kt#9igjgp"
              VAR IR_TEMPORARY_VARIABLE name:tmp2_group type:@[ExtensionFunctionType] kotlin.Function1<IrErrorType(null), androidx.compose.animation.EnterTransition> [val]
                CALL 'public final fun cache <T> (invalid: kotlin.Boolean, block: @[DisallowComposableCalls] kotlin.Function0<T of androidx.compose.runtime.ComposerKt.cache>): T of androidx.compose.runtime.ComposerKt.cache [inline] declared in androidx.compose.runtime.ComposerKt' type=@[ExtensionFunctionType] kotlin.Function1<IrErrorType(null), androidx.compose.animation.EnterTransition> origin=null
                  <T>: @[ExtensionFunctionType] kotlin.Function1<IrErrorType(null), androidx.compose.animation.EnterTransition>
                  $receiver: GET_VAR '$composer: androidx.compose.runtime.Composer? [assignable] declared in com.nuzio.newsapp.ui.MainActivity.onCreate.<no name provided>.invoke.<no name provided>.invoke' type=androidx.compose.runtime.Composer? origin=null
                  invalid: CONST Boolean type=kotlin.Boolean value=false
                  block: BLOCK type=kotlin.Function0<@[ExtensionFunctionType] kotlin.Function1<IrErrorType(null), androidx.compose.animation.EnterTransition>> origin=LAMBDA
                    COMPOSITE type=kotlin.Unit origin=null
                    FUNCTION_REFERENCE 'private final fun invoke$lambda$9 (): @[ExtensionFunctionType] kotlin.Function1<IrErrorType(null), androidx.compose.animation.EnterTransition> declared in com.nuzio.newsapp.ui.MainActivity.onCreate.<no name provided>.invoke.<no name provided>' type=kotlin.Function0<@[ExtensionFunctionType] kotlin.Function1<IrErrorType(null), androidx.compose.animation.EnterTransition>> origin=INLINE_LAMBDA reflectionTarget=null
              CALL 'public abstract fun endReplaceGroup (): kotlin.Unit declared in androidx.compose.runtime.Composer' type=kotlin.Unit origin=null
                $this: GET_VAR '$composer: androidx.compose.runtime.Composer? [assignable] declared in com.nuzio.newsapp.ui.MainActivity.onCreate.<no name provided>.invoke.<no name provided>.invoke' type=androidx.compose.runtime.Composer? origin=null
              GET_VAR 'val tmp2_group: @[ExtensionFunctionType] kotlin.Function1<IrErrorType(null), androidx.compose.animation.EnterTransition> [val] declared in com.nuzio.newsapp.ui.MainActivity.onCreate.<no name provided>.invoke.<no name provided>.invoke' type=@[ExtensionFunctionType] kotlin.Function1<IrErrorType(null), androidx.compose.animation.EnterTransition> origin=null
            popExitTransition: BLOCK type=@[ExtensionFunctionType] kotlin.Function1<IrErrorType(null), androidx.compose.animation.ExitTransition> origin=null
              BLOCK type=kotlin.Unit origin=null
                CALL 'public abstract fun startReplaceGroup (key: kotlin.Int): kotlin.Unit declared in androidx.compose.runtime.Composer' type=kotlin.Unit origin=null
                  $this: GET_VAR '$composer: androidx.compose.runtime.Composer? [assignable] declared in com.nuzio.newsapp.ui.MainActivity.onCreate.<no name provided>.invoke.<no name provided>.invoke' type=androidx.compose.runtime.Composer? origin=null
                  key: CONST Int type=kotlin.Int value=-888590631
                CALL 'public final fun sourceInformation (composer: androidx.compose.runtime.Composer, sourceInformation: kotlin.String): kotlin.Unit declared in androidx.compose.runtime.ComposerKt' type=kotlin.Unit origin=null
                  composer: GET_VAR '$composer: androidx.compose.runtime.Composer? [assignable] declared in com.nuzio.newsapp.ui.MainActivity.onCreate.<no name provided>.invoke.<no name provided>.invoke' type=androidx.compose.runtime.Composer? origin=null
                  sourceInformation: CONST String type=kotlin.String value="CC(remember):MainActivity.kt#9igjgp"
              VAR IR_TEMPORARY_VARIABLE name:tmp3_group type:@[ExtensionFunctionType] kotlin.Function1<IrErrorType(null), androidx.compose.animation.ExitTransition> [val]
                CALL 'public final fun cache <T> (invalid: kotlin.Boolean, block: @[DisallowComposableCalls] kotlin.Function0<T of androidx.compose.runtime.ComposerKt.cache>): T of androidx.compose.runtime.ComposerKt.cache [inline] declared in androidx.compose.runtime.ComposerKt' type=@[ExtensionFunctionType] kotlin.Function1<IrErrorType(null), androidx.compose.animation.ExitTransition> origin=null
                  <T>: @[ExtensionFunctionType] kotlin.Function1<IrErrorType(null), androidx.compose.animation.ExitTransition>
                  $receiver: GET_VAR '$composer: androidx.compose.runtime.Composer? [assignable] declared in com.nuzio.newsapp.ui.MainActivity.onCreate.<no name provided>.invoke.<no name provided>.invoke' type=androidx.compose.runtime.Composer? origin=null
                  invalid: CONST Boolean type=kotlin.Boolean value=false
                  block: BLOCK type=kotlin.Function0<@[ExtensionFunctionType] kotlin.Function1<IrErrorType(null), androidx.compose.animation.ExitTransition>> origin=LAMBDA
                    COMPOSITE type=kotlin.Unit origin=null
                    FUNCTION_REFERENCE 'private final fun invoke$lambda$12 (): @[ExtensionFunctionType] kotlin.Function1<IrErrorType(null), androidx.compose.animation.ExitTransition> declared in com.nuzio.newsapp.ui.MainActivity.onCreate.<no name provided>.invoke.<no name provided>' type=kotlin.Function0<@[ExtensionFunctionType] kotlin.Function1<IrErrorType(null), androidx.compose.animation.ExitTransition>> origin=INLINE_LAMBDA reflectionTarget=null
              CALL 'public abstract fun endReplaceGroup (): kotlin.Unit declared in androidx.compose.runtime.Composer' type=kotlin.Unit origin=null
                $this: GET_VAR '$composer: androidx.compose.runtime.Composer? [assignable] declared in com.nuzio.newsapp.ui.MainActivity.onCreate.<no name provided>.invoke.<no name provided>.invoke' type=androidx.compose.runtime.Composer? origin=null
              GET_VAR 'val tmp3_group: @[ExtensionFunctionType] kotlin.Function1<IrErrorType(null), androidx.compose.animation.ExitTransition> [val] declared in com.nuzio.newsapp.ui.MainActivity.onCreate.<no name provided>.invoke.<no name provided>.invoke' type=@[ExtensionFunctionType] kotlin.Function1<IrErrorType(null), androidx.compose.animation.ExitTransition> origin=null
            builder: BLOCK type=@[ExtensionFunctionType] kotlin.Function1<androidx.navigation.NavGraphBuilder, kotlin.Unit> origin=null
              BLOCK type=kotlin.Unit origin=null
                CALL 'public abstract fun startReplaceGroup (key: kotlin.Int): kotlin.Unit declared in androidx.compose.runtime.Composer' type=kotlin.Unit origin=null
                  $this: GET_VAR '$composer: androidx.compose.runtime.Composer? [assignable] declared in com.nuzio.newsapp.ui.MainActivity.onCreate.<no name provided>.invoke.<no name provided>.invoke' type=androidx.compose.runtime.Composer? origin=null
                  key: CONST Int type=kotlin.Int value=-888580734
                CALL 'public final fun sourceInformation (composer: androidx.compose.runtime.Composer, sourceInformation: kotlin.String): kotlin.Unit declared in androidx.compose.runtime.ComposerKt' type=kotlin.Unit origin=null
                  composer: GET_VAR '$composer: androidx.compose.runtime.Composer? [assignable] declared in com.nuzio.newsapp.ui.MainActivity.onCreate.<no name provided>.invoke.<no name provided>.invoke' type=androidx.compose.runtime.Composer? origin=null
                  sourceInformation: CONST String type=kotlin.String value="CC(remember):MainActivity.kt#9igjgp"
              VAR IR_TEMPORARY_VARIABLE name:tmp4_group type:@[ExtensionFunctionType] kotlin.Function1<androidx.navigation.NavGraphBuilder, kotlin.Unit> [val]
                CALL 'public final fun cache <T> (invalid: kotlin.Boolean, block: @[DisallowComposableCalls] kotlin.Function0<T of androidx.compose.runtime.ComposerKt.cache>): T of androidx.compose.runtime.ComposerKt.cache [inline] declared in androidx.compose.runtime.ComposerKt' type=@[ExtensionFunctionType] kotlin.Function1<androidx.navigation.NavGraphBuilder, kotlin.Unit> origin=null
                  <T>: @[ExtensionFunctionType] kotlin.Function1<androidx.navigation.NavGraphBuilder, kotlin.Unit>
                  $receiver: GET_VAR '$composer: androidx.compose.runtime.Composer? [assignable] declared in com.nuzio.newsapp.ui.MainActivity.onCreate.<no name provided>.invoke.<no name provided>.invoke' type=androidx.compose.runtime.Composer? origin=null
                  invalid: CALL 'public final fun or (other: kotlin.Boolean): kotlin.Boolean [infix] declared in kotlin.Boolean' type=kotlin.Boolean origin=null
                    $this: CALL 'public open fun changedInstance (value: kotlin.Any?): kotlin.Boolean declared in androidx.compose.runtime.Composer' type=kotlin.Boolean origin=null
                      $this: GET_VAR '$composer: androidx.compose.runtime.Composer? [assignable] declared in com.nuzio.newsapp.ui.MainActivity.onCreate.<no name provided>.invoke.<no name provided>.invoke' type=androidx.compose.runtime.Composer? origin=null
                      value: GET_FIELD 'FIELD FIELD_FOR_CAPTURED_VALUE name:this$0 type:com.nuzio.newsapp.ui.MainActivity visibility:public/*package*/ [final] declared in com.nuzio.newsapp.ui.MainActivity.onCreate.<no name provided>.invoke.<no name provided>' type=com.nuzio.newsapp.ui.MainActivity origin=null
                        receiver: GET_VAR '<this>: com.nuzio.newsapp.ui.MainActivity.onCreate.<no name provided>.invoke.<no name provided> declared in com.nuzio.newsapp.ui.MainActivity.onCreate.<no name provided>.invoke.<no name provided>.invoke' type=com.nuzio.newsapp.ui.MainActivity.onCreate.<no name provided>.invoke.<no name provided> origin=null
                    other: CALL 'public open fun changedInstance (value: kotlin.Any?): kotlin.Boolean declared in androidx.compose.runtime.Composer' type=kotlin.Boolean origin=null
                      $this: GET_VAR '$composer: androidx.compose.runtime.Composer? [assignable] declared in com.nuzio.newsapp.ui.MainActivity.onCreate.<no name provided>.invoke.<no name provided>.invoke' type=androidx.compose.runtime.Composer? origin=null
                      value: GET_VAR 'val navController: androidx.navigation.NavHostController [val] declared in com.nuzio.newsapp.ui.MainActivity.onCreate.<no name provided>.invoke.<no name provided>.invoke' type=androidx.navigation.NavHostController origin=null
                  block: BLOCK type=kotlin.Function0<@[ExtensionFunctionType] kotlin.Function1<androidx.navigation.NavGraphBuilder, kotlin.Unit>> origin=LAMBDA
                    COMPOSITE type=kotlin.Unit origin=null
                    FUNCTION_REFERENCE 'private final fun invoke$lambda$14 (this$0: com.nuzio.newsapp.ui.MainActivity, $navController: androidx.navigation.NavHostController): @[ExtensionFunctionType] kotlin.Function1<androidx.navigation.NavGraphBuilder, kotlin.Unit> declared in com.nuzio.newsapp.ui.MainActivity.onCreate.<no name provided>.invoke.<no name provided>' type=kotlin.Function0<@[ExtensionFunctionType] kotlin.Function1<androidx.navigation.NavGraphBuilder, kotlin.Unit>> origin=INLINE_LAMBDA reflectionTarget=null
                      this$0: GET_FIELD 'FIELD FIELD_FOR_CAPTURED_VALUE name:this$0 type:com.nuzio.newsapp.ui.MainActivity visibility:public/*package*/ [final] declared in com.nuzio.newsapp.ui.MainActivity.onCreate.<no name provided>.invoke.<no name provided>' type=com.nuzio.newsapp.ui.MainActivity origin=null
                        receiver: GET_VAR '<this>: com.nuzio.newsapp.ui.MainActivity.onCreate.<no name provided>.invoke.<no name provided> declared in com.nuzio.newsapp.ui.MainActivity.onCreate.<no name provided>.invoke.<no name provided>.invoke' type=com.nuzio.newsapp.ui.MainActivity.onCreate.<no name provided>.invoke.<no name provided> origin=null
                      $navController: GET_VAR 'val navController: androidx.navigation.NavHostController [val] declared in com.nuzio.newsapp.ui.MainActivity.onCreate.<no name provided>.invoke.<no name provided>.invoke' type=androidx.navigation.NavHostController origin=null
              CALL 'public abstract fun endReplaceGroup (): kotlin.Unit declared in androidx.compose.runtime.Composer' type=kotlin.Unit origin=null
                $this: GET_VAR '$composer: androidx.compose.runtime.Composer? [assignable] declared in com.nuzio.newsapp.ui.MainActivity.onCreate.<no name provided>.invoke.<no name provided>.invoke' type=androidx.compose.runtime.Composer? origin=null
              GET_VAR 'val tmp4_group: @[ExtensionFunctionType] kotlin.Function1<androidx.navigation.NavGraphBuilder, kotlin.Unit> [val] declared in com.nuzio.newsapp.ui.MainActivity.onCreate.<no name provided>.invoke.<no name provided>.invoke' type=@[ExtensionFunctionType] kotlin.Function1<androidx.navigation.NavGraphBuilder, kotlin.Unit> origin=null
            $composer: GET_VAR '$composer: androidx.compose.runtime.Composer? [assignable] declared in com.nuzio.newsapp.ui.MainActivity.onCreate.<no name provided>.invoke.<no name provided>.invoke' type=androidx.compose.runtime.Composer? origin=null
            $changed: CONST Int type=kotlin.Int value=115015680
            $default: CONST Int type=kotlin.Int value=28
          WHEN type=kotlin.Unit origin=IF
            BRANCH
              if: CALL 'public final fun isTraceInProgress (): kotlin.Boolean declared in androidx.compose.runtime.ComposerKt' type=kotlin.Boolean origin=null
              then: CALL 'public final fun traceEventEnd (): kotlin.Unit declared in androidx.compose.runtime.ComposerKt' type=kotlin.Unit origin=null
      BRANCH
        if: CONST Boolean type=kotlin.Boolean value=true
        then: CALL 'public abstract fun skipToGroupEnd (): kotlin.Unit declared in androidx.compose.runtime.Composer' type=kotlin.Unit origin=null
          $this: GET_VAR '$composer: androidx.compose.runtime.Composer? [assignable] declared in com.nuzio.newsapp.ui.MainActivity.onCreate.<no name provided>.invoke.<no name provided>.invoke' type=androidx.compose.runtime.Composer? origin=null

	at org.jetbrains.kotlin.backend.jvm.codegen.FunctionCodegen.generate(FunctionCodegen.kt:47)
	at org.jetbrains.kotlin.backend.jvm.codegen.FunctionCodegen.generate$default(FunctionCodegen.kt:40)
	at org.jetbrains.kotlin.backend.jvm.codegen.ClassCodegen.generateMethodNode(ClassCodegen.kt:406)
	at org.jetbrains.kotlin.backend.jvm.codegen.ClassCodegen.generateMethod(ClassCodegen.kt:423)
	at org.jetbrains.kotlin.backend.jvm.codegen.ClassCodegen.generate(ClassCodegen.kt:168)
	at org.jetbrains.kotlin.backend.jvm.codegen.ExpressionCodegen.visitClass(ExpressionCodegen.kt:1000)
	at org.jetbrains.kotlin.backend.jvm.codegen.ExpressionCodegen.visitClass(ExpressionCodegen.kt:138)
	at org.jetbrains.kotlin.ir.declarations.IrClass.accept(IrClass.kt:72)
	at org.jetbrains.kotlin.backend.jvm.codegen.ExpressionCodegen.visitStatementContainer(ExpressionCodegen.kt:579)
	at org.jetbrains.kotlin.backend.jvm.codegen.ExpressionCodegen.visitContainerExpression(ExpressionCodegen.kt:593)
	at org.jetbrains.kotlin.backend.jvm.codegen.ExpressionCodegen.visitContainerExpression(ExpressionCodegen.kt:138)
	at org.jetbrains.kotlin.ir.visitors.IrElementVisitor$DefaultImpls.visitBlock(IrElementVisitor.kt:122)
	at org.jetbrains.kotlin.backend.jvm.codegen.ExpressionCodegen.visitBlock(ExpressionCodegen.kt:413)
	at org.jetbrains.kotlin.backend.jvm.codegen.ExpressionCodegen.visitBlock(ExpressionCodegen.kt:138)
	at org.jetbrains.kotlin.ir.expressions.IrBlock.accept(IrBlock.kt:18)
	at org.jetbrains.kotlin.backend.jvm.codegen.ExpressionCodegen.gen(ExpressionCodegen.kt:217)
	at org.jetbrains.kotlin.backend.jvm.codegen.IrCallGenerator.genValueAndPut(IrCallGenerator.kt:48)
	at org.jetbrains.kotlin.backend.jvm.codegen.ExpressionCodegen.visitCall$handleParameter(ExpressionCodegen.kt:616)
	at org.jetbrains.kotlin.backend.jvm.codegen.ExpressionCodegen.visitCall(ExpressionCodegen.kt:644)
	at org.jetbrains.kotlin.backend.jvm.codegen.ExpressionCodegen.visitCall(ExpressionCodegen.kt:138)
	at org.jetbrains.kotlin.ir.expressions.IrCall.accept(IrCall.kt:24)
	at org.jetbrains.kotlin.backend.jvm.codegen.ExpressionCodegen.gen(ExpressionCodegen.kt:217)
	at org.jetbrains.kotlin.backend.jvm.codegen.IrCallGenerator.genValueAndPut(IrCallGenerator.kt:48)
	at org.jetbrains.kotlin.backend.jvm.codegen.ExpressionCodegen.visitCall$handleParameter(ExpressionCodegen.kt:616)
	at org.jetbrains.kotlin.backend.jvm.codegen.ExpressionCodegen.visitCall(ExpressionCodegen.kt:644)
	at org.jetbrains.kotlin.backend.jvm.codegen.ExpressionCodegen.visitCall(ExpressionCodegen.kt:138)
	at org.jetbrains.kotlin.ir.expressions.IrCall.accept(IrCall.kt:24)
	at org.jetbrains.kotlin.backend.jvm.codegen.ExpressionCodegen.visitStatementContainer(ExpressionCodegen.kt:579)
	at org.jetbrains.kotlin.backend.jvm.codegen.ExpressionCodegen.visitContainerExpression(ExpressionCodegen.kt:593)
	at org.jetbrains.kotlin.backend.jvm.codegen.ExpressionCodegen.visitContainerExpression(ExpressionCodegen.kt:138)
	at org.jetbrains.kotlin.ir.visitors.IrElementVisitor$DefaultImpls.visitBlock(IrElementVisitor.kt:122)
	at org.jetbrains.kotlin.backend.jvm.codegen.ExpressionCodegen.visitBlock(ExpressionCodegen.kt:413)
	at org.jetbrains.kotlin.backend.jvm.codegen.ExpressionCodegen.visitBlock(ExpressionCodegen.kt:138)
	at org.jetbrains.kotlin.ir.expressions.IrBlock.accept(IrBlock.kt:18)
	at org.jetbrains.kotlin.backend.jvm.codegen.ExpressionCodegen.visitWhen(ExpressionCodegen.kt:1101)
	at org.jetbrains.kotlin.backend.jvm.codegen.ExpressionCodegen.visitWhen(ExpressionCodegen.kt:138)
	at org.jetbrains.kotlin.ir.expressions.IrWhen.accept(IrWhen.kt:24)
	at org.jetbrains.kotlin.backend.jvm.codegen.ExpressionCodegen.visitStatementContainer(ExpressionCodegen.kt:579)
	at org.jetbrains.kotlin.backend.jvm.codegen.ExpressionCodegen.visitBlockBody(ExpressionCodegen.kt:584)
	at org.jetbrains.kotlin.backend.jvm.codegen.ExpressionCodegen.visitBlockBody(ExpressionCodegen.kt:138)
	at org.jetbrains.kotlin.ir.expressions.IrBlockBody.accept(IrBlockBody.kt:20)
	at org.jetbrains.kotlin.backend.jvm.codegen.ExpressionCodegen.generate(ExpressionCodegen.kt:240)
	at org.jetbrains.kotlin.backend.jvm.codegen.FunctionCodegen.doGenerate(FunctionCodegen.kt:123)
	at org.jetbrains.kotlin.backend.jvm.codegen.FunctionCodegen.generate(FunctionCodegen.kt:44)
	... 87 more
Caused by: java.lang.IllegalStateException: Type org.jetbrains.kotlin.ir.types.impl.IrErrorTypeImpl@43744a0c has no arguments
	at org.jetbrains.kotlin.ir.types.IrTypeSystemContext$DefaultImpls.getArguments(IrTypeSystemContext.kt:131)
	at org.jetbrains.kotlin.backend.jvm.JvmIrTypeSystemContext.getArguments(JvmIrTypeSystemContext.kt:21)
	at org.jetbrains.kotlin.codegen.CodegenUtilKt.extractUsedReifiedParameters$lambda$17$visit(codegenUtil.kt:407)
	at org.jetbrains.kotlin.codegen.CodegenUtilKt.extractUsedReifiedParameters$lambda$17$visit(codegenUtil.kt:409)
	at org.jetbrains.kotlin.codegen.CodegenUtilKt.extractUsedReifiedParameters(codegenUtil.kt:417)
	at org.jetbrains.kotlin.codegen.inline.TypeParameterMappings.<init>(ReifiedTypeInliner.kt:423)
	at org.jetbrains.kotlin.backend.jvm.codegen.ExpressionCodegen.getOrCreateCallGenerator(ExpressionCodegen.kt:1609)
	at org.jetbrains.kotlin.backend.jvm.codegen.ExpressionCodegen.visitCall(ExpressionCodegen.kt:606)
	at org.jetbrains.kotlin.backend.jvm.codegen.ExpressionCodegen.visitCall(ExpressionCodegen.kt:138)
	at org.jetbrains.kotlin.ir.expressions.IrCall.accept(IrCall.kt:24)
	at org.jetbrains.kotlin.backend.jvm.codegen.ExpressionCodegen.visitVariable(ExpressionCodegen.kt:790)
	at org.jetbrains.kotlin.backend.jvm.codegen.ExpressionCodegen.visitVariable(ExpressionCodegen.kt:138)
	at org.jetbrains.kotlin.ir.declarations.IrVariable.accept(IrVariable.kt:36)
	at org.jetbrains.kotlin.backend.jvm.codegen.ExpressionCodegen.visitStatementContainer(ExpressionCodegen.kt:579)
	at org.jetbrains.kotlin.backend.jvm.codegen.ExpressionCodegen.visitContainerExpression(ExpressionCodegen.kt:593)
	at org.jetbrains.kotlin.backend.jvm.codegen.ExpressionCodegen.visitContainerExpression(ExpressionCodegen.kt:138)
	at org.jetbrains.kotlin.ir.visitors.IrElementVisitor$DefaultImpls.visitBlock(IrElementVisitor.kt:122)
	at org.jetbrains.kotlin.backend.jvm.codegen.ExpressionCodegen.visitBlock(ExpressionCodegen.kt:413)
	at org.jetbrains.kotlin.backend.jvm.codegen.ExpressionCodegen.visitBlock(ExpressionCodegen.kt:138)
	at org.jetbrains.kotlin.ir.expressions.IrBlock.accept(IrBlock.kt:18)
	at org.jetbrains.kotlin.backend.jvm.codegen.ExpressionCodegen.gen(ExpressionCodegen.kt:217)
	at org.jetbrains.kotlin.backend.jvm.codegen.IrCallGenerator.genValueAndPut(IrCallGenerator.kt:48)
	at org.jetbrains.kotlin.backend.jvm.codegen.ExpressionCodegen.visitCall$handleParameter(ExpressionCodegen.kt:616)
	at org.jetbrains.kotlin.backend.jvm.codegen.ExpressionCodegen.visitCall(ExpressionCodegen.kt:644)
	at org.jetbrains.kotlin.backend.jvm.codegen.ExpressionCodegen.visitCall(ExpressionCodegen.kt:138)
	at org.jetbrains.kotlin.ir.expressions.IrCall.accept(IrCall.kt:24)
	at org.jetbrains.kotlin.backend.jvm.codegen.ExpressionCodegen.visitStatementContainer(ExpressionCodegen.kt:579)
	at org.jetbrains.kotlin.backend.jvm.codegen.ExpressionCodegen.visitContainerExpression(ExpressionCodegen.kt:593)
	at org.jetbrains.kotlin.backend.jvm.codegen.ExpressionCodegen.visitContainerExpression(ExpressionCodegen.kt:138)
	at org.jetbrains.kotlin.ir.visitors.IrElementVisitor$DefaultImpls.visitBlock(IrElementVisitor.kt:122)
	at org.jetbrains.kotlin.backend.jvm.codegen.ExpressionCodegen.visitBlock(ExpressionCodegen.kt:413)
	at org.jetbrains.kotlin.backend.jvm.codegen.ExpressionCodegen.visitBlock(ExpressionCodegen.kt:138)
	at org.jetbrains.kotlin.ir.expressions.IrBlock.accept(IrBlock.kt:18)
	at org.jetbrains.kotlin.backend.jvm.codegen.ExpressionCodegen.visitWhen(ExpressionCodegen.kt:1101)
	at org.jetbrains.kotlin.backend.jvm.codegen.ExpressionCodegen.visitWhen(ExpressionCodegen.kt:138)
	at org.jetbrains.kotlin.ir.expressions.IrWhen.accept(IrWhen.kt:24)
	at org.jetbrains.kotlin.backend.jvm.codegen.ExpressionCodegen.visitStatementContainer(ExpressionCodegen.kt:579)
	at org.jetbrains.kotlin.backend.jvm.codegen.ExpressionCodegen.visitBlockBody(ExpressionCodegen.kt:584)
	at org.jetbrains.kotlin.backend.jvm.codegen.ExpressionCodegen.visitBlockBody(ExpressionCodegen.kt:138)
	at org.jetbrains.kotlin.ir.expressions.IrBlockBody.accept(IrBlockBody.kt:20)
	at org.jetbrains.kotlin.backend.jvm.codegen.ExpressionCodegen.generate(ExpressionCodegen.kt:240)
	at org.jetbrains.kotlin.backend.jvm.codegen.FunctionCodegen.doGenerate(FunctionCodegen.kt:123)
	at org.jetbrains.kotlin.backend.jvm.codegen.FunctionCodegen.generate(FunctionCodegen.kt:44)
	... 130 more


